row_id,year,id,GDP（亿元）,第一产业增加值（亿元）,第二产业增加值（亿元）,第三产业增加值（亿元）,第一产业占比,第二产业占比,第三产业占比,自2014年开始统计年鉴采用 一二三产业增加值
1,2001,北京,2845.65,93.08,1030.6,1721.97,0.0327095742624708,0.36216681601743,0.605123609720099,
2,2001,天津,1840.1,78.55,904.64,856.91,0.0426878973968806,0.491625455138308,0.465686647464812,
3,2001,河北,5577.78,913.9,2767.41,1896.47,0.163846548268307,0.496149005518324,0.340004446213368,
4,2001,山西,1779.97,171.09,917.98,690.9,0.0961195975213065,0.515727793165053,0.38815260931364,
5,2001,内蒙古,1545.79,358.89,626.47,560.43,0.232172546076763,0.405274972667697,0.362552481255539,
6,2001,辽宁,5033.08,544.44,2440.55,2048.09,0.108172331852464,0.484901889101703,0.406925779045833,
7,2001,吉林,2032.48,409.1,880.84,742.54,0.201281193418877,0.433381878296465,0.365336928284657,
8,2001,黑龙江,3561.0,409.3,1998.74,1152.96,0.114939623701208,0.561286155574277,0.323774220724516,
9,2001,上海,4950.84,85.5,2355.53,2509.81,0.0172697966405701,0.475783907377334,0.506946295982096,
10,2001,江苏,9511.91,1082.43,4907.46,3522.02,0.113797334079065,0.515927926147325,0.37027473977361,
11,2001,浙江,6748.15,695.15,3459.75,2593.25,0.103013418492476,0.512696072256841,0.384290509250684,
12,2001,安徽,3290.13,750.07,1415.32,1124.74,0.227975794269527,0.430171452191859,0.341852753538614,
13,2001,福建,4253.68,651.11,1904.21,1698.36,0.153069812491772,0.447661789321247,0.399268398186982,
14,2001,江西,2175.68,506.0,788.12,881.56,0.232570966318576,0.362240770701574,0.40518826297985,
15,2001,山东,9438.31,1359.49,4654.51,3424.31,0.144039557929333,0.493150786528521,0.362809655542147,
16,2001,河南,5640.11,1234.34,2659.04,1746.73,0.218850341571352,0.471451797925927,0.309697860502721,
17,2001,湖北,4662.28,692.17,2313.66,1656.45,0.148461696852184,0.49625076143003,0.355287541717786,
18,2001,湖南,3983.0,825.73,1573.0,1584.27,0.207313582726588,0.394928445895054,0.397757971378358,
19,2001,广东,10647.7106391774,1004.35,5341.60858654793,4301.75205262944,0.0943254408421445,0.501667331838819,0.404007227319034,
20,2001,广西,2231.19,562.52,791.85,876.82,0.252116583527176,0.354900299839996,0.392983116632828,
21,2001,海南,545.96,201.79,111.25,232.92,0.369605831929079,0.203769506923584,0.426624661147337,
22,2001,重庆,1749.77,293.03,727.66,729.08,0.167467724329483,0.415860370220086,0.416671905450431,
23,2001,四川,4421.76,981.68,1756.86,1683.22,0.222011144883485,0.397321428571429,0.380667426545086,
24,2001,贵州,1084.9,274.17,419.74,390.99,0.252714535901926,0.386892801179832,0.360392662918241,
25,2001,云南,2074.71,450.54,881.49,742.68,0.21715806064462,0.424873837789378,0.357968101566002,
26,2001,西藏,138.73,37.47,32.18,69.08,0.270092986376415,0.231961363800187,0.497945649823398,
27,2001,陕西,1844.27,287.24,816.34,740.69,0.155747260433668,0.442635839654714,0.401616899911618,
28,2001,甘肃,1072.51,207.05,481.07,384.39,0.193051813036708,0.448545934303643,0.358402252659649,
29,2001,青海,300.95,42.79,132.18,125.98,0.14218308689151,0.439209170958631,0.418607742149859,
30,2001,宁夏,298.38,49.57,134.37,114.44,0.166130437696897,0.450331791675045,0.383537770628058,
31,2001,新疆,1485.48,288.12,630.37,566.99,0.193957508684062,0.424354417427364,0.381688073888575,
32,2002,北京,3212.71,98.05,1116.53,1998.13,0.0305194057353449,0.34753525839556,0.621945335869095,
33,2002,天津,2051.16,84.0,1001.9,965.26,0.0409524366699819,0.488455313091129,0.470592250238889,
34,2002,河北,6122.53,957.01,3046.0,2119.52,0.156309564836759,0.49750674966068,0.346183685502562,
35,2002,山西,2017.54,197.8,1083.79,735.95,0.0980401875551414,0.537183897221369,0.36477591522349,
36,2002,内蒙古,1734.3089453,374.6889453,728.34,631.28,0.216045097567773,0.419959778200886,0.363995124231341,
37,2002,辽宁,5458.22,590.2,2609.85,2258.17,0.108130489426956,0.478150386023282,0.413719124549762,
38,2002,吉林,2246.12,446.17,978.37,821.58,0.198640321977454,0.435582248499635,0.365777429522911,
39,2002,黑龙江,3882.16,447.0,2169.15,1266.01,0.115142085849115,0.558748222638943,0.326109691511942,
40,2002,上海,5408.76,88.24,2564.69,2755.83,0.0163142753607111,0.474173378001612,0.509512346637677,
41,2002,江苏,10631.75,1119.12,5550.98,3961.65,0.105262068803348,0.522113480847462,0.37262445034919,
42,2002,浙江,7796.0,694.0,3982.0,3120.0,0.0890200102616727,0.510774756285274,0.400205233453053,
43,2002,安徽,3569.1,772.55,1552.21,1244.34,0.216455128743941,0.434902356336331,0.348642514919728,
44,2002,福建,4682.01,664.78,2159.94,1857.29,0.141986027368587,0.461327506775936,0.396686465855477,
45,2002,江西,2450.48,535.98,951.77,962.73,0.218724494792857,0.388401456041265,0.392874049165878,
46,2002,山东,10552.0563300295,1390.0,5309.53633002952,3852.52,0.131727879052757,0.503175510437659,0.365096610509587,
47,2002,河南,6168.73,1288.36,2951.06,1929.31,0.208853362037243,0.478390203494074,0.312756434468683,
48,2002,湖北,4975.63,707.0,2446.05,1822.58,0.142092559133215,0.491606088073269,0.366301352793516,
49,2002,湖南,4340.94,847.25,1737.2,1756.49,0.195176620731915,0.400189820637926,0.404633558630158,
50,2002,广东,11769.7310763847,1032.80071284387,5935.63,4801.30036354081,0.0877505786785669,0.504313136933902,0.407936284387529,
51,2002,广西,2455.36,595.68,863.96,995.72,0.242603935879056,0.351866936009384,0.40552912811156,
52,2002,海南,604.13,228.95,125.33,249.85,0.378974723983249,0.207455349014285,0.413569927002466,
53,2002,重庆,1971.3,315.78,827.55,827.97,0.160188707959215,0.419799117333739,0.420012174707046,
54,2002,四川,4875.12,1027.62,1982.44,1865.06,0.210788657509969,0.4066443492673,0.382566993222731,
55,2002,贵州,1185.04,280.83,474.68,429.53,0.236979342469453,0.400560318639033,0.362460338891514,
56,2002,云南,2232.32,470.5,951.48,810.34,0.210767273509174,0.426229214449541,0.363003512041284,
57,2002,西藏,161.42,39.68,32.93,88.81,0.245818362036922,0.204001982406145,0.550179655556932,
58,2002,陕西,2035.96,303.79,925.78,806.39,0.149212165268473,0.454714238000747,0.396073596730781,
59,2002,甘肃,1161.43,214.45,530.36,416.62,0.184643069319718,0.456643964767571,0.358712965912711,
60,2002,青海,341.11,44.9,154.01,142.2,0.131629093254375,0.451496584679429,0.416874322066196,
61,2002,宁夏,329.28,52.84,151.16,125.28,0.160471331389699,0.459062196307094,0.380466472303207,
62,2002,新疆,1598.28,305.0,672.1,621.18,0.190830142403083,0.42051455314463,0.388655304452286,
63,2003,北京,3663.1,95.64,1311.86,2255.6,0.0261090333324234,0.3581283612241,0.615762605443477,
64,2003,天津,2447.66,89.66,1245.29,1112.71,0.0366309046191056,0.508767557585612,0.454601537795282,
65,2003,河北,7098.56,1064.33,3657.19,2377.04,0.149936043366542,0.515201674705856,0.334862281927602,
66,2003,山西,2456.59,215.19,1389.33,852.07,0.0875970349142511,0.565552249256083,0.346850715829666,
67,2003,内蒙古,2150.41489715051,420.09929715051,973.9356,756.38,0.195357322769285,0.452905902619327,0.351736774611388,
68,2003,辽宁,6002.54,615.8,2898.89,2487.85,0.102589903607473,0.4829438870878,0.414466209304728,
69,2003,吉林,2522.62,486.9,1143.39,892.33,0.193013612831104,0.453254949219462,0.353731437949434,
70,2003,黑龙江,4430.0,500.8,2532.45,1396.75,0.113047404063205,0.57165914221219,0.315293453724605,
71,2003,上海,6250.81,90.64,3130.72,3029.45,0.0145005207325131,0.500850289802442,0.484649189465045,
72,2003,江苏,12460.83,1106.35,6787.11,4567.37,0.0887862205005606,0.544675595445889,0.36653818405355,
73,2003,浙江,9395.0,728.0,4941.0,3726.0,0.0774880255455029,0.525918041511442,0.396593932943055,
74,2003,安徽,3972.38,732.81,1780.6,1458.97,0.184476308913045,0.448245132640885,0.36727855844607,
75,2003,福建,5232.17,692.94,2492.73,2046.5,0.132438357316372,0.476423740054318,0.391137902629311,
76,2003,江西,2830.46,560.0,1227.38,1043.08,0.197847699667192,0.433632695745568,0.36851960458724,
77,2003,山东,12435.93,1480.67,6656.85,4298.41,0.119063873791506,0.53529169109186,0.345644435116634,
78,2003,河南,7048.59,1239.7,3551.94,2256.95,0.175879147460698,0.503922061007946,0.320198791531356,
79,2003,湖北,5401.71,798.35,2580.58,2022.78,0.147795790592238,0.477733902782637,0.374470306625124,
80,2003,湖南,4638.73,886.47,1794.21,1958.05,0.191101874866612,0.386789056487444,0.422109068645944,
81,2003,广东,13625.8661279556,1093.51909697281,7307.08,5225.26703098278,0.0802531807302351,0.536265359675623,0.383481459594141,
82,2003,广西,2735.13,652.28,1007.96,1074.89,0.238482265925203,0.368523616793352,0.392994117281446,
83,2003,海南,670.93,248.33,151.16,271.44,0.370128031240219,0.225299211542188,0.404572757217594,
84,2003,重庆,2250.56,336.36,977.3,936.9,0.149456135361865,0.434247476183705,0.416296388454429,
85,2003,四川,5456.32,1128.61,2266.06,2061.65,0.206844539909683,0.415309219400622,0.377846240689696,
86,2003,贵州,1356.11,298.37,579.31,478.43,0.220019025005346,0.427185110352405,0.352795864642249,
87,2003,云南,2465.29,502.84,1069.29,893.16,0.203967890187361,0.43373801865095,0.362294091161689,
88,2003,西藏,184.5,40.62,47.99,95.89,0.220162601626016,0.260108401084011,0.519728997289973,
89,2003,陕西,2398.58,320.03,1133.56,944.99,0.133424776325993,0.472596286135964,0.393978937538043,
90,2003,甘肃,1304.6,236.61,607.62,460.37,0.181365935919056,0.465751954622106,0.352882109458838,
91,2003,青海,390.21,46.15,184.26,159.8,0.118269649675816,0.472207273006842,0.409523077317342,
92,2003,宁夏,385.34,55.5,192.0,137.84,0.144028650023356,0.498261275756475,0.357710074220169,
93,2003,新疆,1877.61,412.9,796.84,667.87,0.219907222479642,0.424390581643685,0.355702195876673,
94,2004,北京,4283.31,102.9,1610.37,2570.04,0.0240234771706928,0.375963915756739,0.600012607072568,
95,2004,天津,2931.88,102.29,1560.16,1269.43,0.0348888767616683,0.532136376659345,0.432974746578987,
96,2004,河北,8768.79,1370.4,4635.23,2763.16,0.156281539414218,0.528605429027266,0.315113031558516,
97,2004,山西,3042.41,253.37,1810.08,978.96,0.0832793739173879,0.594949398667504,0.321771227415108,
98,2004,内蒙古,2712.07732922406,506.07,1332.4728075,873.534521724057,0.186598661677833,0.491310772425957,0.322090565896209,
99,2004,辽宁,6872.65209460352,769.8962,3278.88481889235,2823.87107571117,0.112023159240744,0.47709163416943,0.410885206589826,
100,2004,吉林,2958.21,560.96,1379.31,1017.94,0.189628187315978,0.466265072459359,0.344106740224663,
101,2004,黑龙江,5303.00409487135,587.756262768,3155.33246305,1559.91536905335,0.110834585878678,0.59500849077254,0.294156923348782,
102,2004,上海,7450.27,96.71,3788.22,3565.34,0.0129807376108517,0.508467478359845,0.478551784029304,
103,2004,江苏,15403.16452869,1315.38,8716.10685692,5371.67767177,0.0853967376346573,0.565864685836819,0.348738576528524,
104,2004,浙江,11243.0,816.0,6045.0,4382.0,0.0725784932847105,0.537667882237837,0.389753624477453,
105,2004,安徽,4812.68,932.42,2169.82,1710.44,0.193742363921973,0.450854825170175,0.355402810907852,
106,2004,福建,6053.14,777.87,2950.33,2324.94,0.128506857597875,0.487404884076694,0.384088258325431,
107,2004,江西,3495.94,711.7,1595.74,1188.5,0.203579008793057,0.456455202320406,0.339965788886537,
108,2004,山东,15490.73,1778.3,8724.52,4987.91,0.114797688682199,0.563209093438463,0.321993217879338,
109,2004,河南,8815.09,1647.48,4515.35,2652.26,0.18689315707497,0.512229597202071,0.300877245722959,
110,2004,湖北,6309.92,1020.09,2994.67,2295.16,0.161664490199559,0.474597142277557,0.363738367522885,
111,2004,湖南,5612.26,1155.85,2214.41,2242.0,0.205950900350304,0.394566538257315,0.39948256139238,
112,2004,广东,16039.46,1245.42,8890.29,5903.75,0.0776472524636116,0.554276141466109,0.368076606070279,
113,2004,广西,3320.1,811.38,1288.26,1220.46,0.244384205295021,0.388018433179724,0.367597361525255,
114,2004,海南,769.36,283.84,180.41,305.11,0.368930019756681,0.234493605074347,0.396576375168972,
115,2004,重庆,2665.39,431.32,1181.24,1052.83,0.161822472508714,0.44317717107065,0.395000356420636,
116,2004,四川,6556.01341,1394.25829,2689.99548,2471.75964,0.212668614721458,0.410309636630228,0.377021748648315,
117,2004,贵州,1591.9,334.11,714.66,543.13,0.209881273949369,0.448935234625291,0.341183491425341,
118,2004,云南,2959.48,604.33,1314.19,1040.96,0.204201413761877,0.444061118845203,0.35173746739292,
119,2004,西藏,211.54,43.33,57.61,110.6,0.204831237590999,0.272336201191264,0.522832561217737,
120,2004,陕西,2883.51,394.98,1416.82,1071.71,0.136978890310767,0.491352552964963,0.37166855672427,
121,2004,甘肃,1558.93,281.4,758.18,519.35,0.180508425650927,0.486346404264463,0.333145170084609,
122,2004,青海,465.73,57.81,227.06,180.86,0.12412771348206,0.487535696648273,0.388336589869667,
123,2004,宁夏,460.35,65.13,239.42,155.8,0.141479309221245,0.520082545888997,0.338438144889758,
124,2004,新疆,2200.15,444.7,1010.07,745.38,0.20212258255119,0.459091425584619,0.338785991864191,
125,2005,北京,6886.31,97.99,2026.51,4761.81,0.0142296817889407,0.294280971957405,0.691489346253654,
126,2005,天津,3697.62,112.38,2051.17,1534.07,0.0303925227578821,0.554727094725797,0.414880382516321,
127,2005,河北,10096.11,1503.07,5232.5,3360.54,0.148876151309762,0.518268917434537,0.332854931255701,
128,2005,山西,4179.52,262.42,2353.16,1563.94,0.0627871143097772,0.563021590996095,0.374191294694128,
129,2005,内蒙古,3895.55,589.56,1773.21,1532.78,0.151341915775693,0.455188612647765,0.393469471576542,
130,2005,辽宁,8009.01,882.41,3953.28,3173.32,0.110177162970205,0.493604078406694,0.396218758623101,
131,2005,吉林,3620.27,625.61,1580.83,1413.83,0.172807553027813,0.436660801542426,0.390531645429761,
132,2005,黑龙江,5511.5,684.6,2971.68,1855.22,0.12421300916266,0.539178082191781,0.336608908645559,
133,2005,上海,9154.18,80.34,4452.92,4620.92,0.00877631857796111,0.486435704781859,0.50478797664018,
134,2005,江苏,18305.66,1461.49,10355.03,6489.14,0.0798381484196691,0.565673676884636,0.354488174695695,
135,2005,浙江,13437.85,892.83,7166.15,5378.87,0.0664414322231607,0.533280993611329,0.40027757416551,
136,2005,安徽,5375.12,966.49,2221.17,2187.46,0.179808078703359,0.413231704594502,0.406960216702139,
137,2005,福建,6568.93,841.2,3200.26,2527.47,0.128057385297149,0.487181321767777,0.384761292935075,
138,2005,江西,4056.76,727.37,1917.47,1411.92,0.179298257722912,0.472660448239482,0.348041294037606,
139,2005,山东,18516.87,1963.51,10628.62,5924.74,0.106038979589963,0.5739965771753,0.319964443234737,
140,2005,河南,10587.42,1892.01,5514.14,3181.27,0.178703593510034,0.520819992028275,0.300476414461691,
141,2005,湖北,6520.14,1082.13,2810.01,2628.0,0.165967295180778,0.4309738747941,0.403058830025122,
142,2005,湖南,6511.34,1274.15,2596.71,2640.48,0.195681687640332,0.398798096858711,0.405520215500957,
143,2005,广东,22366.54,1428.27,11339.93,9598.34,0.0638574406233597,0.507004212542485,0.429138346834155,
144,2005,广西,4075.75,912.5,1510.68,1652.57,0.223885174507759,0.370650800466172,0.405464025026069,
145,2005,海南,894.57,300.75,220.07,373.75,0.336195043428686,0.246006461204825,0.417798495366489,
146,2005,重庆,3070.49,463.4,1259.12,1347.97,0.150920537112969,0.410071356688998,0.439008106198034,
147,2005,四川,7385.11,1481.14,3067.23,2836.74,0.200557608485182,0.415326244294262,0.384116147220556,
148,2005,贵州,1979.06,368.94,826.63,783.49,0.186421836629511,0.4176881954059,0.395889967964589,
149,2005,云南,3472.89,669.81,1432.76,1370.32,0.192868187590163,0.412555537319063,0.394576275090775,
150,2005,西藏,251.21,48.04,63.52,139.65,0.191234425381155,0.252856176107639,0.555909398511206,
151,2005,陕西,3675.66,435.77,1849.28,1390.61,0.118555579134087,0.503115086814341,0.378329334051572,
152,2005,甘肃,1933.98,308.06,838.56,787.36,0.159288100187179,0.433592901684609,0.407118998128212,
153,2005,青海,543.32,65.34,264.61,213.37,0.120260619892513,0.487024221453287,0.3927151586542,
154,2005,宁夏,606.1,72.08,281.23,252.79,0.118924269922455,0.463999340042897,0.417076390034648,
155,2005,新疆,2604.19,509.99,1164.79,929.41,0.195834405323728,0.447275352412842,0.356890242263429,
156,2006,北京,7870.28,98.04,2191.43,5580.81,0.0124569900943804,0.278443714836067,0.709099295069553,
157,2006,天津,4359.15,118.23,2488.29,1752.63,0.0271222600736382,0.570819999311793,0.402057740614569,
158,2006,河北,11660.43,1606.48,6115.01,3938.94,0.137771934654211,0.524424056402723,0.337804008943066,
159,2006,山西,4752.54,276.77,2748.33,1727.44,0.0582362273647355,0.578286558345643,0.363477214289622,
160,2006,内蒙古,4791.48,649.62,2327.44,1814.42,0.135578151218413,0.485745531652016,0.378676317129572,
161,2006,辽宁,9251.15,976.37,4729.5,3545.28,0.105540392275555,0.511233738508186,0.38322586921626,
162,2006,吉林,4275.12,672.76,1915.29,1687.07,0.157366342933064,0.448008476955033,0.394625180111903,
163,2006,黑龙江,6188.9,737.59,3365.31,2086.0,0.119179498780074,0.54376545104946,0.337055050170466,
164,2006,上海,10366.37,93.8,5028.37,5244.2,0.00904849045519309,0.485065649788692,0.505885859756115,
165,2006,江苏,21645.08,1545.01,12250.84,7849.23,0.0713792695614893,0.565987282098287,0.362633448340223,
166,2006,浙江,15742.51,925.1,8509.57,6307.85,0.0587644536989337,0.540547218963177,0.400688962560608,
167,2006,安徽,6148.73,1028.66,2648.13,2471.94,0.167296335991335,0.430679180904024,0.402024483104641,
168,2006,福建,7614.55,896.17,3743.71,2974.67,0.117691787433269,0.491652165919194,0.390656046647537,
169,2006,江西,4670.53,786.14,2320.74,1563.65,0.168319227154092,0.496890074573978,0.334790698271931,
170,2006,山东,22077.36,2138.9,12751.2,7187.26,0.0968820547384289,0.577569057169879,0.325548888091692,
171,2006,河南,12495.97,2049.92,6724.61,3721.44,0.164046488587921,0.538142297076577,0.297811214335502,
172,2006,湖北,7581.32,1140.41,3365.08,3075.83,0.150423672922393,0.443864656814381,0.405711670263226,
173,2006,湖南,7568.89,1332.23,3151.7,3084.96,0.176013920138884,0.416401876629202,0.407584203231914,
174,2006,广东,26204.47,1577.12,13431.82,11195.53,0.0601851516172622,0.512577434307963,0.427237414074774,
175,2006,广西,4828.51,1032.47,1878.56,1917.47,0.213827868224359,0.389055837100886,0.39711422364249,
176,2006,海南,1052.85,344.48,287.86,420.51,0.327188108467493,0.273410267369521,0.399401624162986,
177,2006,重庆,3491.57,425.81,1500.97,1564.79,0.121953734279994,0.429883977694848,0.448162288025158,
178,2006,四川,8637.81,1595.48,3775.19,3267.14,0.18470885560113,0.43705406810291,0.378237076295959,
179,2006,贵州,2282.0,393.17,980.78,908.05,0.172291849255039,0.429789658194566,0.397918492550394,
180,2006,云南,4006.72,749.81,1712.6,1544.31,0.187138107978596,0.427431914383835,0.385429977637569,
181,2006,西藏,291.01,50.9,80.1,160.01,0.17490807876018,0.275248273255215,0.549843647984605,
182,2006,陕西,4523.74,488.48,2440.5,1594.76,0.107981448978058,0.539487238435454,0.352531312586488,
183,2006,甘肃,2276.7,333.35,1043.19,900.16,0.146418061228972,0.458202661747266,0.395379277023762,
184,2006,青海,641.58,69.64,331.16,240.78,0.108544530689859,0.516163222045575,0.375292247264566,
185,2006,宁夏,710.76,79.54,349.83,281.39,0.111908379762508,0.492191457031909,0.395900163205583,
186,2006,新疆,3045.26,527.8,1459.3,1058.16,0.173318534378017,0.479203746149754,0.347477719472229,
187,2007,北京,9353.32,101.26,2509.4,6742.66,0.010826102389312,0.268289762351764,0.720884135258924,
188,2007,天津,5050.4,110.19,2892.53,2047.68,0.0218180738159354,0.572732852843339,0.405449073340726,
189,2007,河北,13709.5,1804.72,7241.8,4662.98,0.131640103577811,0.528232247711441,0.340127648710748,
190,2007,山西,5733.35,269.68,3438.58,2025.09,0.0470370725666495,0.599750582120401,0.35321234531295,
191,2007,内蒙古,6091.12,762.1,3154.56,2174.46,0.125116563127963,0.517894902743666,0.356988534128371,
192,2007,辽宁,11023.49,1133.4,5853.1,4036.99,0.102816803026991,0.530966145930191,0.366217051042819,
193,2007,吉林,5284.69,783.8,2475.45,2025.44,0.148315227572478,0.468419150413742,0.383265622013779,
194,2007,黑龙江,7065.0,915.38,3695.58,2454.04,0.129565463552725,0.523082802547771,0.347351733899505,
195,2007,上海,12188.85,101.84,5678.51,6408.5,0.00835517706756585,0.465877420757496,0.525767402174939,
196,2007,江苏,25741.15,1816.24,14306.4,9618.52,0.0705578422098469,0.555779364946787,0.373663181326398,
197,2007,浙江,18780.44,986.02,10148.45,7645.96,0.052502497279084,0.540373388482911,0.407123581769117,
198,2007,安徽,7364.18,1200.18,3289.12,2874.88,0.162975375398211,0.446637643294976,0.390386981306812,
199,2007,福建,9249.13,1002.11,4549.42,3697.6,0.108346406635002,0.491875452069546,0.399778141295452,
200,2007,江西,5500.25,905.77,2840.92,1753.56,0.164677969183219,0.516507431480387,0.318814599336394,
201,2007,山东,25965.91,2509.14,14776.53,8680.24,0.0966320841441721,0.569074220776395,0.334293695079433,
202,2007,河南,15012.46,2217.66,8282.83,4511.97,0.147721292846076,0.551730362645429,0.300548344508495,
203,2007,湖北,9230.68,1378.0,3966.68,3886.0,0.149284776419505,0.429727820702267,0.420987402878228,
204,2007,湖南,9200.0,1626.52,3916.44,3657.04,0.176795652173913,0.4257,0.397504347826087,
205,2007,广东,31084.4,1695.57,15939.1,13449.73,0.0545472970364556,0.512768462637207,0.432684240326337,
206,2007,广西,5955.65,1241.35,2425.29,2289.0,0.208432328964932,0.407225071990463,0.384340919966754,
207,2007,海南,1223.28,361.07,364.26,497.95,0.295165456804656,0.297773199921522,0.407061343273821,
208,2007,重庆,4122.51,482.39,1892.1,1748.02,0.117013664005666,0.458967958840609,0.424018377153724,
209,2007,四川,10505.3,2032.0,4641.3,3832.0,0.193426175359104,0.441805564810143,0.364768259830752,
210,2007,贵州,2741.9,446.38,1148.27,1147.25,0.162799518582005,0.418786243116087,0.418414238301907,
211,2007,云南,4741.31,837.35,2051.08,1852.88,0.17660730895048,0.432597741974264,0.390794949075256,
212,2007,西藏,342.19,54.89,98.48,188.82,0.160407960489786,0.287793331190274,0.551798708319939,
213,2007,陕西,5465.79,592.63,2964.56,1908.6,0.108425314547394,0.542384540935528,0.349190144517078,
214,2007,甘肃,2702.4,385.97,1279.32,1037.11,0.142824896388396,0.473401420959147,0.383773682652457,
215,2007,青海,783.61,83.41,417.78,282.42,0.106443256211636,0.533147866923597,0.360408876864767,
216,2007,宁夏,889.2,97.89,451.82,339.49,0.110087719298246,0.508119658119658,0.381792622582096,
217,2007,新疆,3523.16,628.72,1647.55,1246.89,0.178453433849158,0.467634169325265,0.353912396825577,
218,2008,北京,10488.03,112.81,2693.15,7682.07,0.0107560714452571,0.256783209048792,0.732460719505951,
219,2008,天津,6354.38,122.58,3821.07,2410.73,0.0192906310293058,0.601328532445337,0.379380836525357,
220,2008,河北,16188.61,2034.6,8777.42,5376.59,0.125680957166798,0.542197260913692,0.33212178191951,
221,2008,山西,6938.73,302.48,4265.77,2370.48,0.0435929918010933,0.614776767506446,0.341630240692461,
222,2008,内蒙古,7761.8,906.98,4271.03,2583.79,0.116851761189415,0.550262825633229,0.332885413177356,
223,2008,辽宁,13461.57,1302.0,7512.11,4647.46,0.096719773399388,0.558041149732163,0.345239076868449,
224,2008,吉林,6424.06,916.7,3064.63,2442.73,0.142697920006974,0.477055008826194,0.380247071166832,
225,2008,黑龙江,8310.0,1089.1,4365.9,2855.0,0.131058965102286,0.525379061371841,0.343561973525872,
226,2008,上海,13698.15,111.8,6235.92,7350.43,0.00816168606709665,0.455238116095969,0.536600197836934,
227,2008,江苏,30312.61,2100.0,16663.81,11548.8,0.0692780991145269,0.549731943240783,0.38098995764469,
228,2008,浙江,21486.92,1095.43,11580.33,8811.17,0.0509812481267674,0.538947880850303,0.410071336422344,
229,2008,安徽,8874.17,1418.08,4137.35,3318.74,0.159798606517567,0.466223883473046,0.373977510009387,
230,2008,福建,10823.11,1157.75,5415.77,4249.59,0.106970177703082,0.500389444438798,0.39264037785812,
231,2008,江西,6480.33,1060.38,3414.88,2005.07,0.163630555851322,0.526960818353386,0.309408625795291,
232,2008,山东,31072.06,3002.65,17702.17,10367.23,0.0966350476923641,0.569713433869528,0.333651196605568,
233,2008,河南,18407.78,2658.8,10477.92,5271.06,0.144438927453501,0.569211496443352,0.286349576103148,
234,2008,湖北,11330.38,1780.0,4963.61,4586.77,0.157099761879125,0.438079746663395,0.40482049145748,
235,2008,湖南,11156.64,2007.4,4933.08,4216.16,0.179928724060291,0.442165383126102,0.377905892813607,
236,2008,广东,35696.46,1970.23,18402.64,15323.59,0.0551939884235019,0.51553123194849,0.429274779628008,
237,2008,广西,7171.58,1453.9,3037.74,2679.94,0.202730778991519,0.423580298902055,0.373688922106426,
238,2008,海南,1459.23,437.61,434.4,587.22,0.299891038424374,0.297691248124011,0.402417713451615,
239,2008,重庆,5096.66,575.4,2433.27,2087.99,0.112897466183736,0.477424430901806,0.409678102914458,
240,2008,四川,12506.25,2366.15,5790.1,4350.0,0.18919740129935,0.462976511744128,0.347826086956522,
241,2008,贵州,3333.4,547.85,1408.71,1376.84,0.164351712965741,0.422604547909042,0.413043739125217,
242,2008,云南,5700.1,1020.94,2451.09,2228.07,0.179109138436168,0.430008245469378,0.390882616094454,
243,2008,西藏,395.91,60.51,115.76,219.64,0.152837766158976,0.292389684524261,0.554772549316764,
244,2008,陕西,6851.32,753.72,3842.08,2255.52,0.110010917604199,0.560779528616383,0.329209553779418,
245,2008,甘肃,3176.11,463.0,1471.43,1241.68,0.145775807512964,0.463280553885098,0.390943638601938,
246,2008,青海,961.53,105.58,529.4,326.55,0.109804166276663,0.550580845111437,0.3396149886119,
247,2008,宁夏,1098.51,120.0,581.24,397.27,0.109238878116722,0.529116712638028,0.36164440924525,
248,2008,新疆,4203.41,691.1,2086.74,1425.57,0.164414130432197,0.496439795309047,0.339146074258757,
249,2009,北京,12153.03,118.29,2855.55,9179.19,0.00973337513360866,0.234966094875105,0.755300529991286,
250,2009,天津,7521.85,128.85,3987.84,3405.16,0.0171300943251993,0.530167445508751,0.45270246016605,
251,2009,河北,17235.48,2207.34,8959.83,6068.31,0.1280695402739,0.519848011195511,0.352082448530589,
252,2009,山西,7358.31,477.59,3993.8,2886.92,0.0649048490753991,0.542760497994784,0.392334652929817,
253,2009,内蒙古,9740.25,929.6,5114.0,3696.65,0.0954390287723621,0.525037858371192,0.379523112856446,
254,2009,辽宁,15212.49,1414.9,7906.34,5891.25,0.093009099759474,0.519726882318411,0.387264017922115,
255,2009,吉林,7278.75,980.57,3541.92,2756.26,0.134716812639533,0.486611025244719,0.378672162115748,
256,2009,黑龙江,8587.0,1154.33,4060.72,3371.95,0.134427623151275,0.472891580295796,0.392680796552929,
257,2009,上海,15046.45,113.82,6001.78,8930.85,0.0075645750326489,0.398883457559757,0.593551967407595,
258,2009,江苏,34457.3,2261.86,18566.37,13629.07,0.0656424037867157,0.538822542683263,0.395535053530021,
259,2009,浙江,22990.35,1163.08,11908.49,9918.78,0.0505899214235538,0.517977760234185,0.431432318342261,
260,2009,安徽,10062.82,1495.45,4905.22,3662.15,0.14861142304046,0.487459777676635,0.363928799282905,
261,2009,福建,12236.53,1182.74,6005.3,5048.49,0.0966564867654474,0.490768216152782,0.412575297081771,
262,2009,江西,7655.18,1098.66,3919.45,2637.07,0.143518506423102,0.511999717838117,0.344481775738781,
263,2009,山东,33896.65,3226.64,18901.83,11768.18,0.0951905276775138,0.557631211343894,0.347178260978592,
264,2009,河南,19480.46,2769.05,11010.5,5700.91,0.142145000682735,0.565207392433238,0.292647606884026,
265,2009,湖北,12961.1,1795.9,6038.08,5127.12,0.13856077030499,0.465861693837714,0.395577535857296,
266,2009,湖南,13059.69,1969.69,5687.19,5402.81,0.150822109866314,0.435476646076591,0.413701244057095,
267,2009,广东,39482.56,2010.27,19419.7,18052.59,0.0509153915045022,0.491855138066022,0.457229470429476,
268,2009,广西,7759.16,1458.49,3381.54,2919.13,0.187970089545776,0.435812639512525,0.3762172709417,
269,2009,海南,1654.21,462.19,443.43,748.59,0.279402252434697,0.26806149158813,0.452536255977173,
270,2009,重庆,6530.01,606.8,3448.77,2474.44,0.09292481941069,0.528141610809172,0.378933569780138,
271,2009,四川,14151.28,2240.61,6711.87,5198.8,0.158332673793466,0.474294198122007,0.367373128084527,
272,2009,贵州,3912.68,550.27,1476.62,1885.79,0.140637619227742,0.377393500107343,0.481968880664915,
273,2009,云南,6169.75,1067.6,2582.53,2519.62,0.173037805421614,0.418579358969164,0.408382835609222,
274,2009,西藏,441.36,63.88,136.63,240.85,0.1447344571325,0.309565887257568,0.545699655609933,
275,2009,陕西,8169.8,789.64,4236.42,3143.74,0.0966535288501554,0.518546353643908,0.384800117505936,
276,2009,甘肃,3387.56,497.05,1527.24,1363.27,0.146728028433445,0.450837771139109,0.402434200427446,
277,2009,青海,1081.27,107.4,575.33,398.54,0.0993276424944741,0.532087267749961,0.368585089755565,
278,2009,宁夏,1353.31,127.25,662.32,563.74,0.0940287147807967,0.489407452837857,0.416563832381346,
279,2009,新疆,4277.05,759.74,1929.59,1587.72,0.177631778913036,0.451149741059843,0.371218480027121,
280,2010,北京,14113.58,124.36,3388.38,10600.84,0.0088113717426762,0.240079412877526,0.751109215379797,
281,2010,天津,9224.46,145.58,4840.23,4238.65,0.0157819536319741,0.524716893997047,0.459501152370979,
282,2010,河北,20394.26,2562.81,10707.68,7123.77,0.125663299379335,0.525034004666019,0.349302695954646,
283,2010,山西,9200.86,554.48,5234.0,3412.38,0.0602639318498488,0.568859867447173,0.370876200702978,
284,2010,内蒙古,11672.0,1095.28,6367.69,4209.02,0.0938382453735435,0.545552604523646,0.360608293351611,
285,2010,辽宁,18457.27,1631.08,9976.82,6849.37,0.0883705986855044,0.54053605977482,0.371093341539675,
286,2010,吉林,8667.58,1050.15,4506.31,3111.12,0.121158385616285,0.51990405626484,0.358937558118875,
287,2010,黑龙江,10368.6,1302.9,5204.11,3861.59,0.125658237370523,0.501910576162645,0.372431186466833,
288,2010,上海,17165.98,114.15,7218.32,9833.51,0.00664978055432897,0.420501480253385,0.572848739192286,
289,2010,江苏,41425.48,2540.1,21753.93,17131.45,0.0613173341624527,0.525134047933784,0.413548617903764,
290,2010,浙江,27722.31,1360.56,14297.93,12063.82,0.0490781612354815,0.515755360934929,0.435166477829589,
291,2010,安徽,12359.33,1729.02,6436.62,4193.68,0.139895932870147,0.520790366468085,0.339312891556419,
292,2010,福建,14737.12,1363.67,7522.83,5850.62,0.092533005091904,0.510468124029661,0.396998870878435,
293,2010,江西,9451.26,1206.98,5122.88,3121.4,0.127705723892899,0.542031432845991,0.33026284326111,
294,2010,山东,39169.92,3588.28,21238.49,14343.14,0.0916080502589742,0.542214280754211,0.366177413688871,
295,2010,河南,23092.36,3258.09,13226.38,6607.89,0.141089520516742,0.572759995080624,0.286150484402634,
296,2010,湖北,15967.61,2147.0,7767.24,6053.37,0.134459696848808,0.486437231370255,0.379103071780936,
297,2010,湖南,16037.96,2325.5,7343.19,6369.27,0.144999738121307,0.457863094807569,0.397137167071124,
298,2010,广东,46013.06,2286.98,23014.53,20711.55,0.0497028452356787,0.500173863681311,0.45012329108301,
299,2010,广西,9569.85,1675.06,4511.68,3383.11,0.175035136391897,0.471447305861638,0.353517557746464,
300,2010,海南,2064.5,539.83,571.0,953.67,0.26148219907968,0.276580285783483,0.461937515136837,
301,2010,重庆,7925.58,685.38,4359.12,2881.08,0.0864769518445338,0.550006434860288,0.363516613295178,
302,2010,四川,17185.48,2482.89,8672.18,6030.41,0.144476034419754,0.504622506906994,0.350901458673252,
303,2010,贵州,4602.16,625.03,1800.06,2177.07,0.135812314217672,0.391133728510091,0.473053957272237,
304,2010,云南,7224.18,1108.38,3223.49,2892.31,0.153426409640956,0.446208427807723,0.400365162551321,
305,2010,西藏,507.46,68.72,163.92,274.82,0.135419540456391,0.323020533638119,0.54155992590549,
306,2010,陕西,10123.48,988.45,5446.1,3688.93,0.0976393493146626,0.537967181245975,0.364393469439363,
307,2010,甘肃,4120.75,599.28,1984.97,1536.5,0.145429836801553,0.481701146635928,0.372869016562519,
308,2010,青海,1350.43,134.92,744.63,470.88,0.0999089179002244,0.551402145983131,0.348688936116644,
309,2010,宁夏,1689.65,159.29,827.91,702.45,0.0942739620631492,0.489989050986891,0.41573698694996,
310,2010,新疆,5437.47,1078.63,2592.15,1766.69,0.198369830086419,0.476719871557912,0.324910298355669,
311,2011,北京,16251.93,136.27,3752.48,12363.18,0.0083848502916269,0.230894423000837,0.760720726707536,
312,2011,天津,11307.28,159.72,5928.32,5219.24,0.0141254130082566,0.524292314332006,0.461582272659738,
313,2011,河北,24515.76,2905.73,13126.86,8483.17,0.1185249814813,0.535445770394228,0.346029248124472,
314,2011,山西,11237.55,641.42,6635.26,3960.87,0.057078277738475,0.590454325008565,0.35246739725296,
315,2011,内蒙古,14359.88,1306.3,8037.69,5015.89,0.0909687267581623,0.559732393306908,0.34929887993493,
316,2011,辽宁,22226.7,1915.57,12152.15,8158.98,0.0861832840682602,0.54673658257861,0.367080133353129,
317,2011,吉林,10568.83,1277.44,5611.48,3679.91,0.120868629734796,0.530946187988642,0.348185182276562,
318,2011,黑龙江,12582.0,1701.5,6330.53,4549.97,0.135232872357336,0.503141789858528,0.361625337784136,
319,2011,上海,19195.69,124.94,7927.89,11142.86,0.00650875274605914,0.413003648214782,0.580487599039159,
320,2011,江苏,49110.27,3064.77,25203.28,20842.21,0.062405887811246,0.513197748658274,0.424396159907083,
321,2011,浙江,32318.85,1583.04,16555.58,14180.23,0.0489819408797033,0.512257707189458,0.438760351930839,
322,2011,安徽,15300.65,2015.31,8309.38,4975.95,0.131714012149811,0.543073660269335,0.325211674013849,
323,2011,福建,17560.18,1612.24,9069.2,6878.74,0.0918122707170428,0.516463954241927,0.39172377504103,
324,2011,江西,11702.82,1391.07,6390.55,3921.2,0.118866221987521,0.546069238012718,0.335064539999761,
325,2011,山东,45361.85,3973.85,24017.11,17370.89,0.0876033495106571,0.529456139906111,0.382940510583232,
326,2011,河南,26931.03,3512.24,15427.08,7991.72,0.130416103654409,0.572836612636056,0.296747655028419,
327,2011,湖北,19632.26,2569.3,9815.94,7247.02,0.130871331166152,0.499990322051562,0.369138346782286,
328,2011,湖南,19669.56,2768.03,9361.99,7539.54,0.140726584631278,0.475963366745367,0.383310048623355,
329,2011,广东,53210.28,2665.2,26447.38,24097.7,0.0500880656895622,0.49703515937146,0.452876774938978,
330,2011,广西,11720.87,2047.23,5675.32,3998.33,0.174665361871602,0.48420637717166,0.341129114135725,
331,2011,海南,2522.66,659.23,714.5,1148.93,0.261323365019464,0.283232778099308,0.455443856881229,
332,2011,重庆,10011.37,844.52,5543.04,3623.81,0.0843560871289344,0.553674472125194,0.361969440745872,
333,2011,四川,21026.68,2983.51,11029.13,7014.04,0.14189163481824,0.524530263455762,0.333578101725998,
334,2011,贵州,5701.84,726.22,2194.33,2781.29,0.127365902936596,0.384845944467049,0.487788152596355,
335,2011,云南,8893.12,1411.01,3780.32,3701.79,0.158663101363751,0.425083660177755,0.416253238458494,
336,2011,西藏,605.83,74.47,208.79,322.57,0.122922271924467,0.344634633478038,0.532443094597494,
337,2011,陕西,12512.3,1220.9,6935.59,4355.81,0.0975759852305332,0.554301767061212,0.348122247708255,
338,2011,甘肃,5020.37,678.75,2377.83,1963.79,0.135199198465452,0.473636405284869,0.391164396249679,
339,2011,青海,1670.44,155.08,975.18,540.18,0.092837815186418,0.583786307799143,0.323375877014439,
340,2011,宁夏,2102.21,184.14,1056.15,861.92,0.0875935325205379,0.50239985539028,0.410006612089182,
341,2011,新疆,6610.05,1139.03,3225.9,2245.12,0.172317909849396,0.488029591304151,0.339652498846453,
342,2012,北京,17879.4,150.2,4059.27,13669.93,0.00840072933096189,0.227036142152421,0.764563128516617,
343,2012,天津,12893.88,171.6,6663.82,6058.46,0.0133086394475519,0.516820383003409,0.469870977549039,
344,2012,河北,26575.01,3186.66,14003.57,9384.78,0.119911902196838,0.526945051008447,0.353143046794714,
345,2012,山西,12112.83,698.32,6731.56,4682.95,0.0576512672926145,0.555738006725101,0.386610725982285,
346,2012,内蒙古,15880.58,1448.58,8801.5,5630.5,0.091217071416787,0.554230387051355,0.354552541531858,
347,2012,辽宁,24846.43,2155.82,13230.49,9460.12,0.086765784863258,0.5324905831542,0.380743631982542,
348,2012,吉林,11939.24,1412.11,6376.77,4150.36,0.118274697551938,0.534101835627728,0.347623466820334,
349,2012,黑龙江,13691.58,2113.66,6037.61,5540.31,0.154376631477156,0.440972480897018,0.404650887625826,
350,2012,上海,20181.72,127.8,7854.77,12199.15,0.00633246323901035,0.389202208731466,0.604465328029524,
351,2012,江苏,54058.22,3418.29,27121.95,23517.98,0.0632334915948028,0.501717407639393,0.435049100765804,
352,2012,浙江,34665.33,1667.88,17316.32,15681.13,0.04811377823318,0.499528491435102,0.452357730331718,
353,2012,安徽,17212.05,2178.73,9404.84,5628.48,0.126581668075563,0.546410218422559,0.327008113501878,
354,2012,福建,19701.78,1776.71,10187.94,7737.13,0.0901801766134837,0.517107591293782,0.392712232092735,
355,2012,江西,12948.88,1520.23,6942.59,4486.06,0.117402431716102,0.536153705957581,0.346443862326317,
356,2012,山东,50013.24,4281.7,25735.73,19995.81,0.0856113301197843,0.514578339655659,0.399810330224557,
357,2012,河南,29599.31,3769.54,16672.2,9157.57,0.127352293009533,0.563263130120263,0.309384576870204,
358,2012,湖北,22250.45,2848.77,11193.1,8208.58,0.128032017329987,0.503050500102245,0.368917482567768,
359,2012,湖南,22154.23,3004.21,10506.42,8643.6,0.135604351855154,0.474239908134925,0.390155740009921,
360,2012,广东,57067.92,2847.26,27700.97,26519.69,0.0498924789969566,0.48540353319343,0.464703987809614,
361,2012,广西,13035.1,2172.37,6247.43,4615.3,0.166655414994898,0.479277489240589,0.354067095764513,
362,2012,海南,2855.54,711.54,804.47,1339.53,0.249178789300798,0.281722546348502,0.469098664350701,
363,2012,重庆,11409.6,940.01,5975.18,4494.41,0.0823876384798766,0.523697587996073,0.39391477352405,
364,2012,四川,23872.8,3297.21,12333.28,8242.31,0.138115763546798,0.516624777990014,0.345259458463188,
365,2012,贵州,6852.2,891.91,2677.54,3282.75,0.130164034908497,0.39075625346604,0.479079711625463,
366,2012,云南,10309.47,1654.55,4419.2,4235.72,0.160488366521266,0.428654431314122,0.410857202164612,
367,2012,西藏,701.03,80.38,242.85,377.8,0.114659857638047,0.346418840848466,0.538921301513487,
368,2012,陕西,14453.68,1370.16,8073.87,5009.65,0.0947966192692795,0.558603068561086,0.346600312169634,
369,2012,甘肃,5650.2,780.5,2600.09,2269.61,0.138136703125553,0.46017663091572,0.401686665958727,
370,2012,青海,1893.54,176.91,1092.34,624.29,0.0934281821350486,0.576877171858001,0.32969464600695,
371,2012,宁夏,2341.29,199.4,1159.37,982.52,0.0851667243271872,0.495184278752312,0.419648996920501,
372,2012,新疆,7505.31,1320.57,3481.56,2703.18,0.175951426390116,0.46387957326213,0.360169000347754,
373,2013,北京,19500.56,161.83,4352.3,14986.43,0.00829873603629844,0.223188462280058,0.768512801683644,
374,2013,天津,14370.16,188.45,7276.68,6905.03,0.0131139806376547,0.506374320118913,0.480511699243432,
375,2013,河北,28301.41,3500.42,14762.1,10038.89,0.123683590322885,0.521602987271659,0.354713422405456,
376,2013,山西,12602.24,773.81,6792.68,5035.75,0.0614025760499721,0.539005764054644,0.399591659895384,
377,2013,内蒙古,16832.38,1599.41,9084.19,6148.78,0.0950198367669931,0.539685415847313,0.365294747385694,
378,2013,辽宁,27077.65,2321.63,14269.46,10486.56,0.0857397152263952,0.52698295457693,0.387277330196675,
379,2013,吉林,12981.46,1509.34,6858.23,4613.89,0.116268894253805,0.528309604620744,0.355421501125451,
380,2013,黑龙江,14382.93,2516.79,5918.22,5947.92,0.174984512891323,0.411475269642555,0.413540217466121,
381,2013,上海,21602.12,129.28,8027.77,13445.07,0.00598459780799292,0.371619544748386,0.622395857443621,
382,2013,江苏,59161.75,3646.08,29094.03,26421.64,0.0616290086077575,0.49177094998035,0.446600041411892,
383,2013,浙江,37568.49,1784.62,18446.65,17337.22,0.0475031069920564,0.491013878918211,0.461483014089733,
384,2013,安徽,19038.87,2348.09,10403.96,6286.82,0.123331374183447,0.546458902235269,0.330209723581284,
385,2013,福建,21759.64,1936.31,11315.3,8508.03,0.0889863067587515,0.520013198747773,0.391000494493475,
386,2013,江西,14338.5,1636.49,7671.38,5030.63,0.11413258011647,0.53501970220037,0.350847717683161,
387,2013,山东,54684.33,4742.63,27422.47,22519.23,0.0867274043587989,0.501468519409491,0.41180407623171,
388,2013,河南,32155.86,4058.98,17806.39,10290.49,0.126228314217067,0.553752566406248,0.320019119376686,
389,2013,湖北,24668.49,3098.16,12171.56,9398.77,0.125591797471187,0.493405149646371,0.381003052882442,
390,2013,湖南,24501.67,3099.23,11517.35,9885.09,0.126490561663756,0.470063877278569,0.403445561057675,
391,2013,广东,62163.97,3047.51,29427.49,29688.97,0.0490237351314596,0.473384984903635,0.477591279964906,
392,2013,广西,14378.0,2343.57,6863.04,5171.39,0.162996939769092,0.477329253025456,0.359673807205453,
393,2013,海南,3146.46,756.47,871.29,1518.7,0.24041939195159,0.276911195438683,0.482669412609727,
394,2013,重庆,12656.69,1016.74,6397.92,5242.03,0.0803322195613545,0.505497092841809,0.414170687596836,
395,2013,四川,26260.77,3425.61,13579.03,9256.13,0.130445908478693,0.517084228680271,0.352469862841036,
396,2013,贵州,8006.79,1029.05,3243.7,3734.04,0.128522166810919,0.405118655541109,0.466359177647971,
397,2013,云南,11720.91,1895.34,4927.82,4897.75,0.161705874373236,0.420429813043526,0.417864312583238,
398,2013,西藏,807.67,86.82,292.92,427.93,0.107494397464311,0.362672873822229,0.52983272871346,
399,2013,陕西,16045.21,1526.05,8911.64,5607.52,0.0951093815537472,0.555408124917031,0.349482493529222,
400,2013,甘肃,6268.01,879.37,2821.04,2567.6,0.140294926140833,0.450069479787046,0.409635594072122,
401,2013,青海,2101.05,207.59,1204.31,689.15,0.0988029794626496,0.573194355203351,0.328002665334,
402,2013,宁夏,2565.06,222.98,1264.96,1077.12,0.0869297404349216,0.493150257693777,0.419920001871301,
403,2013,新疆,8360.24,1468.29,3765.97,3125.98,0.175627733175124,0.45046194846081,0.373910318364066,
404,2014,北京,21330.83,158.99,4544.8,16627.04,0.00745353087526364,0.213062501552917,0.77948396757182,自2014年开始统计年鉴采用 一二三产业增加值
405,2014,天津,15726.93,199.9,7731.85,7795.18,0.0127106816142756,0.491631233813592,0.495658084572132,
406,2014,河北,29421.15,3447.46,15012.85,10960.84,0.117176249058925,0.51027407154377,0.372549679397304,
407,2014,山西,12761.49,788.89,6293.91,5678.69,0.0618180165482244,0.493195543780546,0.44498643967123,
408,2014,内蒙古,17770.19,1627.85,9119.79,7022.55,0.0916056609411604,0.513207230761179,0.39518710829766,
409,2014,辽宁,28626.58,2285.75,14384.64,11956.19,0.0798471211021365,0.502492438845297,0.417660440052567,
410,2014,吉林,13803.14,1524.01,7286.59,4992.54,0.11041038488344,0.527893653183261,0.361695961933299,
411,2014,黑龙江,15039.38,2611.36,5544.41,6883.61,0.173634817392738,0.368659479313642,0.45770570329362,
412,2014,上海,23567.7,124.26,8167.71,15275.72,0.00527247037258621,0.346563729171705,0.648163376146166,
413,2014,江苏,65088.32,3634.33,30854.5,30599.49,0.055836899769421,0.474040503734003,0.470122596496576,
414,2014,浙江,40173.03,1777.18,19175.06,19220.79,0.044238136879394,0.477311768616905,0.478450094503701,
415,2014,安徽,20848.75,2392.39,11077.67,7378.68,0.114749805144193,0.531334972120631,0.353914743090113,
416,2014,福建,24055.76,2014.8,12515.36,9525.6,0.0837554082681237,0.520264585280199,0.395980006451677,
417,2014,江西,15714.63,1683.72,8247.93,5782.98,0.107143470765777,0.524856773592506,0.367999755641717,
418,2014,山东,59426.59,4798.36,28788.11,25840.12,0.0807443267399324,0.484431464097132,0.434824209162935,
419,2014,河南,34938.24,4160.01,17816.56,12961.67,0.119067531736,0.509944404755363,0.370988063508637,
420,2014,湖北,27379.22,3176.89,12852.4,11349.93,0.116032889176536,0.469421700106869,0.414545410716595,
421,2014,湖南,27037.32,3148.75,12482.06,11406.51,0.116459397603017,0.461660401252787,0.421880201144196,
422,2014,广东,67809.85,3166.82,31419.75,33223.28,0.0467014747857428,0.463350825875592,0.489947699338665,
423,2014,广西,15672.89,2413.44,7324.96,5934.49,0.153988192349975,0.467364985015527,0.378646822634498,
424,2014,海南,3500.72,809.52,875.97,1815.23,0.231243858406271,0.250225667862611,0.518530473731118,
425,2014,重庆,14262.6,1061.03,6529.06,6672.51,0.0743924670116248,0.457774879755444,0.467832653232931,
426,2014,四川,28536.66,3531.05,13962.41,11043.2,0.123737325951951,0.489279754533292,0.386982919514758,
427,2014,贵州,9266.39,1280.45,3857.44,4128.5,0.138182183137122,0.416282932188263,0.445534884674614,
428,2014,云南,12814.59,1990.07,5281.82,5542.7,0.155297204202397,0.412172375393984,0.432530420403618,
429,2014,西藏,920.83,91.64,336.84,492.35,0.0995189122856553,0.365800419187038,0.534680668527307,
430,2014,陕西,17689.94,1564.94,9577.24,6547.76,0.0884649693554642,0.541394713605586,0.37014031703895,
431,2014,甘肃,6836.82,900.76,2926.45,3009.61,0.131751311282146,0.428042569498685,0.440206119219169,
432,2014,青海,2303.32,215.93,1234.31,853.08,0.093747286525537,0.535882986298039,0.370369727176424,
433,2014,宁夏,2752.1,216.99,1341.24,1193.87,0.0788452454489299,0.487351477053886,0.433803277497184,
434,2014,新疆,9273.46,1538.6,3948.96,3785.9,0.165914340494271,0.425834586012125,0.408251073493604,
435,2015,北京,23014.59,140.21,4542.64,18331.74,0.00609222236850624,0.197380878825128,0.796526898806366,
436,2015,天津,16538.19,208.82,7704.22,8625.15,0.012626532891447,0.465844206651393,0.52152926045716,
437,2015,河北,29806.11,3439.45,14386.87,11979.79,0.115394125566872,0.482681906495011,0.401923967938117,
438,2015,山西,12766.49,783.16,5194.27,6789.06,0.0613449742254919,0.406867510177034,0.531787515597474,
439,2015,内蒙古,17831.51,1617.42,9000.58,7213.51,0.0907057226224812,0.504757028428888,0.404537248948631,
440,2015,辽宁,28669.02,2384.03,13041.97,13243.02,0.0831570105988974,0.454915096504868,0.461927892896234,
441,2015,吉林,14063.13,1596.28,7005.71,5461.14,0.113508159278909,0.498161504586817,0.388330336134275,
442,2015,黑龙江,15083.67,2633.5,4798.08,7652.09,0.174592788094675,0.318097651301043,0.507309560604283,
443,2015,上海,25123.45,109.82,7991.0,17022.63,0.0043712149406232,0.318069373433983,0.677559411625394,
444,2015,江苏,70116.38,3986.05,32044.45,34085.88,0.0568490558126361,0.457018032020478,0.486132912166886,
445,2015,浙江,42886.49,1832.91,19711.67,21341.91,0.0427386340080524,0.459624231313871,0.497637134678077,
446,2015,安徽,22005.63,2456.69,10946.83,8602.11,0.111639157797345,0.497455878336589,0.390904963866065,
447,2015,福建,25979.82,2118.1,13064.82,10796.9,0.0815286634010551,0.502883391801791,0.415587944797154,
448,2015,江西,16723.78,1772.98,8411.57,6539.23,0.106015506063821,0.50297062027843,0.39101387365775,
449,2015,山东,63002.33,4979.08,29485.9,28537.35,0.0790300930140203,0.468012849683496,0.452957057302484,
450,2015,河南,37002.16,4209.56,17917.37,14875.23,0.113765250461054,0.484224974974434,0.402009774564512,
451,2015,湖北,29550.19,3309.84,13503.56,12736.79,0.112007401644456,0.456970327432751,0.431022270922793,
452,2015,湖南,28902.21,3331.62,12810.82,12759.77,0.115272153928713,0.443247073493688,0.441480772577599,
453,2015,广东,72812.55,3345.54,32613.54,36853.47,0.0459472989203097,0.447910971391608,0.506141729688083,
454,2015,广西,16803.12,2565.45,7717.52,6520.15,0.152677002842329,0.459290893595951,0.388032103561719,
455,2015,海南,3702.76,854.72,875.82,1972.22,0.230833216303514,0.236531668269075,0.532635115427411,
456,2015,重庆,15717.27,1150.15,7069.37,7497.75,0.0731774665702123,0.449783582008835,0.477038951420953,
457,2015,四川,30053.1,3677.3,13248.08,13127.72,0.12236008930859,0.440822410999198,0.436817499692211,
458,2015,贵州,10502.56,1640.61,4147.83,4714.12,0.156210485824409,0.394935139623101,0.44885437455249,
459,2015,云南,13619.17,2055.78,5416.12,6147.27,0.150947524702313,0.397683559277107,0.45136891602058,
460,2015,西藏,1026.39,98.04,376.19,552.16,0.0955192470698273,0.366517600522219,0.537963152407954,
461,2015,陕西,18021.86,1597.63,9082.13,7342.1,0.0886495622538406,0.503950757579961,0.407399680166198,
462,2015,甘肃,6790.32,954.09,2494.77,3341.46,0.140507369313965,0.367400947230764,0.492091683455272,
463,2015,青海,2417.05,208.93,1207.31,1000.81,0.0864400819180406,0.499497321114582,0.414062596967378,
464,2015,宁夏,2911.77,237.76,1379.6,1294.41,0.0816548010316749,0.473801158745368,0.444544040222957,
465,2015,新疆,9324.8,1559.08,3596.4,4169.32,0.167197151681537,0.385681194234729,0.447121654083734,
466,2016,北京,25669.13,129.79,4944.44,20594.9,0.00505626797635915,0.192622032768543,0.802321699255097,
467,2016,天津,17885.39,220.22,7571.35,10093.82,0.0123128430523461,0.423325966053857,0.564361190893797,
468,2016,河北,32070.45,3492.81,15256.93,13320.71,0.108910539141172,0.475731709408505,0.415357751450323,
469,2016,山西,13050.41,784.78,5028.99,7236.64,0.0601345091840026,0.385351111574272,0.554514379241725,
470,2016,内蒙古,18128.1,1637.39,8553.63,7937.08,0.0903233102200451,0.471843712247836,0.437832977532119,
471,2016,辽宁,22246.9,2173.06,8606.54,11467.3,0.0976792272181742,0.386864686765347,0.515456086016479,
472,2016,吉林,14776.8,1498.52,7004.95,6273.33,0.101410318878242,0.474050538682259,0.4245391424395,
473,2016,黑龙江,15386.09,2670.46,4400.69,8314.94,0.173563263961149,0.286017435228833,0.540419300810017,
474,2016,上海,28178.65,109.47,8406.28,19662.9,0.00388485608785375,0.29832089188091,0.697794252031236,
475,2016,江苏,77388.28,4077.18,34619.5,38691.6,0.0526847217692395,0.4473480997381,0.499967178492661,
476,2016,浙江,47251.36,1965.18,21194.61,24091.57,0.041589914025755,0.448550263950075,0.50985982202417,
477,2016,安徽,24407.62,2567.72,11821.58,10018.32,0.105201572295865,0.48433972669191,0.410458701012225,
478,2016,福建,28810.58,2363.22,14093.47,12353.89,0.0820261167945942,0.489176892655406,0.428796990549999,
479,2016,江西,18499.0,1904.53,8829.54,7764.93,0.102953132601762,0.477298232336883,0.419748635061355,
480,2016,山东,68024.49,4929.13,31343.67,31751.69,0.0724611092269857,0.460770378432826,0.466768512340188,
481,2016,河南,40471.79,4286.21,19275.82,16909.76,0.105906113863508,0.476277920991387,0.417815965145105,
482,2016,湖北,32665.38,3659.33,14654.38,14351.67,0.112024718524628,0.448621139567334,0.439354141908038,
483,2016,湖南,31551.37,3578.37,13341.17,14631.83,0.113414092636865,0.422839642145492,0.463746265217644,
484,2016,广东,80854.91,3694.37,35109.66,42050.88,0.0456913500985902,0.434230401097472,0.520078248803938,
485,2016,广西,18317.64,2796.8,8273.66,7247.18,0.152683424283914,0.451677181121586,0.3956393945945,
486,2016,海南,4053.2,948.35,905.95,2198.9,0.233975624198164,0.223514753774795,0.54250962202704,
487,2016,重庆,17740.59,1303.24,7898.92,8538.43,0.0734609164633194,0.445245620354227,0.481293463182453,
488,2016,四川,32934.54,3929.33,13448.92,15556.29,0.119307268296445,0.408353054270684,0.472339677432871,
489,2016,贵州,11776.73,1846.19,4669.53,5261.01,0.156765927383917,0.396504802266843,0.44672927034924,
490,2016,云南,14788.42,2195.11,5690.16,6903.15,0.148434383118683,0.384771327836239,0.466794289045077,
491,2016,西藏,1151.41,115.78,429.17,606.46,0.100554971730313,0.372734299684734,0.526710728584952,
492,2016,陕西,19399.59,1693.85,9490.72,8215.02,0.0873137009596595,0.489222710376869,0.423463588663472,
493,2016,甘肃,7200.37,983.39,2515.56,3701.42,0.136574926010747,0.349365379834647,0.514059694154606,
494,2016,青海,2572.49,221.19,1249.98,1101.32,0.0859828415270808,0.485902763470412,0.428114395002507,
495,2016,宁夏,3168.59,241.6,1488.44,1438.55,0.0762484259560246,0.469748373882389,0.454003200161586,
496,2016,新疆,9649.7,1648.97,3647.01,4353.72,0.170883032633139,0.377940246847052,0.451176720519809,
497,2017,北京,28014.94,120.42,5326.76,22567.76,0.00429842077120279,0.190139975313172,0.805561603915625,
498,2017,天津,18549.19,168.96,7593.59,10786.64,0.00910875353586868,0.409375827192454,0.581515419271677,
499,2017,河北,34016.32,3129.98,15846.21,15040.13,0.0920140685412179,0.465841396129858,0.442144535328924,
500,2017,山西,15528.42,719.16,6778.89,8030.37,0.046312503139405,0.436547311316927,0.517140185543668,
501,2017,内蒙古,16096.21,1649.77,6399.68,8046.76,0.102494313878857,0.397589246164159,0.499916439956984,
502,2017,辽宁,23409.24,1902.28,9199.8,12307.16,0.0812619290502383,0.392998662066774,0.525739408882988,
503,2017,吉林,14944.53,1095.36,6998.51,6850.66,0.0732950450766936,0.468299103417772,0.458405851505534,
504,2017,黑龙江,15902.68,2965.25,4060.6,8876.83,0.186462281829226,0.255340609255798,0.558197108914975,
505,2017,上海,30632.99,110.78,9330.67,21191.54,0.00361636262082154,0.304595470438896,0.691788166940282,
506,2017,江苏,85869.76,4045.16,38654.87,43169.73,0.0471080855472287,0.450156958631304,0.502734955821467,
507,2017,浙江,51768.26,1933.92,22232.08,27602.26,0.03735725326677,0.429453877723532,0.533188869009698,
508,2017,安徽,27018.0,2582.27,12838.28,11597.45,0.0955759123547265,0.47517506847287,0.429249019172404,
509,2017,福建,32182.09,2215.13,15354.29,14612.67,0.0688311417934634,0.47710667641536,0.454062181791176,
510,2017,江西,20006.31,1835.26,9627.98,8543.07,0.091734057904731,0.481247166518963,0.427018775576306,
511,2017,山东,72634.15,4832.71,32942.84,34858.6,0.0665349563531755,0.453544785751606,0.479920257895219,
512,2017,河南,44552.83,4139.29,21105.52,19308.02,0.0929074539148243,0.473718953431241,0.433373592653935,
513,2017,湖北,35478.09,3528.96,15441.75,16507.38,0.0994687143529993,0.435247500640536,0.465283785006465,
514,2017,湖南,33902.96,2998.4,14145.49,16759.07,0.0884406553292102,0.417234660336443,0.494324684334347,
515,2017,广东,89705.23,3611.44,38008.06,48085.73,0.0402589681783325,0.423699487755619,0.536041544066048,
516,2017,广西,18523.26,2878.3,7450.85,8194.11,0.15538841435039,0.402242909725394,0.442368675924216,
517,2017,海南,4462.54,962.84,996.35,2503.35,0.215760530998041,0.223269707386376,0.560969761615582,
518,2017,重庆,19424.73,1276.09,8584.61,9564.03,0.0656940920156934,0.441942307563606,0.492363600420701,
519,2017,四川,36980.22,4262.35,14328.13,18389.74,0.115260266163911,0.387453887510675,0.497285846325414,
520,2017,贵州,13540.83,2032.27,5428.14,6080.42,0.150084595995962,0.400872029262608,0.44904337474143,
521,2017,云南,16376.34,2338.37,6204.97,7833.0,0.142789536611966,0.37889845960697,0.478312003781065,
522,2017,西藏,1310.92,122.72,513.65,674.55,0.0936136453788179,0.391824062490465,0.514562292130717,
523,2017,陕西,21898.81,1741.45,10882.88,9274.48,0.0795225859304684,0.496962163697479,0.423515250372052,
524,2017,甘肃,7459.9,859.75,2561.79,4038.36,0.115249534176061,0.343408088580276,0.541342377243663,
525,2017,青海,2624.83,238.41,1162.41,1224.01,0.0908287393850268,0.442851537051923,0.46631972356305,
526,2017,宁夏,3443.56,250.62,1580.57,1612.37,0.0727793330158324,0.458993018852583,0.468227648131585,
527,2017,新疆,10881.96,1551.84,4330.89,4999.23,0.14260666277031,0.397988046271076,0.459405290958614,
528,2018,北京,30319.98,118.69,5647.65,24553.64,0.00391458041858867,0.186268262709936,0.809817156871475,
529,2018,天津,18809.64,172.71,7609.81,11027.12,0.00918199391375912,0.404569678101229,0.586248327985012,
530,2018,河北,36010.27,3338.0,16040.06,16632.21,0.0926957781766146,0.445430150898619,0.461874070924767,
531,2018,山西,16818.11,740.64,7089.19,8988.28,0.0440382421092501,0.421521205414877,0.534440552475873,
532,2018,内蒙古,17289.22,1753.82,6807.3,8728.1,0.10144008810114,0.393730891272134,0.504829020626726,
533,2018,辽宁,25315.35,2033.3,10025.1,13256.95,0.0803188579261199,0.396008745681968,0.523672396391912,
534,2018,吉林,15074.62,1160.75,6410.85,7503.02,0.0770002825941881,0.425274401610124,0.497725315795688,
535,2018,黑龙江,16361.62,3000.96,4030.94,9329.72,0.183414600754693,0.246365579936461,0.570219819308846,
536,2018,上海,32679.87,104.37,9732.54,22842.96,0.00319370915490178,0.297814526189976,0.698991764655123,
537,2018,江苏,92595.4,4141.72,41248.52,47205.16,0.0447292198100554,0.445470509334157,0.509800270855788,
538,2018,浙江,56197.15,1967.01,23505.88,30724.26,0.0350019529460124,0.418275303996733,0.546722743057255,
539,2018,安徽,30006.82,2638.01,13842.09,13526.72,0.0879136809565292,0.461298131558092,0.450788187485378,
540,2018,福建,35804.04,2379.82,17232.36,16191.86,0.0664679181455501,0.481296524079406,0.452235557775044,
541,2018,江西,21984.78,1877.33,10250.21,9857.24,0.0853922577346692,0.466241190496334,0.448366551768997,
542,2018,山东,76469.67,4950.52,33641.72,37877.43,0.0647383465889156,0.43993546722511,0.495326186185974,
543,2018,河南,48055.86,4289.38,22034.83,21731.65,0.0892582090925019,0.458525349457902,0.452216441449596,
544,2018,湖北,39366.55,3547.51,17088.95,18730.09,0.0901148309923018,0.434098238225092,0.475786930782606,
545,2018,湖南,36425.78,3083.59,14453.54,18888.65,0.0846540554519354,0.396794248469079,0.518551696078986,
546,2018,广东,97277.77,3831.44,40695.15,52751.18,0.039386593668831,0.418339667942635,0.542273738388534,
547,2018,广西,20352.51,3019.37,8072.94,9260.2,0.148353692001625,0.396655744180939,0.454990563817436,
548,2018,海南,4832.05,1000.11,1095.79,2736.15,0.206974265580861,0.226775385188481,0.566250349230658,
549,2018,重庆,20363.19,1378.2747,8328.79,10656.1253,0.0676846162119,0.40901204575511,0.52330333803299,
550,2018,四川,40678.13,4426.66,15322.72,20928.75,0.10882161987289,0.376682015618712,0.514496364508398,
551,2018,贵州,14806.45,2159.54,5755.54,6891.37,0.145851301290991,0.38871843014362,0.465430268565389,
552,2018,云南,17881.12,2498.86,6957.44,8424.82,0.139748516871426,0.389094195441896,0.471157287686677,
553,2018,西藏,1477.63,130.25,628.37,719.01,0.0881479125356145,0.425255307485636,0.48659677997875,
554,2018,陕西,24438.32,1830.19,12157.48,10450.65,0.0748901724832149,0.497476094919782,0.427633732597003,
555,2018,甘肃,8246.07,921.3048,2794.67,4530.0952,0.111726531547755,0.338909322865316,0.549364145586928,
556,2018,青海,2865.23,268.1,1247.06,1350.07,0.0935701496912988,0.43523905585241,0.471190794456291,
557,2018,宁夏,3705.18,279.85,1650.26,1775.07,0.0755293939835582,0.44539266648314,0.479077939533302,
558,2018,新疆,12199.08,1692.09,4922.97,5584.02,0.138706361463323,0.403552562980159,0.457741075556517,
559,2019,北京,35371.28,113.69,5715.06,29542.53,0.00321418959110329,0.161573457336008,0.835212353072889,
560,2019,天津,14104.28,185.23,4969.18,8949.87,0.0131328929941833,0.352317168972822,0.634549938032994,
561,2019,河北,35104.52,3518.44,13597.26,17988.82,0.100227549044966,0.387336445563136,0.512436005391898,
562,2019,山西,17026.68,824.72,7453.09,8748.87,0.0484369236985719,0.437730080086077,0.513832996215352,
563,2019,内蒙古,17212.53,1863.19,6818.88,8530.46,0.108246143942814,0.396157915193176,0.49559594086401,
564,2019,辽宁,24909.45,2177.77,9531.24,13200.44,0.0874274622683359,0.382635505802015,0.529937031929649,
565,2019,吉林,11726.82,1287.32,4134.82,6304.68,0.109775710721236,0.352595162200835,0.537629127077929,
566,2019,黑龙江,13612.68,3182.45,3615.21,6815.03,0.233785705680292,0.265576653531854,0.500638375397056,
567,2019,上海,38155.32,103.88,10299.16,27752.28,0.00272255612061437,0.269927234262483,0.727350209616903,
568,2019,江苏,99631.52,4296.28,44270.51,51064.73,0.0431216948210767,0.444342412923139,0.512535892255784,
569,2019,浙江,62351.74,2097.38,26566.6,33687.76,0.0336378744201846,0.426076321206112,0.540285804373703,
570,2019,安徽,37113.98,2915.7,15337.9,18860.38,0.0785606933020926,0.413264758993781,0.508174547704127,
571,2019,福建,42395.0,2596.23,20581.74,19217.03,0.0612390612100484,0.485475645712938,0.453285293077014,
572,2019,江西,24757.5,2057.56,10939.83,11760.11,0.0831085529637484,0.441879430475613,0.475012016560638,
573,2019,山东,71067.53,5116.44,28310.92,37640.17,0.0719940597344526,0.398366455116704,0.529639485148844,
574,2019,河南,54259.2,4635.4,23605.79,26018.01,0.0854306735079028,0.435055990504836,0.479513335987261,
575,2019,湖北,45828.31,3809.09,19098.62,22920.6,0.0831165277532599,0.41674283865148,0.50014063359526,
576,2019,湖南,39752.12,3646.95,14946.98,21158.19,0.0917422768898866,0.376004600509356,0.532253122600757,
577,2019,广东,107671.07,4351.26,43546.43,59773.38,0.0404125267817994,0.404439465494306,0.555148007723895,
578,2019,广西,21237.14,3387.74,7077.43,10771.97,0.159519596329826,0.333257208833204,0.50722319483697,
579,2019,海南,5308.93,1080.36,1099.03,3129.54,0.203498633434609,0.207015349609055,0.589486016956336,
580,2019,重庆,23605.77,1551.42,9496.84,12557.51,0.0657220671047799,0.402310113163011,0.53196781973221,
581,2019,四川,46615.82,4807.24,17365.33,24443.25,0.103124647383656,0.372520101544926,0.524355251071417,
582,2019,贵州,16769.34,2280.56,6058.45,8430.33,0.13599581140343,0.361281362295713,0.502722826300856,
583,2019,云南,23223.75,3037.62,7961.58,12224.55,0.130797997739383,0.342820603907638,0.526381398352979,
584,2019,西藏,1697.82,138.19,635.62,924.01,0.0813926093461027,0.374374197500324,0.544233193153573,
585,2019,陕西,25793.17,1990.93,11980.75,11821.49,0.0771882634046145,0.464493119690213,0.458318616905173,
586,2019,甘肃,8718.3,1050.48,2862.42,4805.4,0.120491380200268,0.328323182271773,0.551185437527958,
587,2019,青海,2965.95,301.9,1159.75,1504.3,0.101788634333013,0.391021426524385,0.507189939142602,
588,2019,宁夏,3748.48,279.93,1584.72,1883.83,0.0746782695919413,0.422763360081953,0.502558370326106,
589,2019,新疆,13597.11,1781.75,4795.5,7019.86,0.131038875172739,0.35268523973109,0.516275885096171,
590,2020,北京,36102.55,107.61,5716.37,30278.57,0.00298067588023561,0.158337014975396,0.838682309144368,
591,2020,天津,14083.73,210.18,4804.08,9069.47,0.014923603335196,0.341108498955887,0.643967897708917,
592,2020,河北,36206.89,3880.14,13597.2,18729.54,0.107165790820476,0.375541782240894,0.517292150748104,
593,2020,山西,17651.93,946.68,7675.44,9029.81,0.0536303962229626,0.434821574751316,0.511548029025721,
594,2020,内蒙古,17359.82,2025.12,6868.03,8466.66,0.116655587442727,0.39562795005939,0.487715886455044,
595,2020,辽宁,25114.96,2284.61,9400.91,13429.44,0.0909661014789592,0.374315149217837,0.534718749303204,
596,2020,吉林,12311.32,1553.0,4326.22,6432.1,0.126144069035652,0.351401799319651,0.522454131644698,
597,2020,黑龙江,13698.5,3438.29,3483.51,6776.7,0.250997554476768,0.254298645837135,0.494703799686097,
598,2020,上海,38700.58,103.57,10289.47,28307.54,0.00267618728194771,0.265873793105943,0.731450019612109,
599,2020,江苏,102718.98,4536.72,44226.43,53955.83,0.0441663264179609,0.430557526953636,0.525276146628403,
600,2020,浙江,64613.34,2169.23,26412.95,36031.16,0.0335724789958235,0.408784780356502,0.557642740647674,
601,2020,安徽,38680.63,3184.68,15671.69,19824.26,0.0823326817582857,0.405156017365798,0.512511300875916,
602,2020,福建,43903.89,2732.32,20328.8,20842.78,0.0622341209400807,0.463029585761079,0.47473652106909,
603,2020,江西,25691.5,2241.59,11084.83,12365.08,0.087250257867388,0.431459042874102,0.48129069925851,
604,2020,山东,73129.0,5363.76,28612.19,39153.05,0.0733465519834813,0.391256409905783,0.535397038110736,
605,2020,河南,54997.07,5353.74,22875.33,26768.01,0.0973459131550099,0.415937249020721,0.486717019652138,
606,2020,湖北,43443.46,4131.91,17023.9,22287.65,0.0951100579926184,0.391863355266823,0.513026586740559,
607,2020,湖南,41781.49,4240.45,15937.69,21603.36,0.101491114845354,0.381453366071914,0.517055758423168,
608,2020,广东,110760.94,4769.99,43450.17,62540.78,0.0430656330652304,0.392287840821864,0.564646526112906,
609,2020,广西,22156.69,3555.82,7108.49,11492.38,0.160485162720605,0.3208281561912,0.518686681088195,
610,2020,海南,5532.39,1135.98,1055.26,3341.15,0.20533259585821,0.190742156644777,0.603925247497013,
611,2020,重庆,25002.79,1803.33,9992.21,13207.25,0.072125150833167,0.399643799751948,0.528231049414885,
612,2020,四川,48598.76,5556.58,17571.11,25471.07,0.114335839021407,0.361554698103408,0.524109462875184,
613,2020,贵州,17826.56,2539.88,6211.62,9075.07,0.142477292309902,0.348447485100883,0.509075783549939,
614,2020,云南,24521.9,3598.91,8287.54,12635.46,0.146763097476134,0.337964839592364,0.515272470730245,
615,2020,西藏,1902.74,150.65,798.25,953.84,0.0791752945751916,0.419526577461976,0.501298127962833,
616,2020,陕西,26181.86,2267.54,11362.58,12551.74,0.0866072922244638,0.433986737382294,0.479405970393242,
617,2020,甘肃,9016.7,1198.14,2852.03,4966.52,0.132880100258409,0.316305300165249,0.55081349052314,
618,2020,青海,3005.92,334.3,1143.55,1528.07,0.11121387129398,0.380432612977059,0.508353515728961,
619,2020,宁夏,3920.55,338.01,1608.96,1973.58,0.0862149443317902,0.410391399165933,0.503393656502276,
620,2020,新疆,13797.58,1981.28,4744.45,7071.85,0.143596195854635,0.343861024904367,0.512542779240997,
621,2021,北京,40269.55,111.34,7268.6,32889.61,0.00276486824411994,0.180498664623767,0.816736467132113,
622,2021,天津,15695.0458,225.4132,5854.2652,9615.3674,0.0143620606701256,0.373000835715943,0.612637103613931,
623,2021,河北,40391.27,4030.34,16364.22,19996.71,0.0997824529904606,0.405142497376289,0.49507504963325,
624,2021,山西,22590.1608,1286.8711,11213.1347,10090.155,0.0569659999941213,0.496372504794211,0.446661495211668,
625,2021,内蒙古,20514.1947,2225.2277,9374.1936,8914.7734,0.108472583620355,0.456961325418248,0.434566090961397,
626,2021,辽宁,27584.075,2461.7574,10875.2283,14247.0893,0.0892456027617384,0.394257494587004,0.516496902651258,
627,2021,吉林,13235.5152,1553.84,4768.28,6913.3952,0.117399283406814,0.360264026594144,0.522336689999041,
628,2021,黑龙江,14879.19,3462.97,3975.29,7440.93,0.232739147762748,0.267171129611222,0.50008972262603,
629,2021,上海,43214.85,99.97,11449.32,31665.56,0.00231332516484496,0.264939482608409,0.732747192226746,
630,2021,江苏,116364.2,4722.42,51775.39,59866.39,0.0405831003006079,0.444942602621769,0.514474297077623,
631,2021,浙江,73515.7577,2209.0852,31188.5714,40118.1011,0.0300491387032253,0.424243351027857,0.545707510268918,
632,2021,安徽,42959.1753,3360.5941,17613.1909,21985.3903,0.0782276213761487,0.40999834789659,0.511774030727261,
633,2021,福建,48810.3558,2897.7397,22866.3198,23046.2963,0.0593673136060196,0.468472712915565,0.472159973478415,
634,2021,江西,29619.673,2334.2914,13183.2083,14102.1733,0.0788088173694558,0.445082844094869,0.476108338535675,
635,2021,山东,83095.9,6029.03,33187.16,43879.71,0.0725550839451766,0.399383844449606,0.528061071605218,
636,2021,河南,58887.4053,5620.8248,24331.6468,28934.9337,0.0954503729849344,0.413189317410798,0.491360309604268,
637,2021,湖北,50012.9369,4661.667,18952.902,26398.3679,0.0932092232319994,0.378959988650456,0.527830788117544,
638,2021,湖南,46063.0863,4322.9171,18126.0873,23614.0819,0.0938477520122224,0.393505706108103,0.512646541879674,
639,2021,广东,124369.6716,5003.6601,50219.1918,69146.8197,0.0402321565670195,0.403789695300603,0.555978148132378,
640,2021,广西,24740.86,4015.51,8187.9,12537.45,0.162302765546549,0.330946458611382,0.506750775842069,
641,2021,海南,6475.2,1254.44,1238.8,3981.96,0.193729923400049,0.19131455399061,0.61495552260934,
642,2021,重庆,27894.02,1922.03,11184.94,14787.05,0.0689047329857797,0.400979851595432,0.530115415418789,
643,2021,四川,53850.79,5661.86,19901.38,28287.55,0.105139776036712,0.369565237575902,0.525294986387386,
644,2021,贵州,19586.4224,2730.9222,6984.704,9870.7962,0.139429352856191,0.356609484741838,0.503961162401971,
645,2021,云南,27146.7644,3870.1711,9589.3688,13687.2245,0.142564728634842,0.353241685038531,0.504193586326627,
646,2021,西藏,2080.1728,164.117,757.28,1158.7703,0.0788958494217404,0.364046679198959,0.557054827368188,
647,2021,陕西,29800.9792898437,2409.3899,13802.5237,13589.0656898437,0.0808493531895823,0.463156715950739,0.455993930859678,
648,2021,甘肃,10243.3051,1364.7218,3466.5611,5412.0222,0.133230611279947,0.338422127053503,0.528347261666549,
649,2021,青海,3346.6341,352.6517,1332.6092,1661.3732,0.105375039356708,0.398193874854738,0.496431085788554,
650,2021,宁夏,4522.3088,364.4773,2021.5527,2136.2788,0.0805954029499268,0.447017837437373,0.4723867596127,
651,2021,新疆,15983.6469,2356.0571,5967.3632,7660.2266,0.147404226003016,0.373341780967396,0.479253993029588,
652,2022,北京,41610.9,111.5,6605.1,34894.3,0.00267958635838206,0.158734850724209,0.838585562917409,
653,2022,天津,16311.3,273.1,6038.9,9999.3,0.0167429941206403,0.37022800144685,0.61302900443251,
654,2022,河北,42370.4,4410.3,17050.1,20910.0,0.104089175462115,0.402405924890962,0.493504899646923,
655,2022,山西,25642.6,1340.4,13840.8,10461.3,0.0522723904752248,0.539758058855186,0.407965650909034,
656,2022,内蒙古,23158.6,2653.7,11241.8,9263.1,0.114588101180555,0.485426580190512,0.399985318628933,
657,2022,辽宁,28975.1,2597.6,11755.8,14621.7,0.0896493886129815,0.40572077404392,0.504629837343098,
658,2022,吉林,13070.2,1689.1,4628.3,6752.8,0.129232911508623,0.3541108781809,0.516656210310477,
659,2022,黑龙江,15901.0,3609.8,4648.9,7642.2,0.227017168731526,0.292365260046538,0.480611282309289,
660,2022,上海,44652.8,97.0,11458.4,33097.4,0.00217231618174,0.256611007596388,0.741216676221872,
661,2022,江苏,122875.6,4959.4,55888.7,62027.5,0.040361145744151,0.454839691525413,0.504799162730436,
662,2022,浙江,77715.4,2324.8,33205.2,42185.4,0.0299142769644112,0.42726666786763,0.542819055167959,
663,2022,安徽,45045.0,3513.7,18588.0,22943.3,0.078004218004218,0.412654012654013,0.509341769341769,
664,2022,福建,53109.9,3076.2,25078.2,24955.5,0.0579214044839098,0.472194449622387,0.469884145893703,
665,2022,江西,32074.7,2451.5,14359.6,15263.7,0.0764309564859531,0.447692418011704,0.475879743224411,
666,2022,山东,87435.1,6298.6,35014.2,46122.3,0.0720374311918211,0.400459312106923,0.527503256701256,
667,2022,河南,61345.1,5817.8,25465.0,30062.2,0.0948372404641936,0.415110579329074,0.490050550084685,
668,2022,湖北,53734.9,4986.7,21240.6,27507.6,0.0928018848085695,0.395285000995629,0.511913114195802,
669,2022,湖南,48670.4,4602.7,19182.6,24885.1,0.0945687728064696,0.394132778855321,0.51129844833821,
670,2022,广东,129118.6,5340.4,52843.5,70934.7,0.0413604236724995,0.409263266485231,0.549376309842269,
671,2022,广西,26300.9,4269.8,8938.6,13092.5,0.162344254379128,0.339859092274409,0.497796653346463,
672,2022,海南,6818.2,1417.8,1310.9,4089.5,0.207943445484145,0.192264820627145,0.59979173388871,
673,2022,重庆,29129.0,2012.1,11693.9,15423.1,0.0690754917779532,0.40145216107659,0.529475780150366,
674,2022,四川,56749.8,5964.3,21157.1,29628.4,0.105098167746847,0.372813648682462,0.522088183570691,
675,2022,贵州,20164.6,2861.2,7113.0,10190.4,0.14189222697202,0.352746893070034,0.505360879957946,
676,2022,云南,28954.2,4012.2,10471.2,14470.8,0.138570570072736,0.361647014940838,0.499782414986427,
677,2022,西藏,2132.6,180.2,804.7,1147.8,0.0844977961174154,0.377332833161399,0.538216261840007,
678,2022,陕西,32772.7,2575.3,15933.1,14264.2,0.0785806479173214,0.486169891403516,0.435246409359009,
679,2022,甘肃,11201.6,1515.3,3945.0,5741.2,0.135275317811741,0.352181831166976,0.512533923725182,
680,2022,青海,3610.1,380.2,1585.7,1644.2,0.105315642225977,0.439239910251794,0.455444447522229,
681,2022,宁夏,5069.6,407.5,2449.1,2213.0,0.0803810951554363,0.483095313239703,0.43652359160486,
682,2022,新疆,17741.3,2509.3,7271.1,7961.0,0.141438338791408,0.409840316098595,0.448726981675525,
683,2023,北京,43760.7,105.5,6525.6,37129.6,0.00241083894910273,0.149120100912463,0.848469060138435,
684,2023,天津,16737.3,268.5,5982.6,10486.2,0.0160420139449015,0.357441164345504,0.626516821709595,
685,2023,河北,43944.1,4466.2,16435.3,23042.6,0.101633666408005,0.374004701427495,0.5243616321645,
686,2023,山西,25698.2,1388.9,13329.7,10979.6,0.0540465869204847,0.518701698951678,0.427251714127838,
687,2023,内蒙古,24627.0,2737.3,11703.6,10186.1,0.11115036342226,0.475234498720916,0.413615137856824,
688,2023,辽宁,30209.4,2651.0,11734.5,15823.9,0.0877541427502698,0.388438697888737,0.523807159360994,
689,2023,吉林,13531.2,1644.8,4585.0,7301.4,0.121556107366678,0.338846517677663,0.539597374955658,
690,2023,黑龙江,15883.9,3518.3,4291.3,8074.3,0.221501016752813,0.270166646730337,0.50833233651685,
691,2023,上海,47218.7,96.1,11613.0,35509.6,0.00203521062629848,0.245940697223769,0.752024092149932,
692,2023,江苏,128222.2,5075.8,56909.7,66236.7,0.0395859687324036,0.44383655872384,0.516577472543756,
693,2023,浙江,82553.2,2332.0,33952.7,46268.6,0.028248450696036,0.411282663785292,0.560470096858753,
694,2023,安徽,47050.6,3496.6,18871.8,24682.2,0.074315736674984,0.401095841498302,0.524588421826714,
695,2023,福建,54355.1,3217.7,23966.4,27171.0,0.0591977569722068,0.440922746899555,0.499879496128238,
696,2023,江西,32200.1,2450.4,13706.5,16043.2,0.0760991425492468,0.425666379918075,0.498234477532679,
697,2023,山东,92068.7,6506.2,35987.9,49574.6,0.0706667955559273,0.390880939993722,0.538452264450351,
698,2023,河南,59132.4,5360.1,22175.3,31597.0,0.0906457373622583,0.375010992281727,0.534343270356015,
699,2023,湖北,55803.6,5073.4,20215.5,30514.7,0.0909152814513759,0.362261574522074,0.54682314402655,
700,2023,湖南,50012.9,4621.3,18822.8,26568.8,0.0924021602426574,0.376358899403954,0.531238940353389,
701,2023,广东,135673.2,5540.7,54437.3,75695.2,0.0408385738672044,0.401238417019721,0.557923009113075,
702,2023,广西,27202.4,4468.2,8924.1,13810.1,0.164257565508926,0.328062965032497,0.507679469458577,
703,2023,海南,7551.2,1507.4,1448.5,4595.3,0.199623900836953,0.191823816082212,0.608552283080835,
704,2023,重庆,30145.8,2074.7,11699.1,16372.0,0.0688221908192849,0.388083912186772,0.543093896993943,
705,2023,四川,60132.9,6056.6,21306.7,32769.5,0.10072023800615,0.354326832732165,0.544951266278526,
706,2023,贵州,20913.3,2894.3,7311.4,10707.5,0.138395183926018,0.34960527511201,0.511994759315842,
707,2023,云南,30021.1,4206.6,10256.3,15558.2,0.140121447914967,0.341636382411038,0.518242169673996,
708,2023,西藏,2392.7,215.0,883.0,1294.7,0.0898566473022109,0.369039160780708,0.541104191917081,
709,2023,陕西,33786.1,2649.8,16068.9,15067.4,0.0784287029281273,0.475606832395571,0.445964464676302,
710,2023,甘肃,11863.8,1641.3,4080.8,6141.8,0.138345218226875,0.343970734503279,0.517692476272358,
711,2023,青海,3799.1,387.0,1612.8,1799.2,0.101866231475876,0.424521597220394,0.473585849280093,
712,2023,宁夏,5315.0,428.1,2487.2,2399.6,0.0805456255879586,0.467958607714017,0.451476952022578,
713,2023,新疆,19125.9,2742.2,7710.3,8673.4,0.143376259417857,0.40313397016611,0.453489770416033,
