row_id,全国主要城市间公路里程表,Unnamed: 1,Unnamed: 2,Unnamed: 3,Unnamed: 4,Unnamed: 5,Unnamed: 6,Unnamed: 7,Unnamed: 8,Unnamed: 9,Unnamed: 10,Unnamed: 11,Unnamed: 12,Unnamed: 13,Unnamed: 14,Unnamed: 15,Unnamed: 16,Unnamed: 17,Unnamed: 18,Unnamed: 19,Unnamed: 20,Unnamed: 21,Unnamed: 22,Unnamed: 23,Unnamed: 24,Unnamed: 25,Unnamed: 26,Unnamed: 27,Unnamed: 28,Unnamed: 29,Unnamed: 30,Unnamed: 31
1,地理矩阵,安徽省,北京市,福建省,甘肃省,广东省,广西壮族自治区,贵州省,海南省,河北省,河南省,黑龙江省,湖北省,湖南省,吉林省,,,,,,,,,,,,,,,,,
2,安徽省,0,1106,1172,1678,1378,1861,1806,0,954,649,2375,512,904,2015,162.0,503.0,1700.0,1684.0,1667.0,1902.0,649.0,1144.0,987.0,511.0,2004.0,996.0,3792.0,3716.0,2471.0,514.0,1743.0
3,北京市,1106,0,2257,1782,2478,2657,2618,0,279,722,1392,1253,1645,1032,1141.0,1609.0,717.0,578.0,1253.0,2006.0,457.0,503.0,1224.0,1490.0,2161.0,118.0,3896.0,3820.0,3228.0,1493.0,2136.0
4,福建省,1172,2257,0,2714,985,1714,2028,0,2131,1688,3256,1157,1130,3166,1116.0,725.0,2851.0,2772.0,2703.0,2938.0,1800.0,2183.0,2023.0,1107.0,2649.0,2147.0,4799.0,4752.0,2691.0,894.0,2485.0
5,甘肃省,1678,1782,2714,0,2724,2439,1789,0,1504,1233,3122,1557,1891,1814,1840.0,1989.0,2499.0,1204.0,529.0,224.0,1667.0,1280.0,691.0,2189.0,1084.0,1837.0,2114.0,2038.0,2178.0,2192.0,1278.0
6,广东省,1378,2478,985,2724,0,729,1359,0,2199,1756,3753,1225,833,3393,1540.0,875.0,3078.0,2840.0,2713.0,2948.0,2027.0,2251.0,2033.0,1653.0,2200.0,2374.0,403.0,4762.0,1706.0,1440.0,1870.0
7,广西壮族自治区,1861,2657,1714,2439,729,0,650,0,2378,1935,3976,1404,1012,3616,2023.0,1358.0,3301.0,3019.0,2753.0,2663.0,2297.0,2430.0,2073.0,2195.0,1491.0,2597.0,3302.0,4477.0,977.0,1982.0,1161.0
8,贵州省,1806,2618,2028,1789,1359,650,0,0,2339,1896,4009,1377,957,3649,1968.0,1303.0,3334.0,2575.0,2103.0,2013.0,2270.0,2144.0,1423.0,2121.0,841.0,2630.0,2956.0,3827.0,714.0,1908.0,511.0
9,海南省,0,0,0,0,0,0,0,0,0,0,0,0,0,0,0.0,0.0,0.0,0.0,0.0,0.0,0.0,0.0,0.0,0.0,0.0,0.0,0.0,0.0,0.0,0.0,0.0
10,河北省,954,279,2131,1504,2199,2378,2339,0,0,443,1671,974,1366,1311,989.0,1406.0,996.0,813.0,1119.0,1728.0,314.0,224.0,945.0,1338.0,1882.0,333.0,3618.0,3542.0,2949.0,1341.0,1857.0
11,河南省,649,722,1688,1233,1756,1935,1896,0,443,0,2113,531,923,1753,746.0,963.0,1438.0,1084.0,1206.0,1457.0,434.0,495.0,542.0,1095.0,1479.0,734.0,3347.0,3271.0,2546.0,1098.0,1454.0
12,黑龙江省,2375,1392,3256,3122,3753,3976,4009,0,1671,2113,0,2572,2964,360,2410.0,2878.0,675.0,1918.0,2593.0,3346.0,1726.0,1895.0,2616.0,2759.0,3553.0,1379.0,5236.0,5160.0,4620.0,2762.0,3528.0
13,湖北省,512,1253,1157,1557,1225,1404,1377,0,974,531,2572,0,392,2212,674.0,432.0,1897.0,1615.0,1546.0,1781.0,893.0,1026.0,866.0,919.0,1492.0,1193.0,3642.0,3595.0,2014.0,875.0,1231.0
14,湖南省,904,1645,1130,1891,833,1012,957,0,1366,923,2964,392,0,2604,1066.0,405.0,2289.0,2007.0,1880.0,2115.0,1285.0,1418.0,1200.0,1223.0,1752.0,1585.0,3902.0,3929.0,1622.0,1010.0,1355.0
15,吉林省,2015,1032,3166,1814,3393,3616,3649,0,1311,1753,360,2212,2604,0,2050.0,2518.0,315.0,1610.0,2285.0,3038.0,1366.0,1535.0,2256.0,2399.0,3193.0,1019.0,4928.0,4852.0,4260.0,2402.0,3168.0
16,江苏省,162,1141,1116,1840,1540,2023,1968,0,989,746,2410,674,1066,2050,0.0,665.0,1735.0,1719.0,1829.0,2064.0,684.0,1213.0,1149.0,349.0,2166.0,1031.0,3954.0,3878.0,2633.0,352.0,1905.0
17,江西省,503,1609,725,1989,875,1358,1303,0,1406,963,2878,432,405,2518,665.0,0.0,2203.0,2047.0,1978.0,2213.0,1152.0,1458.0,1298.0,837.0,1924.0,1499.0,4074.0,4027.0,1968.0,624.0,1760.0
18,辽宁省,1700,717,2851,2499,3078,3301,3334,0,996,1438,675,1897,2289,315,1735.0,2203.0,0.0,1295.0,1970.0,2723.0,1051.0,1220.0,1941.0,2084.0,2878.0,704.0,4613.0,4537.0,3945.0,2087.0,2853.0
19,内蒙古自治区,1684,578,2772,1204,2840,3019,2575,0,813,1084,1918,1615,2007,1610,1719.0,2047.0,1295.0,0.0,675.0,1428.0,1035.0,589.0,1152.0,2068.0,2089.0,696.0,4239.0,3242.0,3156.0,2071.0,2064.0
20,宁夏回族自治区,1667,1253,2703,529,2713,2753,2103,0,1119,1206,2593,1546,1880,2285,1829.0,1978.0,1970.0,675.0,0.0,753.0,1433.0,895.0,680.0,2178.0,1613.0,1371.0,2643.0,2567.0,2684.0,2181.0,1592.0
21,青海省,1902,2006,2938,224,2948,2663,2013,0,1728,1457,3346,1781,2115,3038,2064.0,2213.0,2723.0,1428.0,753.0,0.0,1891.0,1504.0,915.0,2413.0,1308.0,2061.0,1890.0,1824.0,2402.0,2416.0,1502.0
22,山东省,649,457,1800,1667,2027,2297,2270,0,314,434,1726,893,1285,1366,684.0,1152.0,1051.0,1035.0,1433.0,1891.0,0.0,538.0,976.0,1033.0,1913.0,347.0,3781.0,3705.0,2907.0,1036.0,1888.0
23,山西省,1144,503,2183,1280,2251,2430,2144,0,224,495,1895,1026,1418,1535,1213.0,1458.0,1220.0,589.0,895.0,1504.0,538.0,0.0,721.0,1562.0,1658.0,557.0,3808.0,3318.0,2725.0,1565.0,1632.0
24,陕西省,987,1224,2023,691,2033,2073,1423,0,945,542,2616,866,1200,2256,1149.0,1298.0,1941.0,1152.0,680.0,915.0,976.0,721.0,0.0,1498.0,937.0,1276.0,2805.0,2729.0,2004.0,1501.0,912.0
25,上海市,511,1490,1107,2189,1653,2195,2121,0,1338,1095,2759,919,1223,2399,349.0,837.0,2084.0,2068.0,2178.0,2413.0,1033.0,1562.0,1498.0,0.0,2411.0,1380.0,4303.0,4227.0,2786.0,213.0,2150.0
26,四川省,2004,2161,2649,1084,2200,1491,841,0,1882,1479,3553,1492,1752,3193,2166.0,1924.0,2878.0,2089.0,1613.0,1308.0,1913.0,1658.0,937.0,2411.0,0.0,2213.0,2150.0,3122.0,1094.0,2367.0,340.0
27,天津市,996,118,2147,1837,2374,2597,2630,0,333,734,1379,1193,1585,1019,1031.0,1499.0,704.0,696.0,1371.0,2061.0,347.0,557.0,1276.0,1380.0,2213.0,0.0,3951.0,3875.0,3280.0,1383.0,2188.0
28,西藏自治区,3792,3896,4799,2114,403,3302,2956,0,3618,3347,5236,3642,3902,4928,3954.0,4074.0,4613.0,4239.0,2643.0,1890.0,3781.0,3808.0,2805.0,4303.0,2150.0,3951.0,0.0,2650.0,2325.0,4306.0,2547.0
29,新疆维吾尔自治区,3716,3820,4752,2038,4762,4477,3827,0,3542,3271,5160,3595,3929,4852,3878.0,4027.0,4537.0,3242.0,2567.0,1824.0,3705.0,3318.0,2729.0,4227.0,3122.0,3875.0,2650.0,0.0,4216.0,4230.0,3316.0
30,云南省,2471,3228,2691,2178,1706,977,714,0,2949,2546,4620,2014,1622,4260,2633.0,1968.0,3945.0,3156.0,2684.0,2402.0,2907.0,2725.0,2004.0,2786.0,1094.0,3280.0,2325.0,4216.0,0.0,2573.0,1092.0
31,浙江省,514,1493,894,2192,1440,1982,1908,0,1341,1098,2762,875,1010,2402,352.0,624.0,2087.0,2071.0,2181.0,2416.0,1036.0,1565.0,1501.0,213.0,2367.0,1383.0,4306.0,4230.0,2573.0,0.0,2106.0
32,重庆市,1743,2136,2485,1278,1870,1161,511,0,1857,1454,3528,1231,1355,3168,1905.0,1760.0,2853.0,2064.0,1592.0,1502.0,1888.0,1632.0,912.0,2150.0,340.0,2188.0,2547.0,3316.0,1092.0,2106.0,0.0
33,1/公路里程,安徽省,北京市,福建省,甘肃省,广东省,广西壮族自治区,贵州省,海南省,河北省,河南省,黑龙江省,湖北省,湖南省,吉林省,,,,,,,,,,,,,,,,,
34,安徽省,0,0.000904159132007233,0.000853242320819113,0.000595947556615018,0.000725689404934688,0.000537345513164965,0.000553709856035437,0,0.0010482180293501,0.00154083204930663,0.000421052631578947,0.001953125,0.00110619469026549,0.000496277915632754,0.0061728395061728,0.0019880715705765,0.0005882352941176,0.0005938242280285,0.0005998800239952,0.0005257623554153,0.0015408320493066,0.0008741258741258,0.0010131712259371,0.0019569471624266,0.0004990019960079,0.001004016064257,0.0002637130801687,0.0002691065662002,0.0004046944556859,0.0019455252918287,0.0005737234652897
35,北京市,0.000904159132007233,0,0.000443066016836509,0.000561167227833895,0.000403551251008878,0.000376364320662401,0.000381970970206264,0,0.003584229390681,0.00138504155124654,0.000718390804597701,0.000798084596967279,0.00060790273556231,0.000968992248062015,0.0008764241893076,0.0006215040397762,0.00139470013947,0.0017301038062283,0.0007980845969672,0.0004985044865403,0.0021881838074398,0.0019880715705765,0.0008169934640522,0.0006711409395973,0.000462748727441,0.0084745762711864,0.0002566735112936,0.000261780104712,0.0003097893432465,0.000669792364367,0.0004681647940074
36,福建省,0.000853242320819113,0.000443066016836509,0,0.000368459837877671,0.00101522842639594,0.00058343057176196,0.000493096646942801,0,0.000469263256687001,0.000592417061611374,0.000307125307125307,0.000864304235090752,0.000884955752212389,0.000315855969677827,0.0008960573476702,0.0013793103448275,0.0003507541213609,0.0003607503607503,0.0003699593044765,0.0003403675970047,0.0005555555555555,0.0004580852038479,0.0004943153732081,0.000903342366757,0.0003775009437523,0.0004657661853749,0.0002083767451552,0.0002104377104377,0.0003716090672612,0.0011185682326621,0.0004024144869215
37,甘肃省,0.000595947556615018,0.000561167227833895,0.000368459837877671,0,0.000367107195301028,0.000410004100041,0.000558971492453885,0,0.000664893617021277,0.0008110300081103,0.000320307495195388,0.000642260757867694,0.000528820729772607,0.000551267916207277,0.0005434782608695,0.0005027652086475,0.0004001600640256,0.0008305647840531,0.0018903591682419,0.0044642857142857,0.0005998800239952,0.00078125,0.0014471780028943,0.0004568296025582,0.0009225092250922,0.0005443658138268,0.0004730368968779,0.0004906771344455,0.0004591368227731,0.000456204379562,0.0007824726134585
38,广东省,0.000725689404934688,0.000403551251008878,0.00101522842639594,0.000367107195301028,0,0.00137174211248285,0.000735835172921266,0,0.00045475216007276,0.000569476082004556,0.000266453503863576,0.000816326530612245,0.00120048019207683,0.000294724432655467,0.0006493506493506,0.0011428571428571,0.0003248862897985,0.0003521126760563,0.0003685956505713,0.0003392130257801,0.0004933399111988,0.0004442470013327,0.0004918839153959,0.0006049606775559,0.0004545454545454,0.0004212299915754,0.0024813895781637,0.0002099958000839,0.0005861664712778,0.0006944444444444,0.0005347593582887
39,广西壮族自治区,0.000537345513164965,0.000376364320662401,0.00058343057176196,0.000410004100041,0.00137174211248285,0,0.00153846153846154,0,0.000420521446593776,0.000516795865633075,0.000251509054325956,0.000712250712250712,0.000988142292490119,0.000276548672566372,0.0004943153732081,0.0007363770250368,0.0003029385034837,0.0003312355084465,0.0003632401017072,0.0003755163349605,0.0004353504571179,0.0004115226337448,0.0004823926676314,0.0004555808656036,0.0006706908115358,0.000385059684251,0.0003028467595396,0.0002233638597274,0.0010235414534288,0.0005045408678102,0.0008613264427217
40,贵州省,0.000553709856035437,0.000381970970206264,0.000493096646942801,0.000558971492453885,0.000735835172921266,0.00153846153846154,0,0,0.000427533133817871,0.000527426160337553,0.000249438762783737,0.000726216412490922,0.00104493207941484,0.000274047684297068,0.0005081300813008,0.0007674597083653,0.0002999400119976,0.0003883495145631,0.0004755111745126,0.0004967709885742,0.0004405286343612,0.0004664179104477,0.0007027406886858,0.0004714757190004,0.0011890606420927,0.0003802281368821,0.0003382949932341,0.0002613012803762,0.0014005602240896,0.000524109014675,0.0019569471624266
41,海南省,0,0,0,0,0,0,0,0,0,0,0,0,0,0,0.0,0.0,0.0,0.0,0.0,0.0,0.0,0.0,0.0,0.0,0.0,0.0,0.0,0.0,0.0,0.0,0.0
42,河北省,0.0010482180293501,0.003584229390681,0.000469263256687001,0.000664893617021277,0.00045475216007276,0.000420521446593776,0.000427533133817871,0,0,0.00225733634311512,0.000598444045481747,0.00102669404517454,0.000732064421669107,0.0007627765064836,0.0010111223458038,0.0007112375533428,0.001004016064257,0.001230012300123,0.000893655049151,0.0005787037037037,0.0031847133757961,0.0044642857142857,0.001058201058201,0.0007473841554559,0.0005313496280552,0.003003003003003,0.0002763957987838,0.0002823263692828,0.0003390979993218,0.0007457121551081,0.0005385029617662
43,河南省,0.00154083204930663,0.00138504155124654,0.000592417061611374,0.0008110300081103,0.000569476082004556,0.000516795865633075,0.000527426160337553,0,0.00225733634311512,0,0.000473260766682442,0.00188323917137476,0.00108342361863489,0.000570450656018254,0.0013404825737265,0.0010384215991692,0.0006954102920723,0.0009225092250922,0.0008291873963515,0.0006863417982155,0.0023041474654377,0.002020202020202,0.0018450184501845,0.0009132420091324,0.0006761325219743,0.0013623978201634,0.0002987750224081,0.0003057169061449,0.0003927729772191,0.0009107468123861,0.0006877579092159
44,黑龙江省,0.000421052631578947,0.000718390804597701,0.000307125307125307,0.000320307495195388,0.000266453503863576,0.000251509054325956,0.000249438762783737,0,0.000598444045481747,0.000473260766682442,0,0.000388802488335925,0.000337381916329285,0.00277777777777778,0.0004149377593361,0.0003474635163307,0.0014814814814814,0.0005213764337851,0.0003856536829926,0.0002988643156007,0.0005793742757821,0.0005277044854881,0.0003822629969418,0.0003624501631025,0.0002814522938361,0.0007251631617113,0.0001909854851031,0.0001937984496124,0.0002164502164502,0.000362056480811,0.0002834467120181
45,湖北省,0.001953125,0.000798084596967279,0.000864304235090752,0.000642260757867694,0.000816326530612245,0.000712250712250712,0.000726216412490922,0,0.00102669404517454,0.00188323917137476,0.000388802488335925,0,0.00255102040816327,0.000452079566003617,0.0014836795252225,0.0023148148148148,0.0005271481286241,0.0006191950464396,0.000646830530401,0.0005614823133071,0.0011198208286674,0.0009746588693957,0.0011547344110854,0.001088139281828,0.0006702412868632,0.0008382229673093,0.000274574409665,0.0002781641168289,0.0004965243296921,0.0011428571428571,0.000812347684809
46,湖南省,0.00110619469026549,0.00060790273556231,0.000884955752212389,0.000528820729772607,0.00120048019207683,0.000988142292490119,0.00104493207941484,0,0.000732064421669107,0.00108342361863489,0.000337381916329285,0.00255102040816327,0,0.000384024577572965,0.0009380863039399,0.0024691358024691,0.000436871996505,0.0004982561036372,0.000531914893617,0.0004728132387706,0.0007782101167315,0.0007052186177715,0.0008333333333333,0.0008176614881439,0.0005707762557077,0.0006309148264984,0.0002562788313685,0.0002545176889793,0.000616522811344,0.0009900990099009,0.0007380073800738
47,吉林省,0.000496277915632754,0.000968992248062015,0.000315855969677827,0.000551267916207277,0.000294724432655467,0.000276548672566372,0.000274047684297068,0,0.0007627765064836,0.000570450656018254,0.00277777777777778,0.000452079566003617,0.000384024577572965,0,0.0004878048780487,0.000397140587768,0.0031746031746031,0.0006211180124223,0.0004376367614879,0.0003291639236339,0.0007320644216691,0.0006514657980456,0.0004432624113475,0.0004168403501458,0.0003131850923896,0.000981354268891,0.000202922077922,0.0002061005770816,0.0002347417840375,0.0004163197335553,0.0003156565656565
48,江苏省,0.00617283950617284,0.000876424189307625,0.000896057347670251,0.000543478260869565,0.000649350649350649,0.000494315373208107,0.000508130081300813,0,0.00101112234580384,0.00134048257372654,0.0004149377593361,0.00148367952522255,0.000938086303939962,0.00048780487804878,0.0,0.0015037593984962,0.0005763688760806,0.0005817335660267,0.0005467468562055,0.000484496124031,0.0014619883040935,0.0008244023083264,0.000870322019147,0.0028653295128939,0.0004616805170821,0.0009699321047526,0.0002529084471421,0.0002578648788035,0.0003797949107481,0.002840909090909,0.0005249343832021
49,江西省,0.00198807157057654,0.000621504039776259,0.00137931034482759,0.000502765208647562,0.00114285714285714,0.000736377025036819,0.000767459708365311,0,0.000711237553342817,0.00103842159916926,0.000347463516330785,0.00231481481481481,0.00246913580246914,0.00039714058776807,0.0015037593984962,0.0,0.0004539264639128,0.0004885197850512,0.0005055611729019,0.000451875282422,0.0008680555555555,0.0006858710562414,0.0007704160246533,0.001194743130227,0.0005197505197505,0.000667111407605,0.0002454590083456,0.0002483238142537,0.0005081300813008,0.0016025641025641,0.0005681818181818
50,辽宁省,0.000588235294117647,0.00139470013947001,0.000350754121360926,0.00040016006402561,0.00032488628979857,0.000302938503483793,0.0002999400119976,0,0.00100401606425703,0.000695410292072323,0.00148148148148148,0.000527148128624143,0.000436871996505024,0.00317460317460317,0.0005763688760806,0.0004539264639128,0.0,0.0007722007722007,0.0005076142131979,0.0003672420124862,0.0009514747859181,0.0008196721311475,0.0005151983513652,0.0004798464491362,0.0003474635163307,0.0014204545454545,0.0002167786689789,0.0002204099625303,0.000253485424588,0.0004791566842357,0.0003505082369435
51,内蒙古自治区,0.000593824228028504,0.00173010380622837,0.000360750360750361,0.000830564784053156,0.000352112676056338,0.000331235508446505,0.000388349514563107,0,0.001230012300123,0.000922509225092251,0.000521376433785193,0.000619195046439629,0.00049825610363727,0.00062111801242236,0.0005817335660267,0.0004885197850512,0.0007722007722007,0.0,0.0014814814814814,0.0007002801120448,0.0009661835748792,0.0016977928692699,0.0008680555555555,0.0004835589941972,0.0004786979415988,0.0014367816091954,0.0002359046945034,0.000308451573103,0.0003168567807351,0.0004828585224529,0.000484496124031
52,宁夏回族自治区,0.000599880023995201,0.000798084596967279,0.000369959304476508,0.00189035916824197,0.000368595650571323,0.000363240101707228,0.000475511174512601,0,0.000893655049151028,0.000829187396351575,0.000385653682992673,0.000646830530401035,0.000531914893617021,0.000437636761487965,0.0005467468562055,0.0005055611729019,0.0005076142131979,0.0014814814814814,0.0,0.0013280212483399,0.0006978367062107,0.0011173184357541,0.0014705882352941,0.0004591368227731,0.0006199628022318,0.0007293946024799,0.0003783579265985,0.0003895597974289,0.0003725782414307,0.0004585052728106,0.0006281407035175
53,青海省,0.000525762355415352,0.000498504486540379,0.000340367597004765,0.00446428571428571,0.00033921302578019,0.000375516334960571,0.000496770988574267,0,0.000578703703703704,0.000686341798215511,0.000298864315600717,0.000561482313307131,0.000472813238770686,0.00032916392363397,0.000484496124031,0.000451875282422,0.0003672420124862,0.0007002801120448,0.0013280212483399,0.0,0.0005288207297726,0.0006648936170212,0.0010928961748633,0.0004144218814753,0.0007645259938837,0.0004852013585638,0.0005291005291005,0.000548245614035,0.0004163197335553,0.0004139072847682,0.0006657789613848
54,山东省,0.00154083204930663,0.00218818380743982,0.000555555555555556,0.000599880023995201,0.000493339911198816,0.00043535045711798,0.000440528634361233,0,0.00318471337579618,0.00230414746543779,0.000579374275782155,0.00111982082866741,0.000778210116731518,0.000732064421669107,0.0014619883040935,0.0008680555555555,0.0009514747859181,0.0009661835748792,0.0006978367062107,0.0005288207297726,0.0,0.0018587360594795,0.0010245901639344,0.0009680542110358,0.0005227391531625,0.0028818443804034,0.0002644802962179,0.0002699055330634,0.000343997248022,0.0009652509652509,0.0005296610169491
55,山西省,0.000874125874125874,0.00198807157057654,0.000458085203847916,0.00078125,0.000444247001332741,0.000411522633744856,0.000466417910447761,0,0.00446428571428571,0.00202020202020202,0.000527704485488127,0.000974658869395711,0.000705218617771509,0.000651465798045603,0.0008244023083264,0.0006858710562414,0.0008196721311475,0.0016977928692699,0.0011173184357541,0.0006648936170212,0.0018587360594795,0.0,0.0013869625520111,0.0006402048655569,0.0006031363088057,0.0017953321364452,0.0002626050420168,0.0003013863773357,0.0003669724770642,0.0006389776357827,0.0006127450980392
56,陕西省,0.00101317122593718,0.000816993464052288,0.000494315373208107,0.00144717800289436,0.000491883915395967,0.000482392667631452,0.000702740688685875,0,0.00105820105820106,0.0018450184501845,0.000382262996941896,0.00115473441108545,0.000833333333333333,0.000443262411347518,0.000870322019147,0.0007704160246533,0.0005151983513652,0.0008680555555555,0.0014705882352941,0.0010928961748633,0.0010245901639344,0.0013869625520111,0.0,0.000667556742323,0.0010672358591248,0.0007836990595611,0.0003565062388591,0.0003664345914254,0.0004990019960079,0.0006662225183211,0.0010964912280701
57,上海市,0.00195694716242661,0.000671140939597315,0.000903342366757001,0.000456829602558246,0.000604960677555959,0.000455580865603645,0.000471475719000471,0,0.000747384155455904,0.00091324200913242,0.000362450163102573,0.00108813928182807,0.000817661488143908,0.000416840350145894,0.0028653295128939,0.001194743130227,0.0004798464491362,0.0004835589941972,0.0004591368227731,0.0004144218814753,0.0009680542110358,0.0006402048655569,0.000667556742323,0.0,0.0004147656574035,0.0007246376811594,0.0002323960027887,0.0002365744026496,0.0003589375448671,0.0046948356807511,0.0004651162790697
58,四川省,0.000499001996007984,0.000462748727441,0.000377500943752359,0.000922509225092251,0.000454545454545455,0.000670690811535882,0.00118906064209275,0,0.00053134962805526,0.000676132521974307,0.000281452293836195,0.000670241286863271,0.000570776255707763,0.000313185092389602,0.0004616805170821,0.0005197505197505,0.0003474635163307,0.0004786979415988,0.0006199628022318,0.0007645259938837,0.0005227391531625,0.0006031363088057,0.0010672358591248,0.0004147656574035,0.0,0.000451875282422,0.0004651162790697,0.0003203074951953,0.0009140767824497,0.0004224757076468,0.0029411764705882
59,天津市,0.00100401606425703,0.00847457627118644,0.000465766185374942,0.000544365813826892,0.0004212299915754,0.000385059684251059,0.000380228136882129,0,0.003003003003003,0.00136239782016349,0.000725163161711385,0.000838222967309304,0.000630914826498423,0.00098135426889107,0.0009699321047526,0.000667111407605,0.0014204545454545,0.0014367816091954,0.0007293946024799,0.0004852013585638,0.0028818443804034,0.0017953321364452,0.0007836990595611,0.0007246376811594,0.000451875282422,0.0,0.0002531004808909,0.000258064516129,0.0003048780487804,0.0007230657989877,0.0004570383912248
60,西藏自治区,0.000263713080168776,0.000256673511293635,0.000208376745155241,0.000473036896877956,0.00248138957816377,0.000302846759539673,0.0003382949932341,0,0.000276395798783858,0.000298775022408127,0.000190985485103132,0.000274574409665019,0.000256278831368529,0.000202922077922078,0.0002529084471421,0.0002454590083456,0.0002167786689789,0.0002359046945034,0.0003783579265985,0.0005291005291005,0.0002644802962179,0.0002626050420168,0.0003565062388591,0.0002323960027887,0.0004651162790697,0.0002531004808909,0.0,0.000377358490566,0.0004301075268817,0.0002322340919647,0.000392618767177
61,新疆维吾尔自治区,0.000269106566200215,0.000261780104712042,0.00021043771043771,0.000490677134445535,0.000209995800083998,0.000223363859727496,0.000261301280376274,0,0.000282326369282891,0.00030571690614491,0.000193798449612403,0.000278164116828929,0.000254517688979384,0.000206100577081616,0.0002578648788035,0.0002483238142537,0.0002204099625303,0.000308451573103,0.0003895597974289,0.000548245614035,0.0002699055330634,0.0003013863773357,0.0003664345914254,0.0002365744026496,0.0003203074951953,0.000258064516129,0.000377358490566,0.0,0.0002371916508538,0.0002364066193853,0.0003015681544028
62,云南省,0.000404694455685957,0.000309789343246592,0.000371609067261241,0.000459136822773186,0.000586166471277843,0.00102354145342886,0.00140056022408964,0,0.000339097999321804,0.000392772977219167,0.000216450216450216,0.000496524329692155,0.00061652281134402,0.000234741784037559,0.0003797949107481,0.0005081300813008,0.000253485424588,0.0003168567807351,0.0003725782414307,0.0004163197335553,0.000343997248022,0.0003669724770642,0.0004990019960079,0.0003589375448671,0.0009140767824497,0.0003048780487804,0.0004301075268817,0.0002371916508538,0.0,0.0003886513797123,0.0009157509157509
63,浙江省,0.00194552529182879,0.000669792364367046,0.00111856823266219,0.000456204379562044,0.000694444444444444,0.000504540867810293,0.000524109014675052,0,0.000745712155108128,0.000910746812386157,0.000362056480811006,0.00114285714285714,0.00099009900990099,0.000416319733555371,0.002840909090909,0.0016025641025641,0.0004791566842357,0.0004828585224529,0.0004585052728106,0.0004139072847682,0.0009652509652509,0.0006389776357827,0.0006662225183211,0.0046948356807511,0.0004224757076468,0.0007230657989877,0.0002322340919647,0.0002364066193853,0.0003886513797123,0.0,0.0004748338081671
64,重庆市,0.00057372346528973,0.000468164794007491,0.000402414486921529,0.000782472613458529,0.00053475935828877,0.000861326442721792,0.00195694716242661,0,0.00053850296176629,0.000687757909215956,0.000283446712018141,0.000812347684809098,0.000738007380073801,0.000315656565656566,0.0005249343832021,0.0005681818181818,0.0003505082369435,0.000484496124031,0.0006281407035175,0.0006657789613848,0.0005296610169491,0.0006127450980392,0.0010964912280701,0.0004651162790697,0.0029411764705882,0.0004570383912248,0.000392618767177,0.0003015681544028,0.0009157509157509,0.0004748338081671,0.0
65,,,118,717,1032,1392,457,1106,1141,1490,1493,1609,2257,279,722,1253.0,1645.0,2478.0,2657.0,1224.0,1782.0,2006.0,3820.0,3896.0,2161.0,2136.0,2618.0,3228.0,503.0,578.0,1253.0,0.0
66,,,,704,1019,1379,347,996,1031,1380,1383,1499,2147,333,734,1193.0,1585.0,2374.0,2597.0,1276.0,1837.0,2061.0,3875.0,3951.0,2213.0,2188.0,2630.0,3280.0,557.0,696.0,1371.0,0.0
67,,,,,315,675,1051,1700,1735,2084,2087,2203,2851,996,1438,1897.0,2289.0,3078.0,3301.0,1941.0,2499.0,2723.0,4537.0,4613.0,2878.0,2853.0,3334.0,3945.0,1220.0,1295.0,1970.0,0.0
68,,,,,,360,1366,2015,2050,2399,2402,2518,3166,1311,1753,2212.0,2604.0,3393.0,3616.0,2256.0,1814.0,3038.0,4852.0,4928.0,3193.0,3168.0,3649.0,4260.0,1535.0,1610.0,2285.0,0.0
69,,,,,,,1726,2375,2410,2759,2762,2878,3256,1671,2113,2572.0,2964.0,3753.0,3976.0,2616.0,3122.0,3346.0,5160.0,5236.0,3553.0,3528.0,4009.0,4620.0,1895.0,1918.0,2593.0,0.0
70,,,,,,,,649,684,1033,1036,1152,1800,314,434,893.0,1285.0,2027.0,2297.0,976.0,1667.0,1891.0,3705.0,3781.0,1913.0,1888.0,2270.0,2907.0,538.0,1035.0,1433.0,0.0
71,,,,,,,,,162,511,514,503,1172,954,649,512.0,904.0,1378.0,1861.0,987.0,1678.0,1902.0,3716.0,3792.0,2004.0,1743.0,1806.0,2471.0,1144.0,1684.0,1667.0,0.0
72,,,,,,,,,,349,352,665,1116,989,746,674.0,1066.0,1540.0,2023.0,1149.0,1840.0,2064.0,3878.0,3954.0,2166.0,1905.0,1968.0,2633.0,1213.0,1719.0,1829.0,0.0
73,,,,,,,,,,,213,837,1107,1338,1095,919.0,1223.0,1653.0,2195.0,1498.0,2189.0,2413.0,4227.0,4303.0,2411.0,2150.0,2121.0,2786.0,1562.0,2068.0,2178.0,0.0
74,,,,,,,,,,,,624,894,1341,1098,875.0,1010.0,1440.0,1982.0,1501.0,2192.0,2416.0,4230.0,4306.0,2367.0,2106.0,1908.0,2573.0,1565.0,2071.0,2181.0,0.0
75,,,,,,,,,,,,,725,1406,963,432.0,405.0,875.0,1358.0,1298.0,1989.0,2213.0,4027.0,4074.0,1924.0,1760.0,1303.0,1968.0,1458.0,2047.0,1978.0,0.0
76,,,,,,,,,,,,,,2131,1688,1157.0,1130.0,985.0,1714.0,2023.0,2714.0,2938.0,4752.0,4799.0,2649.0,2485.0,2028.0,2691.0,2183.0,2772.0,2703.0,0.0
77,,,,,,,,,,,,,,,443,974.0,1366.0,2199.0,2378.0,945.0,1504.0,1728.0,3542.0,3618.0,1882.0,1857.0,2339.0,2949.0,224.0,813.0,1119.0,0.0
78,,,,,,,,,,,,,,,,531.0,923.0,1756.0,1935.0,542.0,1233.0,1457.0,3271.0,3347.0,1479.0,1454.0,1896.0,2546.0,495.0,1084.0,1206.0,0.0
79,,,,,,,,,,,,,,,,,392.0,1225.0,1404.0,866.0,1557.0,1781.0,3595.0,3642.0,1492.0,1231.0,1377.0,2014.0,1026.0,1615.0,1546.0,0.0
80,,,,,,,,,,,,,,,,,,833.0,1012.0,1200.0,1891.0,2115.0,3929.0,3902.0,1752.0,1355.0,957.0,1622.0,1418.0,2007.0,1880.0,0.0
81,,,,,,,,,,,,,,,,,,,729.0,2033.0,2724.0,2948.0,4762.0,403.0,2200.0,1870.0,1359.0,1706.0,2251.0,2840.0,2713.0,0.0
82,,,,,,,,,,,,,,,,,,,,2073.0,2439.0,2663.0,4477.0,3302.0,1491.0,1161.0,650.0,977.0,2430.0,3019.0,2753.0,0.0
83,,,,,,,,,,,,,,,,,,,,,691.0,915.0,2729.0,2805.0,937.0,912.0,1423.0,2004.0,721.0,1152.0,680.0,0.0
84,,,,,,,,,,,,,,,,,,,,,,224.0,2038.0,2114.0,1084.0,1278.0,1789.0,2178.0,1280.0,1204.0,529.0,0.0
85,,,,,,,,,,,,,,,,,,,,,,,1824.0,1890.0,1308.0,1502.0,2013.0,2402.0,1504.0,1428.0,753.0,0.0
86,,,,,,,,,,,,,,,,,,,,,,,,2650.0,3122.0,3316.0,3827.0,4216.0,3318.0,3242.0,2567.0,0.0
87,,,,,,,,,,,,,,,,,,,,,,,,,2150.0,2547.0,2956.0,2325.0,3808.0,4239.0,2643.0,0.0
88,,,,,,,,,,,,,,,,,,,,,,,,,,340.0,841.0,1094.0,1658.0,2089.0,1613.0,0.0
89,,,,,,,,,,,,,,,,,,,,,,,,,,,511.0,1092.0,1632.0,2064.0,1592.0,0.0
90,,,,,,,,,,,,,,,,,,,,,,,,,,,,714.0,2144.0,2575.0,2103.0,0.0
91,,,,,,,,,,,,,,,,,,,,,,,,,,,,,2725.0,3156.0,2684.0,0.0
92,,,,,,,,,,,,,,,,,,,,,,,,,,,,,,589.0,895.0,0.0
93,,,,,,,,,,,,,,,,,,,,,,,,,,,,,,,675.0,0.0
94,,,,,,,,,,,,,,,,,,,,,,,,,,,,,,,,0.0
95,,0,1224,1889,2710,2770,2318,2912,1141,2444,2142,3984,2769,1183,2737,1415.0,2148.0,4178.0,4341.0,2891.0,3684.0,2655.0,4964.0,4883.0,2672.0,4140.0,3614.0,7020.0,4219.0,3049.0,1767.0,1743.0
96,,1106,0,2961,2801,3857,3004,3614,1031,1659,2105,2891,3400,1978,1766,2334.0,3194.0,3091.0,3175.0,2529.0,3843.0,2518.0,4378.0,5175.0,3703.0,4349.0,2748.0,7176.0,4377.0,3924.0,2864.0,2136.0
97,,1172,2257,0,3029,1660,2765,3728,1735,4215,3775,5459,4008,2126,4604,3013.0,3014.0,5929.0,6073.0,4644.0,5437.0,4523.0,6720.0,6636.0,3985.0,5502.0,5481.0,8744.0,5972.0,3986.0,2864.0,2485.0
98,,1678,1782,2714,0,3084,3805,3804,2050,3903,3635,5640,4723,3202,3567,4052.0,4593.0,5892.0,4820.0,2785.0,2038.0,4705.0,6132.0,5619.0,5382.0,4252.0,5486.0,6374.0,3573.0,3788.0,4477.0,1278.0
99,,1378,2478,985,2724,0,2455,3734,2410,4958,4518,6631,4481,2504,5506,4112.0,3839.0,6831.0,6816.0,5329.0,6070.0,5373.0,7411.0,7269.0,5206.0,5728.0,6383.0,5023.0,6657.0,3624.0,4033.0,1870.0
100,,1861,2657,1714,2439,729,0,1299,684,3411,2971,5128,3204,1326,4050,2916.0,2643.0,5328.0,5316.0,3729.0,4330.0,4188.0,6135.0,5854.0,4108.0,3379.0,4867.0,6209.0,5015.0,2012.0,3415.0,1161.0
101,,1806,2618,2028,1789,1359,650,0,162,2850,2410,4512,2549,1911,4298,2480.0,2207.0,4712.0,4436.0,3090.0,3691.0,4172.0,5860.0,5215.0,4125.0,2584.0,4436.0,5427.0,4971.0,2398.0,3575.0,511.0
102,,0,0,0,0,0,0,0,0,349,352,665,1116,989,746,674.0,1066.0,1540.0,2023.0,1149.0,1840.0,2064.0,3878.0,3954.0,2166.0,1905.0,1968.0,2633.0,1213.0,1719.0,1829.0,0.0
103,,954,279,2131,1504,2199,2378,2339,0,0,656,2508,2081,2704,2406,1908.0,2629.0,2649.0,3008.0,2617.0,3917.0,2727.0,4451.0,5248.0,3749.0,4032.0,2454.0,6404.0,5104.0,5017.0,3519.0,1857.0
104,,649,722,1688,1233,1756,1935,1896,0,443,0,2737,1425,2264,2851,1621.0,1973.0,2878.0,3066.0,2707.0,3649.0,2850.0,4725.0,4848.0,3462.0,3585.0,2642.0,5920.0,4836.0,4617.0,3279.0,1454.0
105,,2375,1392,3256,3122,3753,3976,4009,0,1671,2113,0,3297,4370,1323,2842.0,3283.0,1550.0,3276.0,3891.0,5335.0,3939.0,5922.0,6690.0,4683.0,5313.0,2682.0,7204.0,6618.0,6667.0,4740.0,3528.0
106,,512,1253,1157,1557,1225,1404,1377,0,974,531,2572,0,2523,3900,1831.0,1562.0,2882.0,3329.0,3569.0,4495.0,3831.0,5778.0,5665.0,3568.0,3977.0,3221.0,6333.0,5778.0,4786.0,3578.0,1231.0
107,,904,1645,1130,1891,833,1012,957,0,1366,923,2964,392,0,3047,2040.0,1771.0,4488.0,4385.0,2825.0,3619.0,3013.0,4960.0,4818.0,3105.0,3609.0,3924.0,6851.0,4153.0,2435.0,2129.0,1355.0
108,,2015,1032,3166,1814,3393,3616,3649,0,1311,1753,360,2212,2604,0,2581.0,3441.0,2071.0,3545.0,2827.0,4271.0,2823.0,4806.0,5603.0,3878.0,4647.0,2915.0,7474.0,5347.0,5344.0,3608.0,3168.0
109,,162,1141,1116,1840,1540,2023,1968,0,989,746,2410,674,1066,2050,0.0,1057.0,2960.0,3123.0,2695.0,3621.0,2465.0,4808.0,4791.0,1841.0,3397.0,2408.0,5968.0,4904.0,4248.0,1898.0,1905.0
110,,503,1609,725,1989,875,1358,1303,0,1406,963,2878,432,405,2518,665.0,0.0,3036.0,3059.0,3178.0,4104.0,3267.0,5387.0,5200.0,2589.0,3279.0,2456.0,5696.0,5445.0,3975.0,2504.0,1760.0
111,,1700,717,2851,2499,3078,3301,3334,0,996,1438,675,1897,2289,315,1735.0,2203.0,0.0,2024.0,4003.0,5447.0,3999.0,5982.0,2344.0,4284.0,4748.0,2063.0,6319.0,6788.0,6785.0,4800.0,2853.0
112,,1684,578,2772,1204,2840,3019,2575,0,813,1084,1918,1615,2007,1610,1719.0,2047.0,1295.0,0.0,2748.0,3867.0,3698.0,5066.0,4454.0,3559.0,3250.0,1346.0,5216.0,5672.0,6175.0,4824.0,2064.0
113,,1667,1253,2703,529,2713,2753,2103,0,1119,1206,2593,1546,1880,2285,1829.0,1978.0,1970.0,675.0,0.0,1444.0,2348.0,3624.0,3485.0,3115.0,2525.0,2794.0,4647.0,3288.0,3836.0,2861.0,1592.0
114,,1902,2006,2938,224,2948,2663,2013,0,1728,1457,3346,1781,2115,3038,2064.0,2213.0,2723.0,1428.0,753.0,0.0,2115.0,3542.0,3029.0,3497.0,2586.0,3850.0,4068.0,3104.0,3606.0,2945.0,1502.0
115,,649,457,1800,1667,2027,2297,2270,0,314,434,1726,893,1285,1366,684.0,1152.0,1051.0,1035.0,1433.0,1891.0,0.0,2362.0,2866.0,2341.0,3415.0,2360.0,6183.0,5209.0,4335.0,1789.0,1888.0
116,,1144,503,2183,1280,2251,2430,2144,0,224,495,1895,1026,1418,1535,1213.0,1458.0,1220.0,589.0,895.0,1504.0,538.0,0.0,3371.0,4684.0,4974.0,4384.0,8024.0,6636.0,5967.0,4132.0,1632.0
117,,987,1224,2023,691,2033,2073,1423,0,945,542,2616,866,1200,2256,1149.0,1298.0,1941.0,1152.0,680.0,915.0,976.0,721.0,0.0,3648.0,3484.0,4232.0,5130.0,6537.0,6243.0,4144.0,912.0
118,,511,1490,1107,2189,1653,2195,2121,0,1338,1095,2759,919,1223,2399,349.0,837.0,2084.0,2068.0,2178.0,2413.0,1033.0,1562.0,1498.0,0.0,2751.0,2221.0,5397.0,5885.0,4875.0,1826.0,2150.0
119,,2004,2161,2649,1084,2200,1491,841,0,1882,1479,3553,1492,1752,3193,2166.0,1924.0,2878.0,2089.0,1613.0,1308.0,1913.0,1658.0,937.0,2411.0,0.0,2724.0,3242.0,4754.0,3158.0,3959.0,340.0
120,,996,118,2147,1837,2374,2597,2630,0,333,734,1379,1193,1585,1019,1031.0,1499.0,704.0,696.0,1371.0,2061.0,347.0,557.0,1276.0,1380.0,2213.0,0.0,4665.0,6019.0,5855.0,3486.0,2188.0
121,,3792,3896,4799,2114,403,3302,2956,0,3618,3347,5236,3642,3902,4928,3954.0,4074.0,4613.0,4239.0,2643.0,1890.0,3781.0,3808.0,2805.0,4303.0,2150.0,3951.0,0.0,5375.0,5481.0,6990.0,2547.0
122,,3716,3820,4752,2038,4762,4477,3827,0,3542,3271,5160,3595,3929,4852,3878.0,4027.0,4537.0,3242.0,2567.0,1824.0,3705.0,3318.0,2729.0,4227.0,3122.0,3875.0,2650.0,0.0,4805.0,5125.0,3316.0
123,,2471,3228,2691,2178,1706,977,714,0,2949,2546,4620,2014,1622,4260,2633.0,1968.0,3945.0,3156.0,2684.0,2402.0,2907.0,2725.0,2004.0,2786.0,1094.0,3280.0,2325.0,4216.0,0.0,3248.0,1092.0
124,,514,1493,894,2192,1440,1982,1908,0,1341,1098,2762,875,1010,2402,352.0,624.0,2087.0,2071.0,2181.0,2416.0,1036.0,1565.0,1501.0,213.0,2367.0,1383.0,4306.0,4230.0,2573.0,0.0,2106.0
125,,0,0,0,0,0,0,0,0,0,0,0,0,0,0,0.0,0.0,0.0,0.0,0.0,0.0,0.0,0.0,0.0,0.0,0.0,0.0,0.0,0.0,0.0,0.0,1743.0
