row_id,URB,GOV,INNO,EDU,OPENPC,FIN,DIG,PRI,INC,SOC
1,-0.01366520348884284,-0.01210858467162126,0.002104636922460246,-0.02420424771470935,0.000492000759671703,-0.007047066158787365,-0.02123602865444636,0.01343324749797771,-0.006360526112516337,-0.001861099472373811
2,-0.01113166462590146,-0.01018922316174452,0.00310404041168266,-0.02340267875591907,0.001033752881142072,-0.00634886023133856,-0.01993602554562583,0.01454772875684886,-0.00312735124112469,0.0004051339707257149
3,-0.01257517945965063,-0.01282056636201507,0.004593113680116291,-0.02487036778594624,0.0007804576000991865,-0.006155644041332438,-0.0196758012249426,0.01498692587031117,0.007130038819071914,0.0002589621382128994
4,-0.01409256326942282,-0.01297305924202326,0.003898128708648748,-0.02419342528158454,0.0003167697986995055,-0.006454199159066878,-0.02056187299674067,0.01508459986307712,0.00832572672887774,-8.649952187219181e-05
5,-0.01102303941716136,-0.009444969439816752,0.004619641299697736,-0.01782435522110276,0.004074802181399351,-0.004563743971498295,-0.0194588189928603,0.01662949137008127,0.01259100625034223,0.001500522598787379
6,-0.0140279462760663,-0.009248049364508496,0.004067289637232446,-0.01614867132422097,0.0004604281642238297,-0.004390547905982386,-0.02311116442963033,0.01579865058653744,0.0124373105350661,0.0010668490319149
7,-0.01761302536731113,-0.01372470723658217,0.004252372993339085,-0.01806124981277015,6.249998996380813e-05,-0.00616305798701932,-0.01602808734142981,0.01482647392225261,0.01149722175102783,-0.000986179916675878
8,-0.0141893225136019,-0.01335159532331076,0.004671185808985859,-0.01790092091433559,0.003275741891739391,-0.005923768688674343,-0.01447153166153703,0.01580826393901329,0.01270954861331084,-0.000845137304402224
9,-0.01044915888494103,-0.004493832661139132,0.002484265945290207,-0.01623025723237371,0.0006615290301952568,0.002904251212921828,-0.01355364456343573,0.01852345188022994,0.01263597263017089,-0.00323930890536373
10,-0.009493009533068532,-0.003149299238775452,0.004352482485350192,-0.01202090063283871,0.001381768705949885,0.004178272087995434,-0.007237011941927204,0.02196667881754356,0.02049467814039059,0.006855490860153161
11,-0.007652972241139772,-0.002219309302092209,0.005604946866281748,-0.01127925789632461,0.005236396162692759,0.006469475087675496,-0.002373796427930517,0.02273266553229713,0.02030612361464718,0.006211078402687976
12,-0.01355541254933869,-0.002600359040879067,0.004431835364529583,-0.0130588130526507,0.004363638070575668,0.01371334149792786,-0.002200517228426085,0.02276212218480907,0.01997410501106411,0.002888464214608572
13,-0.01367805079409171,-0.003996667838000283,0.00386129745253402,-0.01340592910907109,0.004505702624843402,0.01338082415205612,0.0007116281365901218,0.02244654777945914,0.01942791708665313,0.002268668353531147
14,-0.02545105455086367,-0.009123262234455993,0.001414357755559108,-0.0172899068487402,0.002096057818641837,0.01081221105792327,0.03134278415559291,0.02452933050031547,0.0189592573190197,0.001413027996436631
15,-0.02385566703116203,-0.008016191101286391,0.00194997346400431,-0.01622379363277143,0.001318451349431632,0.01390838065119511,0.05398135748979695,0.02681898685106662,0.01998732821195206,0.001325959805944719
16,-0.0255675698560854,0.003901702447930184,0.002599226730091267,-0.01463956637307542,0.001204712993840213,0.01110445090100274,0.06064880421383968,0.02824828132974429,0.02109847381353182,0.001457111857144675
17,-0.02646705183023302,-0.00773690185186693,0.006849316043438568,-0.01046763470483179,0.002945002798097108,0.01255519766655881,0.05936715945512523,0.02837967618571792,0.02029575796370778,0.001645769778856867
18,-0.02415567311520649,-0.007067249258790697,0.006793867876558725,-0.01089330576181344,0.001638347850796397,0.0151058008948557,0.06369534231015886,0.02816875187718592,0.0210826040036807,0.001442671824915945
19,0.008469251125691715,-0.002605879440267665,0.008183153660546026,0.001900820390801312,0.009256998795353123,0.002999531095611131,0.04137420295966206,-0.001572677623022184,-0.01511109758295831,0.003012733758836291
20,0.01066118114507797,-0.006731713968829767,0.008973192719739998,0.005943589937272085,0.002005498301197877,0.001049152491948519,0.05034825082226541,0.02967951404082297,-0.01003406228252209,0.003775546826525186
21,0.01247849519541498,-0.006816419962949263,0.009658866405393707,0.007218414778466178,0.006130272690932829,0.002783884432562793,0.06565884270655852,0.03106117732860439,0.01590798757405201,0.003214966596344091
22,0.01032473105265407,-0.007678554792865511,0.00426299468506582,0.005987932978724573,0.002029947729295939,0.001018028706159245,0.0590104688255065,0.02982764654104076,0.01521013173339172,0.002054593850406259
23,0.01286315818189792,-0.007792638710957357,0.009249012068380604,0.006511497413746053,0.004628077361049444,0.002410694222852628,0.0791098695337128,0.03361259113356604,0.01839633179891062,0.004472399014472479
24,0.012369200138676,-0.007876066668903491,0.00885587116276489,0.005492738073559918,0.004528190611581867,0.001908350576748703,0.07570767762636096,0.03368463828144328,0.01861103894642887,0.004861552070830401
25,0.01338189208083428,-0.004534743040663579,0.009580769089321478,0.006514773308782906,0.004560782434784079,0.00273299297000741,0.08440934600780549,0.03496523173608955,0.01961354606218322,0.005468916346410086
26,0.01890339995166407,-0.004353339255859945,0.009447867196090663,0.005669434549627128,0.005209758608006715,0.02007705900312981,0.0874447064345229,0.03737534705287178,0.02152769899147512,0.006085438382173758
27,0.01827502213810063,0.006146494289908071,0.006905147920174177,-0.001411790707836851,0.005750688447741606,0.02441339031319525,0.09939462667552383,0.03801940515464645,0.02298783108562555,0.003536742682553719
28,0.01997665613449328,0.00892782184522311,0.005496417053488056,-0.0007515629904975558,0.006063743654154491,0.02435201644113754,0.09857545785700955,0.03875472267078885,0.02771583965817717,0.006767880136846967
29,0.02658801599649394,0.00778874448227502,0.009664985218995056,5.327240070609422e-05,0.009479434250154415,0.0252165516155744,0.1066132015347188,0.03909318163908804,0.03329525957833408,0.008567040065587766
30,0.01858020808431295,0.00528207795776731,0.008090616211603417,-0.001621462247052425,0.003581478630545067,0.02455898389324169,0.09661459267989839,0.03822198770161613,0.02663987724907946,0.006337109643173085
31,0.0150591271498466,-0.004875251743713163,0.008389638963219977,-0.001146572140558923,0.003202572669156039,0.01933602046057806,0.08559795623464789,0.03648038033768329,0.02395371616925628,0.002884380034603468
32,-0.0007929489244395491,-0.004554767560592207,0.00823954303492017,0.002724240918426498,0.001953475140872424,0.01219772211221462,0.07718691410432396,0.03464354447679678,0.02297143119874438,-0.0004794178989927734
33,-7.035077131857916e-05,-0.006582276167878883,0.008244585314735046,0.002970422007744636,0.003492941092394019,0.01289119422845725,0.07460601247283326,0.03411919433289752,0.02250178934181554,0.0001894411436163946
34,-0.001136615271732907,-0.007094546375226592,0.006860727097450152,0.001510270560518947,0.0009800621956398189,0.01352969344028381,0.07294391713070011,0.03365517618944171,0.02143450523407664,0.001268994556214658
35,-0.001342352814788079,-0.007145269913635383,0.006781521095334958,-0.001694044359170051,0.003270691405689488,0.01609765684853192,0.07823271720588876,0.03348101831354476,0.02176314742855636,0.001377687858300392
36,-0.001283440459339399,-0.007236149443490264,0.006828329162407542,-0.001772148999461189,0.003474803963643673,0.01630674129676011,0.0785858123275173,0.03343748163720063,0.0222483844039731,0.00139651301682248
37,0.001871664619672425,-0.005221225844763077,0.0001128670452895907,-0.002556557468966008,0.0017155818501208,-0.002007862645707822,-0.01402216199531629,-0.0506011224890947,-0.02697616827120682,0.0009049980391620267
38,0.001807877541079557,-0.005140479193638179,-0.000631278056447341,-0.003562603940907228,0.002845817060676005,-0.002417822209112932,-0.01323312644576419,-0.02439744538933353,-0.01977821270629554,0.0006629427918158645
39,0.001456725377672342,-0.003750587555086552,0.0004667856598981914,-0.009680860416054121,-0.001773674112409089,-0.002684742808033653,-0.01553248412718782,-0.02033138770130082,-0.01698941997486167,0.001301271899780806
40,0.002958166114377053,-0.002779871055699211,-5.365619483150446e-05,-0.001740651662474175,0.002344327461568454,-0.002477086236951067,-0.01427090372287246,-0.02020140738345547,-0.01019834095850664,0.001209235923800864
41,0.003690250374271717,-0.001464046650520538,0.001745869457731384,0.00030463342198508,0.006302379064354584,-0.001904452357390392,-0.01281564854447181,-0.010970454181961,-0.001826348909515353,0.002877061141345227
42,0.004029017350211434,-0.0005932441308623598,0.002095368660885085,0.004678975949579511,0.007554263036042226,-0.001954050545205097,-0.01588797350700287,-0.01057768297728349,0.0005517060202867586,0.001686504254024573
43,0.004417732523442857,0.002597579081356506,0.001638332754619325,0.005411213594072714,0.009659777056321312,-0.001791629003520992,-0.01887196396469529,-0.007825077192232282,0.01243596270182041,0.001842544660633383
44,0.004518613177462314,0.001725409410150136,0.002115721708687865,0.005045810987921849,0.007806804522728542,-0.001955590898642635,-0.01892082500959136,-0.004577443369382932,0.01320009925335671,0.001653463576788739
45,0.004603896792994382,0.002746192992732295,0.001925810268849385,-0.005253692511332485,0.006537703835658069,7.135777629083866e-05,-0.0191481216258429,0.002593387268366385,0.01439462427964903,0.003598572328429744
46,0.005634166238218599,0.005016447598036737,0.001685551097094554,-0.01434292919929367,0.002701496707936961,0.003228563987029623,-0.02058104326172517,0.01942124190280237,0.01550557361048525,0.00239826752615767
47,0.007071430302279151,0.004976664913348807,0.002130556986223376,-0.006055546934355022,0.003120882802147098,0.002895234645420174,-0.01468266029229838,0.02408402017922927,0.0176898675453117,0.006827638195376334
48,0.004413516780727022,-0.008427171440431588,0.001384112934994671,-0.02045337720303586,0.001789512667940269,-0.004136434589786182,-0.01655915531098024,0.01990265118057845,0.01379458529331275,-0.006836534824976137
49,0.01073325387050372,0.006795473021227838,0.003803735615135642,-0.001465013732096708,0.00391763525960848,0.005849667273216331,-0.01029230995645677,0.02935345216014599,0.01911103565684136,0.007100553072172049
50,0.001875365609619036,-0.008971352210801826,0.001364716866481038,-0.01753889786271062,0.001534436678340448,-0.002079365081031799,-0.01772654251211848,0.0211754813475341,0.01456029746043048,-0.00644330598878993
51,0.00238501617961043,-0.009057376007222716,0.0009846728461969224,-0.01526559220388395,0.002251952415441595,-0.002152371319905723,-0.01312436043082102,0.02147502398637283,0.01428933749254245,-0.00467880004423249
52,3.883137876000103e-05,-0.01324861570181503,-0.01186696836857577,0.005725548527932937,0.0008245105052805832,-0.005446693044341293,-0.01334490231207035,0.01919108720761911,0.0153609732505838,-0.004057411323532704
53,0.001755153421798157,-0.01149290096290949,-0.005009299715249297,-0.01401230687926274,0.001649413420456814,-0.002469222259870272,-0.01547834123046014,0.02131968722076691,0.0171592633500282,-0.003673763704755552
54,0.001848723500610687,-0.01177713684905111,-0.005679279150477442,-0.01410302233487269,0.001424469824345892,-0.00244236976201701,-0.01568167557429697,0.02108193002233272,0.02002750687384033,-0.003980918569687155
55,0.002268643826377716,-0.0002288495581052019,-0.005583906882760612,0.004194814958306383,-0.002484376657357886,-0.005268687057845228,-0.003016784947353993,-0.0667864561374146,-0.05568212771491328,0.003118061584090889
56,-0.002478430703002307,-0.0007354540196696209,-0.004884774505940059,0.01195123296145622,-0.002154982045305744,-0.004679446258462644,-0.002505539611327153,-0.06421727641661208,-0.05627472026241072,0.003662230931895672
57,-0.0002649750539048441,0.003405683519823943,-0.006164821221615347,0.002904917411600071,-0.002606015414781743,-0.006048646470486456,-0.0004997845156408049,-0.063782898892835,-0.03719479691309463,0.003902124227669375
58,0.003073060265181447,0.003690342509426986,-0.005708330074275575,0.004336020945224763,-0.002185199977941939,-0.002019841516729906,-0.001391312862808611,-0.05940993021423219,-0.01971172090169679,0.00411890236305012
59,0.003035043338563936,0.002833738872410053,-0.004186831714152532,0.01327019997786468,-0.0003566468357369057,-0.0004632997646680443,-0.005854573000481596,-0.05464020060155765,-0.01158400415276318,0.003299613076666199
60,0.005699576303195992,0.003130850910188222,-0.003882084744827511,0.02101988814817822,0.0007961994001766883,0.0004725234301318864,-0.005505859613073983,-0.04904002442753177,-0.003232664263322392,0.004110987173878173
61,0.002498237778983454,0.003135452498064159,-0.003503638029853816,0.01576350690957619,-0.0001325242838780589,-0.0002125499799001535,-0.01134143806799521,-0.05893057099905474,-0.005668098362006459,0.003524838947535474
62,0.003776625092699924,0.004083529891944699,-0.003595165851965277,0.01354808908746643,1.016989269747538e-05,0.002689641723284933,-0.009108503992246985,-0.0150099633172494,-0.001896259801270657,0.003743669599021756
63,0.0006419698316400334,0.003604735002073236,-0.004477442536356162,0.01553337748442985,-0.001609459205246425,0.002020284649321144,-0.01046803740766085,-0.005467079715018423,0.002931604781118483,0.003491592832670686
64,-5.833007896543553e-05,0.003152447567983667,-0.004535578434984609,0.01592824706094665,-0.002011803602527618,0.001907384068097794,-0.0102917400658009,0.005597929002892435,0.004673643693872789,0.003985127422835564
65,-0.0002452827393654074,0.002598114644456201,-0.005947588781645122,0.01306079998413082,-0.0007802801100480503,-0.0007139017196246971,-0.01917104820971037,0.02154716499912101,0.01510252141583348,0.003686906043027762
66,-0.0003266327240249946,0.002457785259495368,-0.005969193323273941,0.01131013879612005,-0.001416327933244194,-0.001378312504180208,-0.01973241378222358,0.02285464432163496,0.01552970287577552,0.003722569247995997
67,-0.0003011937102649908,0.002015650994178455,0.0006559329814953931,0.0106626859855857,-0.001337182558676458,-0.001523044635322482,-0.01675632476605862,0.02707689013752087,0.01814722465806352,0.005217472124997806
68,-0.0001834256026210606,0.001555816375072859,0.000220659148800722,0.01215389856970337,-0.001418686088852134,-0.002888063031388445,-0.01010198127447569,0.02634506677433311,0.01984374624830677,0.003079924231682016
69,0.0001252623538318988,0.008056322478139628,0.001348637385895703,0.01374747870739607,-0.0004414045796618907,-3.835546928514808e-05,-0.005663511268500463,0.02757686417737171,0.01920469555823098,0.0003308086295903598
70,0.001043614984056629,0.007873614226526784,0.001260669180435468,0.01551357756493616,0.0001353244434256104,-0.000170200564535967,-0.004880172348377836,0.02688274678329831,0.02045304068469437,0.0008381883642455065
71,0.0009292660960150367,0.009040275298392856,0.001444939084586218,0.01537825802334845,-0.0002416619680980059,-2.996202944222364e-05,-0.004024157193422771,0.02696978029207581,0.02049868964616203,0.001960782037642506
72,0.001052790526522703,0.01006731191024593,0.001386791838593718,0.01445905022361983,0.0002409526191813941,-0.0001400702073160282,-0.00389205881416432,0.02700521768818978,0.0212710603845519,0.002314438475629644
73,-0.003361007160921831,-0.008351395268425921,-0.0001547560625551367,0.0002629295502341237,0.00158119870863494,-0.003700576639939307,-0.01415816469211669,-0.07694980265884613,-0.04629834262295857,-0.0005871730155706993
74,-0.002124378085896137,-0.001433172508462435,0.0007940401769610671,0.003230916647658626,0.005475446140988088,-0.002895833699848695,-0.01353383992315125,-0.06855182498789526,-0.02383685740816384,0.0003761440915610304
75,-0.001791596523687464,0.004353147999926557,0.008512776344498084,0.004349357680742755,0.002110098291425113,-0.00125418593916804,-0.0119201822458941,-0.05262017527484147,-0.01832343268622466,0.001046136421612187
76,0.0004896262754075947,0.00563038117241213,0.009672027730198318,0.002558837576513833,0.0078182899204941,-0.001389547032225651,-0.01131355164428734,-0.01704341143662741,-0.0154071663013591,0.002858867014264135
77,0.000510350210413522,0.00506732119351756,-7.501971406667803e-05,0.005498932967988363,0.006688714243040968,-0.001465326177699999,-0.01067220479168342,-0.01708879023281717,-0.01384534167792939,-0.001457039728651431
78,0.001467779433016748,0.003100236259553227,0.002130225461254796,0.006956036560566759,0.004523497650488813,-0.002067734839277839,-0.01336115501736604,-0.01032746676269968,-0.003106173352163936,-0.00193887770223429
79,0.002148627027091764,0.003579159706513938,0.003690944476696799,0.007872942948697632,0.006497118458695333,-0.001982115497812327,-0.007791054064936403,-0.005781272064289018,-1.350322112147033e-06,0.00056465991142257
80,0.001702436599314916,0.00320983884415542,4.801483585663275e-05,0.006134775059800787,0.003821008479934216,-0.002193858098827429,-0.01442994138851005,0.001619424444617509,0.01120828803247736,-0.0008790437514443797
81,0.00257310482114137,-0.01292757145161836,0.004644888707388833,-0.001583525175735991,0.001652974108171154,-0.005809894866873923,-0.01297993055080428,0.01675096575413607,0.01133292874884535,-0.005161182740931928
82,0.002522897550273764,-0.01280484262329772,0.005852181506246253,0.004230584521744666,0.001635656951933778,-0.005605146057454219,-0.01147698084497275,0.01887900614994694,0.0127138179641425,-0.006170719972405949
83,0.006254045634296823,-0.01288450646891848,0.006282411586576839,0.006235456197384001,0.001637083453971038,-0.004731915168087113,-0.01031981947372224,0.02359048276017212,0.01402794695674505,-0.0006446827841427795
84,0.00414554495297729,-0.0004996739974873435,0.00449821020668288,0.01216368058734746,0.001612491324128992,-0.004621819192287524,-0.006297127991041859,0.0256840481311798,0.01540827875172332,-0.0007106989120305022
85,0.00579291005466231,0.0005399674139687856,0.009315035925853865,0.01418894019201443,0.0020677692146343,-0.00440772923155636,-0.004724381887651137,0.02535543361373162,0.01633875451198041,0.001982851805168529
86,0.005085663814009685,0.0002001421656951888,0.005218673352499275,0.008099675819348126,0.001155447917511393,-0.005926989809788483,-0.01134235029916358,0.02258020641008638,0.01486750733074672,0.00147086486306546
87,0.00484073351308071,0.0004840621562114207,0.004802861973955462,0.008181022743220315,0.001844197266057601,-0.005806075309501973,-0.01163601587666361,0.02172188833450252,0.01579227999141874,0.002282824860282434
88,0.00448554184990725,6.696141877799995e-05,0.004528711379218548,0.007343905582118334,0.00155846638873583,-0.006520170314796489,-0.01208516209668891,0.02157932771190938,0.01544989624870823,0.002522731788719413
89,0.004211740471907532,0.004630118531458873,0.004270994218155142,0.007559942559408341,0.001160792929781815,-0.006700003096600357,-0.009486939973290377,0.02143731320492762,0.01606598174138841,0.001918232919167695
90,0.004300557659392945,0.006597175775787188,0.004456440383103817,0.005128962083931075,0.002137665011990709,-0.006519928011182197,-0.009214283225077495,0.02170395925893655,0.01690346719613109,0.001798076776669473
91,0.0004048431185691341,-0.003331312867871795,-0.0007084815377784706,0.002106845961602999,-0.0002533099767423174,0.0004605042821576866,-0.01516878226994008,-0.03184582849639445,-0.03326172450642005,0.001518941324954195
92,0.001543244346138878,0.004165589511334663,0.0003306871692776515,0.003311005016322741,-0.001223186883258112,0.001519630944974102,-0.01515796337683935,-0.01885790608554661,-0.02163010777964711,0.0006168946837488847
93,0.0002800858155239648,0.004751807027366325,0.0007880458732230502,0.002912660298219841,-0.001296199580391288,0.001588095654429119,-0.01207494306817426,-0.00788529761436264,-0.01404856211747367,0.001125674646122765
94,-0.001036219640019031,0.004249784063524377,0.0008470245536776554,0.004857100655952446,0.002958777540102084,0.001093650860234079,-0.01545537695903001,-0.007632022482732126,-0.01518697298716174,-0.001778709871167623
95,-0.001111671197743938,0.004728941944154496,0.001445267364672541,0.005822872318088265,0.006834147870143021,0.001389563473308138,-0.01617146499736775,0.002085824948489376,-0.009893449043090549,-0.002780788834968217
96,-0.0005555469857842527,0.004493975342671493,0.002223826897120487,0.005976259430402595,0.005714994364146931,0.002655143270668708,-0.01427040126511776,0.002708936987196655,-0.000833347624938462,-0.002406559459321364
97,-0.0006810222177756634,0.007946449511055517,0.004543227090558023,0.01054895464207792,0.005794971233096845,-0.001739404505087653,0.0002206400956593735,0.006279827375194171,-0.003440225581501209,-0.001702687196988823
98,0.0006719828375254102,0.01002753435525146,0.004375800357693749,0.01164114363364984,0.005865052046061204,-0.00133434192847928,-0.002262532152357601,0.008054396127222467,0.01583032655970116,-0.00234363663834097
99,0.0021121107370889,0.009328096430818503,0.005024756974686771,0.01398856216138743,0.001821400860553763,-0.002743406506248017,-0.002950465249746961,0.02455416701672927,0.01687173739630224,0.000163330046172887
100,0.002457401406719636,0.01323466093643249,0.004673385729273158,0.01651516002564718,0.001365340463942391,-0.002270016850066781,-0.002593039141994495,0.02579372442570232,0.0178760056748301,0.0002023337647345416
101,0.005484972913345975,0.01218028712923311,0.005273732176713218,0.01640511661672316,0.002214906427071261,-0.001931821093543234,-0.003959516333019656,0.02818937814101816,0.01914657853513144,0.0021571036437223
102,0.00589956304859472,0.01318907529596552,0.005500125377322517,0.0152411703115694,0.002723273539611837,-0.002860318699042162,-0.004660995189849927,0.02797299124635374,0.01940120100369265,0.003264227412901237
103,0.006924701623740329,0.01341193383904118,0.00674568562288959,0.01637375782663792,0.002488493149658456,-0.002442271566924556,-0.002668601154072487,0.03036775767727833,0.0192393593102375,0.003623247397665975
104,0.006788322475642709,0.008781716133911953,0.00535611150993782,0.01373920042683853,0.002259417621778506,-0.004480177385396092,-0.003852915570142458,0.02987157044290879,0.01938492295537251,0.004598911434461632
105,0.007277854976041623,0.01345297399061128,0.006835067579443794,0.01532822745772923,0.003648650070718797,-0.002127651505327792,-0.002042772544193446,0.03066519602315482,0.01991252730316825,0.005313037409261456
106,0.007150534615480589,0.01301254392727232,0.006806130126609091,0.01427918471151737,0.003561400935423852,-0.00309218980527391,-0.002671198806087646,0.03022586177984513,0.01972889176958776,0.005155385938207684
107,0.007069646085001438,0.01288696221904626,0.006943762081524149,0.01482850424626489,0.002890487780742581,-0.003075003373407856,-0.002607485980063488,0.03026833545218946,0.02517728875189202,0.00518470385772926
108,0.006871646624611651,0.0126365379110765,0.006935637548508392,0.01482718359348132,0.002967829489784974,-0.002936881138298548,-0.002376613626068138,0.0302438473462945,0.02883717374193014,0.005220623367289816
109,0.004861122073756626,0.003915441165382179,-0.007068883111639603,0.002579077295709129,-0.004274756292479273,-0.008696420716500775,-0.01537999359850168,-0.07711095938700079,-0.08199151188397474,-0.001811835366461421
110,0.002167740879302383,0.003678762615648177,-0.005797329909328972,0.005192385900799863,-0.002355004331027753,-0.006867945471047435,-0.01467497894935595,-0.0735412411678168,-0.05893043171670787,-0.0007304462149267099
111,0.002636453696414935,0.0009710233001641843,-0.0006954387491078635,0.003988433086868673,-0.002514528814790339,-0.003714711828408507,-0.01385986636337748,-0.07078789333536573,-0.05315850906731352,0.00123378635624552
112,0.000604090684491014,0.0006120008617108802,-0.0006952609289450512,0.003275063400693876,-0.00160296151415413,-0.003330892803317984,-0.0136268044348641,-0.06746210604215683,-0.04044023045312342,0.0011610048695934
113,0.0009004818557514032,-0.003136768938667115,-0.0008828401619779954,0.00392945739479058,-0.00209552171082308,-0.003387056892157123,-0.01410623051109703,-0.06560412628787594,-0.03806019417406902,0.001824247333311862
114,0.002150446778392049,-0.001932407479654549,-0.002210340472892147,0.01959925452008269,-0.001023692038564403,-0.001773293562733684,-0.01367322574543918,-0.05430087413945792,-0.01922822126020887,0.002807356460776629
115,0.002095297385070517,-0.002238489467748564,-0.003888379178771227,0.004643876771023495,-0.0007528992326792372,-0.0009818351530700192,-0.01109522096073666,-0.06398400018342339,-0.01142709892353749,0.002657104461221031
116,0.001987824539547468,-0.002468638625885235,-0.003024712580191677,0.005305588796657956,-0.0005319574649280778,-0.001006086898377398,-0.01125358113145814,-0.06365211027182532,-0.0118815102792472,0.001864789118106639
117,0.002875831300907464,6.498644070250166e-05,-0.002855778246322866,0.005472638379915391,0.0006815486771403264,-0.0001391923674145462,-0.009832359205044985,-0.01864747409716805,-0.01051492398915585,0.002107299121017102
118,0.001075253378945442,0.0003964315983818918,-0.005991647224453339,0.004974768012355487,0.00395584069589123,-0.00142296516970611,-0.01174070795917532,-0.00986542642782611,-0.007339905474363502,0.002429211793923708
119,0.000947237873309407,0.001500621801460091,-0.003190328768681991,0.01087330705514721,0.003955528013720157,-0.001418119356163202,-0.01199288259711829,-6.762457832606517e-05,0.001190742514114864,0.00300031656902212
120,-1.723114352198681e-05,-0.0009696075424613956,-0.004621288262670621,0.00543988400873177,0.000241470366563614,-0.001542824928086348,-0.01218936585118758,0.00555813207259325,0.002893899486100617,0.003448809035782481
121,0.001450623979421672,-0.002939944566367382,-0.004662863949487428,0.01287120610420146,0.001908369891626502,-0.002295193665549503,-0.01011399821967388,0.02416983062849377,0.01492716402941158,0.005136305842543909
122,0.0001621276561293393,-0.003092309574524885,-0.006262188985842461,0.00696160583931471,0.0007092639640404564,-0.002593522152115295,-0.009674368075466932,0.023973994498837,0.01736868406890135,0.004147142934122815
123,-5.810369454677754e-05,-0.006833549648795271,-0.009933101656944998,0.009559546534215748,-0.003409428610741268,-0.002450788364502872,-0.01196612393296529,0.02313711258391308,0.01657339531754556,-0.001447868609229262
124,0.0003190858778143477,-0.006576344853153545,-0.008005621671332591,0.01090468094106182,-0.00180922413574338,-0.002496246298208565,-0.01055961087192973,0.02336703144518308,0.01780665950209738,-0.0002189655517881184
125,-0.001088256280821727,-0.006725927655185001,-0.009745005762755197,0.009817479811079818,-0.003329756963764491,-0.002671807415634355,-0.01143421810232529,0.02240860155750028,0.01738673560622193,-0.0003045222915909716
126,-0.001136341464477317,-0.006785925489005492,-0.009781093926071002,0.00975494568662053,-0.003479580375075007,-0.002696546363450737,-0.01143298218445199,0.02240399037394794,0.01780750191102529,-0.0003494369373271059
127,-0.002456491577168469,-0.004560980953924255,0.008393678207181331,0.009887388641320518,-0.001937003476222632,-0.001383669525773243,-0.01481283673837525,-0.0359446151267144,-0.01420605322193204,-0.001582397579849358
128,-0.002625176145061108,-0.00392790625038216,0.001934320613066825,0.003002049679854815,-0.004419543199302318,-0.002270454560867184,-0.01593895875115745,-0.0247769852481295,-0.01795645115395642,-0.003873856902579824
129,-0.002198628572910164,0.001264091913255878,0.00114514438130752,0.0008506541357647127,-0.004643319015322913,-0.003201067115217208,-0.01550705664297781,-0.020326276624365,-0.01495332644038533,-0.004924313345174985
130,-0.001340075000988364,0.003423358839303984,0.002299466423996871,0.001751551020975074,-0.002747656059708307,-0.003918772847359937,-0.0143969095548689,-0.01418832403534238,-0.009548969553722914,-0.004611494636116808
131,-0.0009188315942381055,0.001152333428028951,0.001457401911037675,0.002774118769925057,-0.002104478532504335,-0.004028878422161908,-0.01466749403475087,-0.01178089674189114,-0.0002287011966173485,-0.005424385410429926
132,-0.0007726864395741456,0.001485114103799238,0.002737211240351142,0.006263969674160377,-0.002639760027070203,-0.003284206969449172,-0.01937523190620165,-0.01211123718302637,0.01212434656093644,-0.004422414644328504
133,-0.0004868749435278068,0.002756122518542488,0.00339234943429795,0.00450126046402978,0.001526721991483049,-0.002966824473129882,-0.02014520201769315,-0.002685088033972304,0.0135000206293555,-0.004790496052963537
134,0.00049867860760921,0.004540534886040992,0.003648970087196262,0.005090032175385431,0.002265340259030301,-0.002202462025210831,-0.01885951533136581,0.005097238562935872,0.01590401293615658,-0.0038905441033141
135,0.000765675647682577,0.0001557460408740459,0.00218103510364026,0.009084154763035836,0.0009301492692183037,-0.003379335478053153,-0.02222715223479984,0.02152664830737168,0.01705699596775129,-0.00662725763294434
136,0.002016866140452284,-0.000328039586755338,0.003578213989974076,0.008829485567701972,-0.0007339011987887365,-0.003696124360909208,-0.01670806956936832,0.02369874865326959,0.01808016163265085,-0.0004429355292657744
137,0.002179425312777243,0.0003917935134753177,0.004196477342472776,0.009210070132359555,0.0009637788355913645,-0.003284905565519981,-0.007204797161432547,0.02576145952051725,0.01825727525423526,0.001789251552773407
138,0.002682452685173524,0.0002440588831341958,0.005131977652115354,0.01212038689899379,0.002009960626055568,-0.003583867267552964,-0.007439741940214457,0.02565417680907818,0.01884687584639272,0.002172835512590859
139,0.005750603258291886,0.000202743574575321,0.007101427435301486,0.01286933184378713,0.002017611314587909,-0.003543497006412077,-0.005626466194750213,0.02906662033476334,0.01919227779253026,0.00325347727148787
140,0.004128894210884255,0.0001192276300102383,0.005003639478268256,0.009714521793062897,0.00179870954745276,-0.005216465166551086,-0.007228700140502958,0.02738367236201561,0.0182937854343503,0.002984150855646142
141,0.006583984247034399,0.0005568494953272328,0.00675211061170158,0.0147107575859523,0.002544774637525287,-0.004484504278025375,-0.005647721022113112,0.0289730364411218,0.02774948337616769,0.003449093934819944
142,0.007497120010533624,0.0006174148504267039,0.008003856982346048,0.01361504967502024,0.003554187613155101,-0.004455461170745468,-0.005505843976077275,0.02886161187491839,0.02457828493844229,0.003426622918624254
143,0.007018923505359312,0.002420840003272955,0.006575174432641172,0.009519228329989497,0.003299216015750669,-0.004494975887880054,-0.00515163795723555,0.02811740650535238,0.02394682143574712,0.002448079093606918
144,0.007038405213471023,0.006909034646056981,0.006544326255080081,0.009658742297851665,0.003199013862119728,-0.004524674323138481,-0.004103654697002745,0.02836429317637129,0.02435575773328147,0.002440240848098293
145,-0.007146897529447579,-0.006107200789206974,-0.008301302461674528,-0.005838738957204123,-0.006364995475632969,-0.01397424893672756,-0.01670238936329562,-0.08030895780586282,-0.0963847244217754,-0.003882220015173648
146,-0.00696785727026393,-0.001836203409067091,-0.008636679623156437,-0.008424712296592049,-0.006118969963227521,-0.01123183829739403,-0.01686763506450088,-0.08038676988857037,-0.09486166322780595,-0.003032067003867733
147,-0.002701422777836574,0.001378035899585023,-0.007656052549395879,-0.009881856435428368,-0.002310519543799678,-0.004199152006920952,-0.01439937042089886,-0.07166326267330993,-0.05750990106888679,-0.004413216515977236
148,-0.0008315352876709492,0.001031879060885486,-0.007603567746248167,-0.00333591358316695,-0.002777432067648798,-0.001026653759685424,-0.01237790322550049,-0.01591180042237252,-0.04706710239235911,0.0005309650437039992
149,0.001229970222306479,-0.0003285328288628375,-0.007338821577197029,-0.004302351301517945,-0.004988222509440858,-0.0005479291203952058,-0.01405597142437681,-0.02027685846869709,-0.02732247081851052,0.001453517812905766
150,0.000108160024956674,-0.0006598837147847695,-0.007333938579036844,-0.001346863718199319,-0.005680980251839555,-0.001598263609841076,-0.01433934934469903,-0.01954674946548655,-0.02631280640908971,0.001751463407508884
151,0.0008994062587824326,-0.000364277742668885,-0.007716637334111945,-0.002801418324357789,-0.007026394098876327,-0.002853095057879428,-0.01209334988136106,-0.01085176491222245,-0.01715496408851566,0.002341288940172287
152,0.0006357432142354175,-0.0009311449960694938,-0.007582959690848361,-0.006950029292114569,-0.00704914975936936,-0.002222272271328865,-0.01157459797841102,-0.01168068695129414,-0.01398264381347339,0.001222470356844909
153,-0.0003319514501383977,-0.0005387112815832974,-0.00515474625095186,-0.004939842127911162,-0.006416934637618527,-0.002463791842177068,-0.0120254141165335,-0.003940887846526433,-0.01239328198071381,0.001074931981143458
154,-7.856453745747765e-05,0.0006789523405688555,-0.00576992099949096,-0.008079550248955424,-0.005606455148472546,-0.002096639940455555,-0.01242893924423234,-0.004101215055247193,-0.009224771147285704,0.001868398199750654
155,-0.0004595343119147535,-0.0005463275340819859,-0.004500223088789054,-0.01293678960866084,-0.003912773365489233,-0.003010962269214568,-0.007327516269684633,0.001874440128452707,-0.001177925271242082,0.0009130510833140367
156,0.0004927047942903505,-0.000318445824262637,-0.004541335169679223,-0.0155769055776174,-0.003318454545948355,-0.004890140570524106,-0.01132169011534676,0.02217648310306602,-0.0005247851938234968,0.001926150429457339
157,6.39168313633612e-05,-0.001351227407527006,-0.008180593284121462,-0.01674103283477217,-0.004036901300246632,-0.004711719083100107,-0.01492525343097088,0.02193641163125116,0.01162125832161133,0.002653700741210328
158,-0.0004465473708427628,-0.001667621481600837,-0.008643690095272221,-0.01689250234747241,-0.004514117919374051,-0.005051248724104172,-0.01505123075722931,0.02167807216213099,0.01314486991705165,0.001711397072913221
159,-0.0003086528723555096,-0.001259985973910342,-0.008237883977670571,-0.01583875066094142,-0.003020349268654156,-0.005169807242871566,-0.01350955004617066,0.02179032415205633,0.01433424444651507,0.004971456549464928
160,-0.000515406129008642,-0.0004753341078668711,0.001909354947410227,-0.01510718422346993,-0.001967257980773784,-0.004397816866056115,-0.01284099018499311,0.02263781455678089,0.01595969160281934,0.004823258428233306
161,-0.0007959600144165561,-0.005186657325149942,0.0006700242275678864,-0.004168835922095012,-0.001904359357588808,-0.004153058747238295,-0.01365275418943535,0.02505395346798653,0.01807468292939022,-0.002780136063053674
162,-0.000795368310815708,-0.004702967905899066,0.0006910261608898257,-0.003997798948581072,-0.001473203900865363,-0.004204409988272289,-0.0135511193427698,0.0250117044696839,0.01858469611117203,-0.002790100278451295
163,-0.002911682735487173,-0.007079476689517976,-0.006069947192534786,0.003189184223976186,-0.003940981786067783,-0.003773602641999103,-0.01670897856801124,-0.0768304568192844,-0.06361824759073481,0.000290210327357029
164,5.90299079954303e-05,-0.002201357248410456,-0.005498221156118472,0.0117386012770519,-0.001509523293232359,-0.001644376019347934,-0.0153448379278156,-0.06350659243548021,-0.04411228362794701,-0.0003695952344083966
165,-0.002951608997558392,0.0004814248478365589,-0.007093287557320563,0.001164324940009025,-0.004093279235611227,-0.0022078222325406,-0.01568348284110294,-0.06903302069451377,-0.02746651071145888,-0.0005867611663957842
166,-0.002438736589042609,0.001233819184497917,-0.007017185916808872,0.001161948112293561,-0.001837127156095014,-0.001486646811321424,-0.01549742030570181,-0.06702354939024693,-0.02432096341171573,-0.0005532692506218856
167,-0.003089968107044694,0.002499382987481492,-0.008448661859004537,0.002560976428565666,-0.002697110640590697,-0.00116110891224327,-0.01643413994202485,-0.0561837551125816,-0.01942922135340143,-0.003811651319785901
168,-0.002506218274987286,0.003651383487074407,-0.006590571305606596,0.01012868056732472,-0.001794576907839089,0.0006426955938092786,-0.009894268927067434,-0.02646404950517988,-0.009871990630034834,-0.005383729402425755
169,-0.00234397102722397,0.001350908419960931,-0.007754406408878288,0.0009060295646639637,-0.003756635216614957,-0.002417025009282271,-0.0160057998089873,-0.02185924220055779,-0.008297321306491794,-0.006870726659895154
170,-0.001365870107604791,0.002153540100427434,-0.007933133329027894,0.0007256110172074413,-0.003832921921697739,-0.002985556864812631,-0.0171321145813744,-0.01288816053120627,-0.001247928518232323,-0.007296415977347491
171,-0.00115530264083725,0.0003158267447031565,-0.008255401260327217,0.002568608087364057,-0.004986437774688685,-0.002597839467324149,-0.01306052873620859,-0.004155344321578347,0.001124277713397026,-0.004545543189578803
172,-0.0004958091888375867,0.0004728924852920256,-0.0088798455447934,0.007294778218823458,-0.004432861868159425,-0.002161624802726042,-0.01846406107486788,0.002962015094450569,0.01453567506047521,-0.004897505127691275
173,-0.0007977947109483448,0.0008084202579295645,-0.009761859447217575,0.005249681954307448,-0.002633392748191972,-0.003656304416062128,-0.02622260356531021,0.02197239334022333,0.01456382646912399,-0.00708994286069913
174,0.0008735508181413852,0.004848275600891933,-0.006501272890071299,0.005483964461495928,-0.001334017951382516,-0.003793833857360551,-0.01852563061228429,0.02442716992746895,0.01688563681551391,-0.001325144969341622
175,0.002072844576375453,0.007569169152995881,0.0005877952809235479,0.0111647095037888,-0.0005278933222978567,-0.002956423910185558,-0.01675504629900632,0.02847344195202041,0.01916435223486252,0.00282978404816944
176,0.00205748408747581,0.004557163347678372,0.0003592057177579083,0.006849755232497492,-0.0004673598506472929,-0.003109141111500218,-0.01775407416517043,0.02686202267487228,0.01880601753796083,0.003553102230332344
177,0.001511282242928169,0.003908426207505708,0.0003538165167457496,0.007606406248858984,0.001395995385321577,-0.003663228654058163,-0.006614799924809655,0.02584746477415305,0.01922553811780195,0.002028395358413517
178,0.002241527977961716,0.007429946646877088,-0.0001133728752279487,0.008430777281946031,0.00201685141668477,-0.004193608799465091,-0.006305690294436747,0.02470373126952516,0.02031233687630879,0.001744658641162725
179,0.004869829263114894,0.008636771831580755,0.0008114550727266437,0.01006581153221328,0.001639614857862176,-0.0038962440672758,-0.005376736692507794,0.0264367336375837,0.02063516767745456,0.005366268817672014
180,0.004854434718493248,0.008486188829446382,0.0008795183799432268,0.01015726296322128,0.001670218552692819,-0.003893679462111394,-0.005327609833893384,0.02647794351643599,0.02087175993152351,0.00539944151685007
181,-0.005232626172125197,-0.004079588688652704,-0.005890442357311856,-0.01215641315643862,-0.004486050851071748,-0.007815586083080146,-0.01509261450645202,-0.07147823994573688,-0.05620499718717291,-0.004680146855963041
182,-0.002250360154023054,-0.002981716917222698,-0.006025826916331695,-0.00967677324497579,-0.004066623301255149,-0.006174400641280681,-0.01479535098297596,-0.06486484297115834,-0.03880550713466866,-0.004213373077018389
183,-0.002768812355689667,-0.001090071516080452,-0.006578467775767349,-0.008063504909021845,-0.003976522237181099,-0.003339319444799388,-0.01458627709073618,-0.06751968320509787,-0.03863037139429563,-0.003559253296477184
184,-0.002441880689039962,-0.001935201141971615,-0.006068725595349253,-0.008117039186095638,-0.003978696110272425,-0.003048869746796786,-0.01186536217072381,-0.0638097468633321,-0.0201342194074324,-0.003354398677525576
185,-0.00278887955159771,-0.001151876401109552,-0.005551462210264304,-0.009900960374200211,-0.002354527149153848,-0.002614854224846997,-0.01137591827767278,-0.06187393269753488,-0.01283294870356059,-0.003622666798358684
186,-0.00139742132427865,-0.0006406434332753036,-0.005286059881947676,-0.005443405169749473,-0.002747449539236937,-0.00206092848266942,-0.01115451362397047,-0.04552098214421788,-0.01365313293628475,-0.002905510071857378
187,-0.0005216345295315328,-0.002215865284213825,-0.004796932219565008,-0.01205626369819326,-0.002003455095749417,-0.001829935193819547,-0.00546839838873242,-0.02830862354394117,-0.01004539824851497,-0.003428579151674902
188,0.0004866572573155399,-0.001451083015785693,-0.005687732209730925,-0.01385732012095789,-0.002553752168928725,-0.003048781915697673,-0.005491909125096828,-0.02025143663005383,-0.001871399031129153,-0.003233717547842691
189,0.0008762156333151817,-0.004014935768262501,-0.006979750930440355,-0.01666191895967114,-0.003467784312843291,-0.003076446514047202,-0.007598156623952962,-0.01240355780792026,0.0007880982218524308,-0.004186416377810188
190,0.0007319393814615724,-0.007893730283755231,-0.008188957538852255,-0.01910734656185929,-0.007783328236152954,-0.005002612059265892,-0.0104159042704986,-0.01088495819219607,0.009303291043063038,-0.007041355012550924
191,0.001287288417513865,-0.007602616473881916,-0.005762950782670729,-0.01695717117005596,-0.004530858402293603,-0.004969987428852155,-0.01002004899812963,-0.005707862776137661,0.0111327481571203,-0.006982976546453397
192,0.002494823214403218,-0.007835624745780673,-0.007328625131135801,-0.01909250101749408,-0.003671105314365491,-0.004610241002987953,-0.0097113312722347,-0.001780507340147022,0.0109931064347693,-0.006571678620216679
193,0.002381551992210927,-0.007799445048543899,-0.007495578094804958,-0.01861316322408326,-0.003633930398607326,-0.005025525185108225,-0.009794827845768076,-0.001932880954611696,0.01241271041343409,-0.006610983763315187
194,0.001293987693210372,-0.007693658892476119,-0.008384172870009744,-0.02003522352614715,-0.005665144768593052,-0.00728941898516036,-0.01107198103682787,-0.002372540438631676,0.01218715881543784,-0.006994440471012622
195,0.002697514214206095,-0.004718913037490762,-0.006982422445716108,-0.01846776947022013,-0.003164987981451265,-0.00436703412492379,-0.008973509967235139,-0.001130204651407973,0.01377713124813975,-0.004944742892038618
196,0.0024179232924363,-0.006967191378192016,-0.008032506937624407,-0.01921147980683641,-0.004643617771611326,-0.00486610809287268,-0.009577617245093529,-0.001544156100655423,0.01351749586121513,-0.005707384945767969
197,0.002650562246085968,-0.006175716787298448,-0.006836213242316455,-0.01848421760686628,-0.003392662924144124,-0.00389223784715302,-0.009442506435719773,-0.0009481955712885867,0.0141707724399877,-0.005462028239369464
198,0.00268800079743342,-0.004074592526802045,-0.00681641939733994,-0.01807718780971402,-0.003125633720702046,-0.003863771824091172,-0.009087675103732788,-3.08854449475079e-05,0.01498354657862806,-0.004613350403940829
