row_id,PCGDP,PCRS,FSR,TIG,RUUR,HBTP,IPR,URIR,GCR,WEI,SDEI,EPES,UGPR,UWPR,PCURA,REPC
1,0.254881,0.246808,1.0,0.456994,0.117647,0.719237,0.758621,0.737346,0.615142,0.767589,0.920007,0.012262,1.0,1.0,0.019199,0.177983
2,0.278489,0.286122,0.953177,0.481287,0.117647,0.719237,0.758621,0.732684,0.621451,0.809037,0.936517,0.020357,1.0,1.0,0.024624,0.176259
3,0.29305,0.316656,0.885929,0.544516,0.088235,0.75142,0.758621,0.73854,0.62776,0.823118,0.950209,0.048679,1.0,1.0,0.018364,0.183871
4,0.324962,0.368643,0.908843,0.505982,0.058824,0.783603,0.758621,0.749063,0.634069,0.837905,0.958659,0.098348,1.0,1.0,0.0,0.191999
5,0.35446,0.423364,0.9157,0.518234,0.323529,0.79933,0.793103,0.758002,0.634069,0.897221,0.975203,0.079278,0.998148,1.0,0.0,0.195878
6,0.371321,0.456194,0.936743,0.563039,0.441176,0.371778,0.827586,0.757764,0.637224,0.90497,0.977871,0.079323,1.0,1.0,0.001669,0.196488
7,0.399149,0.490397,0.951054,0.611616,0.176471,0.389399,0.87931,0.76607,0.640379,0.917789,0.980793,0.067135,1.0,1.0,0.002922,0.830647
8,0.431278,0.531876,0.978021,0.640307,0.147059,0.405563,0.87931,0.779034,0.640379,0.933902,0.984637,0.121479,1.0,1.0,0.002922,0.812648
9,0.460132,0.674881,0.933013,0.693409,0.176471,0.440658,0.913793,0.788161,0.643533,0.941712,0.986897,0.140732,1.0,1.0,0.009599,0.789578
10,0.515411,0.732212,0.971833,0.74177,0.147059,0.477355,0.931034,0.797025,0.646688,0.95958,0.995548,0.183836,1.0,1.0,0.013773,0.878935
11,0.570405,0.80033,0.920149,0.737975,0.205882,0.510849,0.931034,0.80153,0.662461,0.95958,0.999184,0.35706,1.0,1.0,0.019616,0.912494
12,0.626116,0.868742,0.88753,0.741712,0.323529,0.535459,0.931034,0.805546,0.570978,0.95958,0.999414,0.326569,1.0,1.0,0.022538,0.948742
13,0.660292,0.902591,0.915593,0.776779,0.294118,0.578564,0.931034,0.814596,0.589905,0.95958,0.999643,0.235405,1.0,1.0,0.028381,1.0
14,0.676191,0.88303,0.908467,0.785989,0.264706,0.591379,0.931034,0.826106,0.605678,0.95958,0.999765,0.234468,1.0,1.0,0.03005,0.00863
15,0.760664,0.981143,0.96726,0.79223,0.558824,0.638416,0.931034,0.846386,0.618297,0.95958,0.999777,0.174931,1.0,1.0,0.032137,0.009669
16,0.783878,0.87138,0.841126,0.802659,0.558824,0.67322,0.931034,0.856464,0.630915,0.95958,0.999742,0.221896,1.0,1.0,0.040067,0.004944
17,0.828276,0.955794,0.90028,0.81857,0.558824,0.724625,0.931034,0.870248,0.621451,0.95958,0.999771,0.301564,1.0,1.0,0.039232,0.010844
18,0.949966,0.927438,0.884049,0.87323,0.558824,0.724625,0.931034,0.887348,0.621451,0.95958,0.999771,0.301564,1.0,1.0,0.039232,0.010844
19,0.015922,0.011863,0.411263,0.233518,0.117647,0.120722,0.034483,0.09825,0.40694,0.788267,0.782377,0.321484,0.68053,0.858464,0.218698,0.003157
20,0.024992,0.022894,0.398766,0.22355,0.117647,0.120722,0.034483,0.149344,0.438486,0.836361,0.827268,0.524542,0.659593,0.852606,0.335977,0.003369
21,0.030169,0.031963,0.331105,0.263401,0.088235,0.163099,0.034483,0.160477,0.574132,0.847943,0.842778,0.563421,0.682097,0.88375,0.248748,0.003724
22,0.041236,0.04801,0.3576,0.250005,0.117647,0.205475,0.034483,0.254449,0.605678,0.874844,0.866006,0.491738,0.663866,0.892075,0.286311,0.004327
23,0.058419,0.0656,0.355506,0.279766,0.147059,0.253677,0.086207,0.301646,0.649842,0.807173,0.849746,0.406577,0.632673,0.848597,0.330968,0.004877
24,0.07357,0.081345,0.350167,0.274918,0.176471,0.308577,0.137931,0.317118,0.66877,0.837506,0.874614,0.332569,0.52229,0.824854,0.328881,0.00563
25,0.090236,0.09778,0.371345,0.298743,0.176471,0.353138,0.224138,0.355921,0.621451,0.868897,0.892985,0.288984,0.594502,0.935862,0.344324,0.006522
26,0.101815,0.114261,0.359264,0.317654,0.176471,0.394932,0.258621,0.389133,0.630915,0.887495,0.906152,0.269404,0.660732,0.933703,0.54591,0.007074
27,0.110437,0.170664,0.36043,0.353308,0.176471,0.429882,0.293103,0.413303,0.605678,0.880599,0.919252,0.335017,0.66942,0.917669,0.425292,0.007683
28,0.123749,0.19681,0.334994,0.387575,0.294118,0.474152,0.344828,0.424693,0.621451,0.890444,0.942907,0.359531,0.697764,0.897009,0.489149,0.008272
29,0.143746,0.227184,0.300106,0.421493,0.411765,0.533712,0.344828,0.436533,0.656151,0.890444,0.970915,0.384713,0.657171,0.898551,0.353923,0.009193
30,0.166379,0.258699,0.297998,0.422476,0.352941,0.578127,0.344828,0.450023,0.684543,0.890444,0.975516,0.326676,0.676827,0.895159,0.420284,0.009643
31,0.188508,0.291961,0.273187,0.404153,0.382353,0.635066,0.344828,0.476686,0.681388,0.890444,0.979026,0.366077,0.685515,0.90996,0.457429,0.011415
32,0.200868,0.283023,0.270062,0.384728,0.205882,0.70351,0.344828,0.527591,0.706625,0.890444,0.985159,0.252279,0.695912,0.941412,0.525042,0.016204
33,0.226595,0.319386,0.315049,0.378363,0.235294,0.725644,0.344828,0.543469,0.769716,0.890444,0.986854,0.202065,0.694203,0.969781,0.586811,0.017698
34,0.240892,0.326033,0.255925,0.374111,0.235294,0.759138,0.344828,0.583234,0.788644,0.890444,0.986665,0.225841,0.597636,0.969473,0.557596,0.017084
35,0.255589,0.355391,0.287954,0.397156,0.235294,0.821756,0.344828,0.632796,0.807571,0.890444,0.987132,0.241737,0.667996,0.967314,0.628548,0.021923
36,0.271493,0.36819,0.288169,0.435387,0.235294,0.821756,0.344828,0.659736,0.807571,0.890444,0.987132,0.241737,0.667996,0.967314,0.628548,0.021923
37,0.061509,0.086107,0.440782,0.259001,0.176471,0.184797,0.189655,0.465072,0.315457,0.878637,0.416575,0.813936,0.652471,0.427999,0.34182,0.006178
38,0.080957,0.116081,0.432234,0.267017,0.147059,0.184797,0.189655,0.480242,0.394322,0.886342,0.525329,0.776133,0.633243,0.445883,0.36394,0.00685
39,0.096212,0.139232,0.425749,0.288482,0.176471,0.219892,0.189655,0.438464,0.451104,0.904839,0.592303,0.709612,0.651189,0.62658,0.399833,0.008057
40,0.115632,0.170423,0.458503,0.272307,0.205882,0.254988,0.189655,0.44476,0.48265,0.88624,0.647975,0.654171,0.7046,0.629047,0.452838,0.010021
41,0.138383,0.207609,0.439587,0.245223,0.235294,0.294452,0.258621,0.495713,0.504732,0.898884,0.691462,0.517213,0.746902,0.734505,0.489566,0.011302
42,0.157281,0.243667,0.438878,0.231404,0.264706,0.348187,0.327586,0.508146,0.570978,0.914522,0.726135,0.501875,0.777667,0.828245,0.568865,0.012396
43,0.174882,0.277891,0.454217,0.244526,0.264706,0.400175,0.413793,0.538193,0.570978,0.921993,0.753073,0.458761,0.828087,0.88375,0.653172,0.013996
44,0.189696,0.312045,0.463626,0.264449,0.294118,0.450124,0.448276,0.559577,0.684543,0.925381,0.776515,0.474769,0.890044,0.931853,0.71202,0.015358
45,0.205065,0.217492,0.448668,0.305068,0.264706,0.476627,0.517241,0.560693,0.665615,0.937486,0.803201,0.548741,0.915824,0.952821,0.775042,0.01829
46,0.221345,0.237204,0.431669,0.320383,0.264706,0.504733,0.551724,0.560129,0.687697,0.955704,0.914525,0.450121,0.927361,0.968548,0.8101,0.018673
47,0.242381,0.25156,0.351788,0.355192,0.294118,0.565749,0.551724,0.562546,0.697161,0.955704,0.947495,0.389731,0.94317,0.972248,0.828464,0.021568
48,0.266406,0.265892,0.361373,0.36252,0.294118,0.613951,0.551724,0.586828,0.709779,0.955704,0.953441,0.422628,0.925367,0.976257,0.780885,0.024178
49,0.287637,0.273887,0.383133,0.362163,0.264706,0.623853,0.551724,0.630409,0.706625,0.955704,0.957654,0.365757,0.940179,0.97749,0.804674,0.026636
50,0.289769,0.252797,0.366694,0.332113,0.235294,0.681666,0.551724,0.700826,0.706625,0.955704,0.967186,0.333218,0.960974,0.984582,0.830134,0.032864
51,0.364623,0.266109,0.433549,0.223624,0.235294,0.711082,0.551724,0.731889,0.753943,0.955704,0.978058,0.318403,0.96952,0.987049,0.896494,0.037413
52,0.406803,0.255493,0.46874,0.185998,0.235294,0.717198,0.551724,0.757638,0.750789,0.955704,0.982105,0.261188,0.970944,0.990749,0.856845,0.032562
53,0.430598,0.274231,0.436449,0.208556,0.235294,0.752439,0.551724,0.783498,0.760252,0.955704,0.981536,0.294749,0.968096,0.973173,0.830134,0.058593
54,0.463875,0.289124,0.44055,0.273872,0.235294,0.752439,0.551724,0.798366,0.760252,0.955704,0.981536,0.294749,0.968096,0.973173,0.830134,0.058593
55,0.25342,0.308756,0.948178,0.831118,0.823529,0.718218,0.844828,0.636132,0.570978,0.904007,0.969919,0.158811,1.0,1.0,0.065109,0.037693
56,0.275708,0.35913,0.985211,0.86303,0.823529,0.718218,0.844828,0.62656,0.602524,0.918188,0.97849,0.161673,1.0,1.0,0.090568,0.038159
57,0.287133,0.393991,0.913175,0.866903,0.941176,0.744284,0.844828,0.625526,0.933754,0.893226,0.980982,0.248797,1.0,1.0,0.088063,0.037507
58,0.320021,0.45068,0.904613,0.861311,0.941176,0.770497,0.844828,0.659197,0.902208,0.927052,0.984123,0.233545,1.0,1.0,0.063856,0.038476
59,0.356043,0.501347,0.97238,0.87778,0.941176,0.777195,0.862069,0.639475,0.867508,0.939335,0.988257,0.346288,1.0,1.0,0.050918,0.038801
60,0.385591,0.552656,0.942082,0.886152,0.970588,0.405126,0.896552,0.648885,0.886435,0.959828,0.989842,0.374537,1.0,1.0,0.147329,0.039596
61,0.421033,0.592652,0.916932,0.896421,1.0,0.416339,0.948276,0.655956,0.914826,0.969838,0.991527,0.413011,1.0,1.0,0.148998,0.040062
62,0.448997,0.632423,0.931423,0.904508,0.970588,0.443279,0.948276,0.669687,0.977918,0.974859,0.992925,0.648397,1.0,1.0,0.141903,0.041186
63,0.480578,0.808362,0.856165,0.933831,0.941176,0.448668,0.965517,0.670702,0.955836,0.983331,0.994102,0.74388,1.0,1.0,0.149416,0.042398
64,0.524586,0.864828,0.822119,0.945897,0.941176,0.484491,1.0,0.671766,0.955836,0.982751,0.998903,0.80862,1.0,1.0,0.149416,0.044931
65,0.582579,0.92002,0.825126,0.953628,0.941176,0.509538,1.0,0.668795,0.955836,0.982751,0.999602,0.983819,1.0,1.0,0.141903,0.05131
66,0.649688,0.954431,0.801031,0.960769,0.941176,0.535896,1.0,0.672013,0.955836,0.982751,0.999883,0.754095,1.0,1.0,0.147329,0.055154
67,0.698755,1.0,0.813231,0.971536,0.970588,0.564147,1.0,0.67764,0.958991,0.982751,0.999941,0.556755,1.0,0.971014,0.15192,0.058665
68,0.709564,0.908909,0.796765,0.972316,0.588235,0.544779,1.0,0.695343,0.974763,0.982751,0.999948,0.416112,1.0,0.950355,0.151503,0.057323
69,0.815594,0.988437,0.856215,0.936176,0.411765,0.566769,1.0,0.720577,0.984227,0.982751,0.999981,0.437921,1.0,0.962997,0.153589,0.058744
70,0.826765,0.916473,0.790495,0.972787,0.411765,0.593127,1.0,0.732882,1.0,0.982751,0.999997,0.358351,1.0,0.994141,0.166945,0.053591
71,0.873456,0.961526,0.802179,0.992421,0.411765,0.625018,1.0,0.75113,1.0,0.982751,1.0,0.322171,1.0,1.0,0.201586,0.065921
72,1.0,0.935774,0.783626,1.0,0.411765,0.625018,1.0,0.772799,1.0,0.982751,1.0,0.322171,1.0,1.0,0.201586,0.065921
73,0.032615,0.076788,0.336994,0.279164,0.205882,0.233872,0.206897,0.669777,0.416404,0.647482,0.797548,0.435626,0.749039,0.630897,0.230384,0.005536
74,0.045002,0.104741,0.331806,0.276972,0.176471,0.233872,0.206897,0.710306,0.422713,0.679259,0.838142,0.505884,0.783791,0.649399,0.265025,0.005925
75,0.054812,0.126844,0.299131,0.289215,0.176471,0.27421,0.206897,0.692205,0.463722,0.718857,0.861735,0.418792,0.793192,0.653099,0.28798,0.006458
76,0.070748,0.156425,0.307891,0.305518,0.235294,0.314693,0.206897,0.769694,0.504732,0.762803,0.884952,0.529088,0.795471,0.679309,0.348497,0.006827
77,0.092981,0.191927,0.363192,0.324677,0.264706,0.34775,0.258621,0.808525,0.507886,0.81606,0.889422,0.637724,0.833072,0.775208,0.328047,0.007466
78,0.109928,0.230626,0.402939,0.328587,0.264706,0.376584,0.327586,0.816115,0.498423,0.83951,0.903763,0.630234,0.849879,0.765032,0.357679,0.008464
79,0.124149,0.270474,0.403113,0.343538,0.264706,0.405417,0.37931,0.829628,0.419558,0.863711,0.916254,0.632521,0.877938,0.810052,0.399416,0.009252
80,0.135039,0.31076,0.3936,0.347679,0.352941,0.446192,0.431034,0.840683,0.55836,0.867967,0.922695,0.665225,0.885771,0.808511,0.441569,0.00971
81,0.137711,0.170116,0.358711,0.346388,0.323529,0.464395,0.482759,0.822392,0.567823,0.860261,0.925035,0.471323,0.892608,0.803885,0.437396,0.010214
82,0.14738,0.18794,0.325201,0.395737,0.323529,0.505752,0.534483,0.826547,0.533123,0.923412,0.971453,0.428997,0.900299,0.796485,0.456594,0.011056
83,0.159318,0.202254,0.294308,0.425372,0.323529,0.523664,0.534483,0.827203,0.55836,0.923412,0.976788,0.376043,0.900157,0.841196,0.428214,0.011964
84,0.168552,0.211211,0.297052,0.430698,0.323529,0.599534,0.534483,0.823996,0.615142,0.923412,0.983564,0.392386,0.900869,0.811594,0.407763,0.013032
85,0.180481,0.222695,0.248022,0.432108,0.441176,0.62196,0.534483,0.837133,0.665615,0.923412,0.982675,0.488629,0.883208,0.836571,0.421119,0.013521
86,0.194125,0.203139,0.224267,0.401793,0.352941,0.747197,0.534483,0.871431,0.70347,0.923412,0.988495,0.392304,0.899302,0.864323,0.487062,0.018043
87,0.214938,0.229512,0.276757,0.399849,0.382353,0.782729,0.534483,0.89514,0.725552,0.923412,0.990251,0.367171,0.926649,0.873882,0.507095,0.019501
88,0.210995,0.205722,0.165112,0.413444,0.382353,0.799185,0.534483,0.92148,0.776025,0.923412,0.99115,0.297805,0.950719,0.890842,0.547162,0.016074
89,0.226695,0.227544,0.202849,0.435651,0.382353,0.843745,0.534483,0.933759,0.77918,0.923412,0.991635,0.437685,0.95485,0.88745,0.562187,0.024932
90,0.244617,0.239277,0.215313,0.491448,0.382353,0.843745,0.534483,0.947945,0.77918,0.923412,0.991635,0.437685,0.95485,0.88745,0.562187,0.024932
91,0.023527,0.040459,0.473219,0.143559,0.117647,0.098587,0.068966,0.504637,0.507886,0.648104,0.768949,0.536095,0.699758,0.585261,0.262521,0.005063
92,0.035877,0.055872,0.326141,0.148449,0.0,0.098587,0.068966,0.535956,0.542587,0.711741,0.813684,0.308063,0.730665,0.632747,0.281302,0.005452
93,0.0436,0.070309,0.296681,0.146002,0.088235,0.143294,0.068966,0.528144,0.577287,0.750348,0.834375,0.392473,0.763282,0.681776,0.311352,0.005816
94,0.061038,0.093212,0.341384,0.149142,0.147059,0.188001,0.068966,0.558202,0.624606,0.818893,0.864077,0.302951,0.777667,0.716312,0.325543,0.006488
95,0.083298,0.119143,0.421027,0.163595,0.117647,0.238241,0.137931,0.603483,0.634069,0.848487,0.911318,0.273371,0.816123,0.748073,0.338063,0.007033
96,0.099138,0.143516,0.428687,0.182495,0.176471,0.40367,0.206897,0.611276,0.649842,0.875504,0.925224,0.276187,0.828514,0.754548,0.36227,0.007607
97,0.113309,0.168573,0.432464,0.199954,0.147059,0.466579,0.258621,0.637055,0.640379,0.880316,0.936274,0.289139,0.853012,0.745914,0.383973,0.008233
98,0.126073,0.193555,0.43567,0.229397,0.117647,0.522353,0.293103,0.661473,0.611987,0.882858,0.942968,0.274196,0.870246,0.726179,0.387312,0.008793
99,0.133273,0.218423,0.432466,0.264323,0.147059,0.567788,0.344828,0.67581,0.649842,0.886765,0.951075,0.236708,0.892608,0.785692,0.40025,0.009347
100,0.147553,0.247463,0.404948,0.321766,0.117647,0.615261,0.413793,0.687292,0.687697,0.898265,0.980811,0.206358,0.882923,0.786309,0.404424,0.010109
101,0.172681,0.280377,0.39184,0.370025,0.176471,0.68851,0.413793,0.693906,0.690852,0.898265,0.987858,0.239412,0.874947,0.843047,0.404007,0.010781
102,0.199102,0.314175,0.382114,0.404888,0.323529,0.74574,0.413793,0.702653,0.706625,0.898265,0.990799,0.249969,0.910269,0.867407,0.441987,0.011797
103,0.217075,0.34994,0.371403,0.4104,0.382353,0.798602,0.413793,0.713746,0.747634,0.898265,0.991646,0.290663,0.928073,0.873265,0.515025,0.012735
104,0.22792,0.340822,0.356857,0.408441,0.294118,0.831659,0.413793,0.739493,0.769716,0.898265,0.993088,0.253363,0.963111,0.946963,0.588063,0.016524
105,0.257871,0.401488,0.407702,0.412004,0.294118,0.851755,0.413793,0.757203,0.788644,0.898265,0.994853,0.184836,0.973223,0.95868,0.578047,0.018106
106,0.271484,0.40159,0.389714,0.41994,0.294118,0.889471,0.413793,0.774662,0.801262,0.898265,0.995582,0.192444,0.950862,0.913043,0.594324,0.019762
107,0.290654,0.442805,0.417469,0.445302,0.294118,0.933304,0.413793,0.795725,0.823344,0.898265,0.996298,0.192452,0.970944,0.969473,0.661102,0.022826
108,0.315601,0.462933,0.400409,0.473261,0.294118,0.933304,0.413793,0.812806,0.823344,0.898265,0.996298,0.192452,0.970944,0.969473,0.661102,0.022826
109,0.137021,0.187188,0.831522,0.298427,0.294118,0.388525,0.568966,0.821629,0.526814,0.841044,0.878192,0.005203,1.0,1.0,0.329716,0.047581
110,0.16999,0.230408,0.805777,0.29989,0.294118,0.388525,0.568966,0.780712,0.454259,0.876305,0.904149,0.070369,1.0,1.0,0.43197,0.040773
111,0.180222,0.262288,0.752229,0.341068,0.294118,0.403233,0.568966,0.783047,0.384858,0.90203,0.914201,0.057457,1.0,1.0,0.405676,0.045495
112,0.20997,0.295747,0.803141,0.37058,0.294118,0.418087,0.568966,0.808451,0.44164,0.91074,0.928747,0.188131,1.0,1.0,0.452838,0.045824
113,0.243569,0.345388,0.84123,0.399592,0.294118,0.419543,0.62069,0.894079,0.51735,0.942833,0.941111,0.159062,1.0,1.0,0.542988,0.046821
114,0.266524,0.392627,0.853803,0.412034,0.294118,0.251638,0.655172,0.921558,0.529968,0.926272,0.948641,0.159252,1.0,1.0,0.577629,0.048621
115,0.288431,0.441494,0.847451,0.438748,0.294118,0.271298,0.706897,0.949456,0.529968,0.939256,0.954909,0.176725,1.0,1.0,0.613523,0.066477
116,0.304834,0.463402,0.862173,0.456769,0.323529,0.284404,0.706897,0.964087,0.529968,0.940555,0.959338,0.194817,1.0,1.0,0.528798,0.105517
117,0.308954,0.378846,0.858227,0.49481,0.323529,0.299694,0.741379,0.966814,0.577287,0.93772,0.964667,0.23726,1.0,1.0,0.5,0.100307
118,0.326101,0.401149,0.757945,0.553089,0.323529,0.313965,0.775862,0.965432,0.602524,0.948507,0.995234,0.155592,1.0,1.0,0.473706,0.09209
119,0.360735,0.413749,0.721455,0.580313,0.323529,0.340032,0.775862,0.964188,0.589905,0.948507,0.995877,0.420926,1.0,1.0,0.558013,0.041485
120,0.39889,0.424783,0.693161,0.589663,0.323529,0.337265,0.775862,0.959393,0.62776,0.948507,0.997108,0.217185,1.0,1.0,0.318447,0.039659
121,0.425516,0.432951,0.692212,0.607323,0.323529,0.336683,0.775862,0.960995,0.611987,0.948507,0.997429,1.0,1.0,1.0,0.373122,0.043191
122,0.423297,0.37094,0.615933,0.606442,0.294118,0.41663,0.775862,0.962732,0.615142,0.948507,0.998544,0.181181,1.0,1.0,0.453673,0.065221
123,0.480432,0.40601,0.693625,0.583082,0.264706,0.428571,0.775862,0.968182,0.637224,0.948507,0.99893,0.108889,1.0,1.0,0.475793,0.071662
124,0.499784,0.394987,0.690618,0.566587,0.264706,0.432503,0.775862,0.974388,0.640379,0.948507,0.999218,0.036719,1.0,1.0,0.503756,0.062014
125,0.521687,0.43456,0.624744,0.592331,0.264706,0.474297,0.775862,0.98758,0.634069,0.948507,0.999273,0.030942,0.992594,1.0,0.516277,0.086163
126,0.564298,0.419845,0.592315,0.615661,0.264706,0.474297,0.775862,1.0,0.634069,0.948507,0.999273,0.030942,0.992594,1.0,0.516277,0.086163
127,0.03031,0.023523,0.300954,0.207964,0.088235,0.187272,0.137931,0.436255,0.485804,0.301093,0.127438,0.742305,0.637943,0.693802,0.547579,0.006887
128,0.048895,0.036368,0.25786,0.203825,0.058824,0.187272,0.137931,0.411035,0.621451,0.472069,0.367449,0.762103,0.653611,0.606846,0.449917,0.007159
129,0.05719,0.046131,0.218826,0.250215,0.058824,0.211592,0.137931,0.439482,0.652997,0.484824,0.486382,0.73373,0.816693,0.91366,0.522955,0.006624
130,0.078071,0.063925,0.238378,0.250787,0.058824,0.236057,0.137931,0.51743,0.652997,0.61208,0.590543,0.783616,0.829227,0.945421,0.555509,0.007403
131,0.101561,0.084145,0.279213,0.243995,0.058824,0.276831,0.224138,0.52953,0.611987,0.714634,0.560108,0.69451,0.834497,0.859698,0.578464,0.008366
132,0.112669,0.099271,0.272172,0.26615,0.117647,0.324887,0.344828,0.544452,0.640379,0.754786,0.604926,0.543947,0.71044,0.762566,0.564274,0.008951
133,0.124131,0.115476,0.304724,0.281915,0.147059,0.393185,0.413793,0.565974,0.643533,0.787223,0.653351,0.456437,0.844467,0.892384,0.616444,0.010037
134,0.131753,0.128049,0.310876,0.296108,0.176471,0.415174,0.431034,0.58944,0.62776,0.815127,0.684387,0.437793,0.846603,0.91551,0.797997,0.010095
135,0.136568,0.193179,0.297651,0.319617,0.176471,0.437163,0.5,0.592219,0.624606,0.865005,0.712954,0.527795,0.818544,0.888992,0.771285,0.010723
136,0.147743,0.209217,0.276258,0.34483,0.205882,0.483617,0.534483,0.594604,0.70347,0.868954,0.85375,0.34835,0.867398,0.838113,0.79591,0.011313
137,0.17215,0.232018,0.270831,0.332477,0.205882,0.550459,0.534483,0.59928,0.70347,0.868954,0.904219,0.561463,0.881926,0.866173,0.742487,0.012249
138,0.189828,0.246324,0.274687,0.357905,0.205882,0.568079,0.534483,0.607631,0.706625,0.868954,0.923004,0.712913,0.912406,0.950663,0.788815,0.012915
139,0.203091,0.258052,0.259905,0.367711,0.264706,0.559051,0.534483,0.629869,0.731861,0.868954,0.930996,0.487853,0.952286,0.950355,0.924875,0.014325
140,0.214362,0.236076,0.247314,0.369217,0.205882,0.534586,0.534483,0.669892,0.753943,0.868954,0.962574,0.418356,0.964677,0.965156,0.949082,0.033925
141,0.252658,0.241426,0.291091,0.297602,0.147059,0.527596,0.534483,0.700608,0.753943,0.868954,0.972836,0.418166,0.967953,0.989516,0.926127,0.039393
142,0.283521,0.240698,0.254596,0.260347,0.147059,0.535605,0.534483,0.721144,0.760252,0.868954,0.97782,0.472456,0.978351,0.999692,1.0,0.032352
143,0.295745,0.243436,0.251229,0.276806,0.147059,0.569099,0.534483,0.74602,0.766562,0.868954,0.979363,0.588551,0.95428,0.97934,0.965359,0.052086
144,0.307211,0.257285,0.256978,0.352742,0.147059,0.569099,0.534483,0.765598,0.766562,0.868954,0.979363,0.588551,0.95428,0.97934,0.965359,0.052086
145,0.023645,0.024748,0.420714,0.246856,0.147059,0.045143,0.051724,0.501608,0.567823,0.683324,0.850975,0.3655,0.760006,0.82732,0.396912,0.00465
146,0.035197,0.039132,0.423883,0.222465,0.205882,0.045143,0.051724,0.562698,0.564669,0.765226,0.879077,0.415161,0.823387,0.849214,0.421953,0.005323
147,0.045088,0.051025,0.382626,0.220103,0.205882,0.072958,0.051724,0.55832,0.602524,0.78745,0.89743,0.321973,0.837915,0.853531,0.453673,0.006045
148,0.064182,0.073071,0.428692,0.177658,0.264706,0.100626,0.051724,0.619586,0.611987,0.836344,0.916888,0.277409,0.864976,0.878508,0.499583,0.007021
149,0.088593,0.097683,0.427461,0.152339,0.264706,0.131935,0.12069,0.620202,0.675079,0.817572,0.932718,0.274098,0.905284,0.893617,0.582638,0.007975
150,0.103993,0.119059,0.438162,0.158316,0.264706,0.240862,0.189655,0.638466,0.652997,0.837729,0.941387,0.26239,0.92323,0.938945,0.602254,0.009079
151,0.120814,0.141464,0.465756,0.179092,0.352941,0.269987,0.275862,0.668581,0.687697,0.855258,0.949618,0.275975,0.945022,0.950663,0.649833,0.010098
152,0.135225,0.164088,0.464152,0.202762,0.411765,0.30348,0.293103,0.697217,0.728707,0.871088,0.954717,0.234677,0.954565,0.957755,0.679883,0.011117
153,0.144808,0.24457,0.456062,0.266032,0.441176,0.334061,0.327586,0.703634,0.728707,0.877043,0.958333,0.257564,0.965105,0.962689,0.700334,0.012246
154,0.16293,0.280253,0.473512,0.305802,0.411765,0.362313,0.413793,0.704256,0.744479,0.926452,0.978641,0.263766,0.972226,0.975331,0.74207,0.013061
155,0.187459,0.320395,0.439008,0.338433,0.5,0.41197,0.413793,0.707402,0.760252,0.926452,0.986417,0.394813,0.979633,0.982424,0.757513,0.01435
156,0.21909,0.364535,0.450887,0.378745,0.529412,0.455803,0.413793,0.716663,0.769716,0.926452,0.990146,0.391973,0.97949,0.992291,0.789232,0.015615
157,0.239499,0.401347,0.413307,0.390533,0.588235,0.49483,0.413793,0.725739,0.776025,0.926452,0.991565,0.565766,0.981484,0.980265,0.820117,0.016867
158,0.247893,0.40786,0.413045,0.394079,0.529412,0.672928,0.413793,0.751057,0.753943,0.926452,0.994143,0.286161,0.989175,0.987666,0.845159,0.024907
159,0.280858,0.477862,0.447452,0.393007,0.617647,0.679336,0.413793,0.764196,0.820189,0.926452,0.995892,0.298567,0.992594,0.994141,0.822204,0.026741
160,0.295432,0.472443,0.410782,0.39824,0.617647,0.755206,0.413793,0.778644,0.858044,0.926452,0.996751,0.259613,0.991739,0.992599,0.856845,0.029735
161,0.313319,0.502484,0.441704,0.408596,0.617647,0.779088,0.413793,0.803853,0.883281,0.926452,0.996843,0.233606,0.996154,0.95128,0.865192,0.034515
162,0.339926,0.52739,0.434411,0.440453,0.617647,0.779088,0.413793,0.82138,0.883281,0.926452,0.996843,0.233606,0.996154,0.95128,0.865192,0.034515
163,0.075099,0.102711,0.763049,0.076925,0.411765,0.196156,0.258621,0.601068,0.646688,0.821802,0.833959,0.109767,0.958268,0.962689,0.610184,0.01919
164,0.095663,0.134753,0.743726,0.082668,0.264706,0.196156,0.258621,0.594732,0.684543,0.849487,0.870786,0.221364,0.978636,0.98119,0.649416,0.019002
165,0.106648,0.160877,0.686512,0.106431,0.352941,0.240134,0.258621,0.591615,0.728707,0.852298,0.888569,0.248905,0.988178,0.983657,0.705342,0.019921
166,0.126236,0.193883,0.675746,0.141987,0.352941,0.284112,0.258621,0.618729,0.73817,0.856579,0.906174,0.314823,0.99003,0.986741,0.759182,0.02142
167,0.148841,0.231523,0.706872,0.172217,0.352941,0.332023,0.310345,0.66563,0.73817,0.885072,0.90318,0.240032,0.992594,0.991983,0.817195,0.022657
168,0.165934,0.269032,0.703052,0.202959,0.382353,0.411825,0.344828,0.667817,0.757098,0.888751,0.915747,0.296531,0.992594,0.995375,0.86227,0.0236
169,0.185558,0.308647,0.696531,0.234903,0.411765,0.43294,0.431034,0.692946,0.772871,0.902041,0.928099,0.391409,0.994018,0.995375,0.888982,0.024545
170,0.20035,0.349682,0.717559,0.262618,0.382353,0.444881,0.482759,0.715844,0.77918,0.90796,0.935195,0.247424,0.992736,0.997533,0.906928,0.025586
171,0.219734,0.293116,0.683555,0.296677,0.352941,0.468181,0.5,0.723883,0.763407,0.908044,0.942906,0.299209,0.991027,0.998458,0.909015,0.026896
172,0.233501,0.318726,0.682557,0.333166,0.323529,0.492209,0.568966,0.724797,0.763407,0.936044,0.974333,0.316253,0.993021,0.993216,0.860184,0.028427
173,0.250534,0.347288,0.670579,0.357057,0.352941,0.551332,0.568966,0.726423,0.757098,0.936044,0.986371,0.286952,0.993876,0.99445,0.880217,0.029452
174,0.265467,0.374768,0.651799,0.387269,0.352941,0.582059,0.568966,0.729157,0.747634,0.936044,0.989447,0.334731,0.988606,0.981499,0.886477,0.025333
175,0.281879,0.404812,0.613074,0.414907,0.382353,0.610747,0.568966,0.747702,0.747634,0.936044,0.991788,0.336505,0.987751,0.991674,0.886477,0.026773
176,0.290609,0.407347,0.58629,0.428111,0.441176,0.627785,0.568966,0.768007,0.741325,0.936044,0.994553,0.293177,0.990172,0.995066,0.901503,0.030665
177,0.334554,0.480249,0.629074,0.420262,0.5,0.66521,0.568966,0.795888,0.785489,0.936044,0.995922,0.239971,0.990457,0.9963,0.937396,0.03292
178,0.355576,0.478545,0.588285,0.424574,0.5,0.694044,0.568966,0.814269,0.810726,0.936044,0.996602,0.159641,0.992451,0.997533,0.935309,0.03051
179,0.376575,0.531533,0.596824,0.433587,0.5,0.762633,0.568966,0.834459,0.81388,0.936044,0.997027,0.137086,0.995157,0.997533,0.936561,0.041593
180,0.407448,0.562412,0.59275,0.420188,0.5,0.762633,0.568966,0.846128,0.81388,0.936044,0.997027,0.137086,0.995157,0.997533,0.936561,0.041593
181,0.044303,0.051067,0.569942,0.07941,0.411765,0.240716,0.275862,0.539969,0.457413,0.767111,0.516248,0.57597,0.708019,0.782917,0.18823,0.009046
182,0.061056,0.071245,0.569209,0.077026,0.382353,0.240716,0.275862,0.533161,0.539432,0.820141,0.625043,0.677451,0.752742,0.792476,0.229549,0.009581
183,0.059567,0.087778,0.509654,0.121964,0.205882,0.297364,0.275862,0.507877,0.580442,0.81993,0.63256,0.615873,0.819114,0.857539,0.249583,0.009987
184,0.080113,0.104142,0.493948,0.079214,0.294118,0.354012,0.275862,0.516608,0.62776,0.848635,0.709514,0.572902,0.856716,0.91551,0.276294,0.00995
185,0.103254,0.129333,0.506646,0.051636,0.323529,0.354012,0.327586,0.541549,0.637224,0.898025,0.734104,0.440824,0.923515,0.922294,0.299249,0.011093
186,0.113826,0.155573,0.547456,0.109208,0.382353,0.366827,0.413793,0.550474,0.646688,0.882318,0.769304,0.393688,0.931349,0.927228,0.323456,0.01268
187,0.118291,0.183197,0.561039,0.155506,0.441176,0.392748,0.5,0.576622,0.690852,0.881947,0.783174,0.401106,0.944452,0.942646,0.368948,0.013871
188,0.120106,0.208308,0.593218,0.20521,0.352941,0.408475,0.534483,0.604316,0.694006,0.872983,0.793183,0.375656,0.939752,0.95498,0.388147,0.013952
189,0.117134,0.192991,0.468844,0.360055,0.323529,0.42828,0.586207,0.604461,0.694006,0.867714,0.803995,0.345181,0.961686,0.964539,0.395659,0.014467
190,0.118853,0.208479,0.439848,0.384689,0.323529,0.450415,0.62069,0.612228,0.706625,0.879222,0.91409,0.422914,0.970375,0.978107,0.44783,0.015092
191,0.151841,0.224159,0.488253,0.350291,0.352941,0.47721,0.62069,0.617354,0.709779,0.879222,0.95127,0.433138,0.976357,0.93247,0.495826,0.015913
192,0.171238,0.244723,0.531296,0.382781,0.382353,0.516091,0.62069,0.641513,0.731861,0.879222,0.96347,0.524355,0.975787,0.990749,0.532972,0.016839
193,0.184633,0.263173,0.489792,0.38438,0.558824,0.553226,0.62069,0.667346,0.763407,0.879222,0.972142,0.662676,0.949153,0.977798,0.550083,0.018134
194,0.196348,0.248256,0.434507,0.369124,0.441176,0.63361,0.62069,0.69635,0.81388,0.879222,0.981417,0.711592,0.981484,0.987666,0.59975,0.02535
195,0.262477,0.287115,0.561141,0.25158,0.676471,0.65822,0.62069,0.721575,0.807571,0.879222,0.986742,0.571435,0.97009,0.985507,0.594741,0.029143
196,0.298236,0.275166,0.590578,0.195741,0.676471,0.655454,0.62069,0.731162,0.817035,0.879222,0.989651,0.545974,0.965247,0.95868,0.61227,0.029518
197,0.300405,0.289452,0.546093,0.233138,0.676471,0.676278,0.62069,0.765467,0.782334,0.879222,0.989415,0.496382,0.961829,0.949121,0.5601,0.038095
198,0.29943,0.299385,0.559918,0.387842,0.676471,0.676278,0.62069,0.78244,0.782334,0.879222,0.989415,0.496382,0.961829,0.949121,0.5601,0.038095
199,0.115514,0.131598,0.922016,0.26122,0.617647,0.141401,0.603448,0.493511,0.643533,0.689187,0.921569,0.0,0.700328,0.531298,0.225376,0.063178
200,0.135057,0.161963,0.915673,0.261724,0.588235,0.141401,0.603448,0.524046,0.700315,0.751449,0.935958,0.067162,0.913688,0.814061,0.317613,0.062981
201,0.143564,0.18564,0.877319,0.288755,0.588235,0.177079,0.603448,0.514073,0.716088,0.770922,0.943879,0.247997,0.949437,0.929078,0.358514,0.064411
202,0.16739,0.216039,0.867287,0.280128,0.617647,0.212757,0.603448,0.556093,0.731861,0.80257,0.952703,0.597433,0.939467,0.949738,0.361018,0.071049
203,0.191924,0.248386,0.854234,0.290302,0.617647,0.248143,0.689655,0.617075,0.725552,0.82013,0.966975,0.43898,0.876086,0.950355,0.353506,0.075865
204,0.202052,0.273486,0.878561,0.31515,0.617647,0.188583,0.741379,0.618187,0.728707,0.821872,0.97102,0.392291,0.927788,0.926611,0.391486,0.078726
205,0.218936,0.304279,0.877169,0.336365,0.647059,0.217854,0.793103,0.630316,0.73817,0.838996,0.974809,0.471437,0.955704,0.921986,0.378548,0.082602
206,0.236541,0.337316,0.921421,0.340939,0.647059,0.251201,0.827586,0.648089,0.735016,0.848822,0.977874,0.332541,0.952144,0.91551,0.382304,0.087717
207,0.257445,0.355191,0.751179,0.37061,0.617647,0.284986,0.896552,0.657736,0.735016,0.869115,0.981256,0.279352,0.965817,0.952513,0.398998,0.08964
208,0.280835,0.385252,0.799154,0.409948,0.617647,0.316004,0.931034,0.659707,0.766562,0.883739,0.99361,0.228993,0.963396,0.940179,0.376043,0.090377
209,0.310542,0.418017,0.776679,0.436581,0.617647,0.34178,0.931034,0.659751,0.801262,0.883739,0.99582,0.341049,0.955562,0.932162,0.368114,0.095914
210,0.335076,0.449022,0.795614,0.449723,0.647059,0.363623,0.931034,0.665418,0.817035,0.883739,0.996923,0.462742,0.952428,0.916744,0.390234,0.099856
211,0.359265,0.475735,0.752727,0.469014,0.676471,0.389253,0.931034,0.675939,0.794953,0.883739,0.997743,0.582305,0.970659,0.971014,0.398998,0.102119
212,0.366366,0.432601,0.763857,0.47739,0.617647,0.352556,0.931034,0.701274,0.801262,0.883739,0.997874,0.356023,0.985615,0.953438,0.384808,0.045076
213,0.411922,0.470287,0.799452,0.462833,0.617647,0.376292,0.931034,0.715922,0.782334,0.883739,0.998427,0.311533,0.975217,1.0,0.474124,0.051364
214,0.42851,0.472806,0.734638,0.45872,0.617647,0.400029,0.931034,0.735422,0.835962,0.883739,0.998642,0.278629,0.980202,0.991983,0.458264,0.042226
215,0.450145,0.493618,0.770804,0.468685,0.617647,0.420562,0.931034,0.756893,0.832808,0.883739,0.998834,0.260463,0.980345,0.990749,0.456594,0.058676
216,0.469025,0.494595,0.777654,0.499364,0.617647,0.420562,0.931034,0.778623,0.832808,0.883739,0.998834,0.260463,0.980345,0.990749,0.456594,0.058676
217,0.017079,0.025437,0.406828,0.18269,0.235294,0.035532,0.086207,0.356131,0.44164,0.0,0.631708,0.097967,0.736647,0.749923,0.30217,0.002566
218,0.025832,0.039298,0.378492,0.179836,0.235294,0.035532,0.086207,0.356883,0.460568,0.092444,0.703316,0.219638,0.772682,0.780142,0.325125,0.002942
219,0.031444,0.050918,0.359576,0.216184,0.264706,0.064511,0.086207,0.357189,0.492114,0.290789,0.74079,0.374058,0.888762,0.828245,0.414858,0.003333
220,0.046699,0.072546,0.361424,0.189629,0.264706,0.093345,0.086207,0.41886,0.533123,0.411074,0.781207,0.392383,0.891041,0.835029,0.428631,0.003753
221,0.065593,0.090772,0.347677,0.172173,0.323529,0.112567,0.155172,0.471331,0.608833,0.692366,0.895301,0.213157,0.872953,0.812211,0.429883,0.004387
222,0.074427,0.109225,0.368273,0.208359,0.352941,0.224843,0.241379,0.495007,0.611987,0.689932,0.907699,0.19516,0.904002,0.855072,0.446578,0.005137
223,0.084569,0.1277,0.390855,0.251933,0.382353,0.277851,0.310345,0.531124,0.618297,0.758132,0.921532,0.193742,0.90856,0.873882,0.479549,0.005735
224,0.094492,0.146544,0.3887,0.262773,0.411765,0.317752,0.327586,0.559883,0.66877,0.794974,0.928939,0.262798,0.900157,0.82732,0.488731,0.006597
225,0.104869,0.144951,0.348063,0.296361,0.5,0.351391,0.396552,0.580617,0.615142,0.818823,0.941108,0.265027,0.921094,0.922911,0.510851,0.007482
226,0.115986,0.161157,0.322907,0.323673,0.5,0.375856,0.448276,0.603531,0.615142,0.873071,0.982333,0.200485,0.940892,0.929078,0.543406,0.008731
227,0.130056,0.180255,0.298853,0.351988,0.705882,0.41896,0.448276,0.620245,0.662461,0.873071,0.987807,0.148866,0.968665,0.92692,0.564274,0.009702
228,0.145466,0.197535,0.284836,0.373457,0.676471,0.456822,0.448276,0.654928,0.687697,0.873071,0.989438,0.109011,0.97365,0.932162,0.641903,0.010364
229,0.15881,0.208473,0.277011,0.379759,0.588235,0.51449,0.448276,0.682655,0.716088,0.873071,0.990779,0.144255,0.983478,0.965464,0.746244,0.012437
230,0.16543,0.19247,0.241123,0.394232,0.529412,0.559342,0.448276,0.731737,0.731861,0.873071,0.991833,0.131497,0.990884,0.990133,0.823038,0.021666
231,0.192201,0.208449,0.277403,0.367087,0.617647,0.622543,0.448276,0.7586,0.697161,0.873071,0.993948,0.099295,0.992451,0.994141,0.829716,0.024723
232,0.200364,0.2042,0.250744,0.364497,0.617647,0.686035,0.448276,0.790159,0.760252,0.873071,0.995181,0.116529,0.992024,0.997225,0.84975,0.022316
233,0.209752,0.20455,0.257489,0.378116,0.617647,0.748799,0.448276,0.816469,0.766562,0.873071,0.994198,0.051763,0.988748,0.996608,0.853088,0.029545
234,0.223664,0.209119,0.247276,0.3814,0.617647,0.748799,0.448276,0.839311,0.766562,0.873071,0.994198,0.051763,0.988748,0.996608,0.853088,0.029545
235,0.041331,0.026033,0.333199,0.141936,0.205882,0.376875,0.310345,0.409687,0.438486,0.729813,0.656939,0.334975,0.897023,0.972865,0.387312,0.008068
236,0.053664,0.037985,0.31214,0.11735,0.264706,0.376875,0.310345,0.401447,0.435331,0.75938,0.707606,0.340255,0.837772,0.7786,0.351836,0.009509
237,0.054345,0.046509,0.253301,0.180313,0.235294,0.429445,0.310345,0.445919,0.574132,0.755918,0.711734,0.311389,0.84817,0.970089,0.355175,0.010319
238,0.076782,0.059897,0.260068,0.09524,0.411765,0.482161,0.310345,0.535781,0.577287,0.804876,0.77269,0.361506,0.940179,0.974406,0.381886,0.01187
239,0.099125,0.076866,0.28342,0.122916,0.411765,0.529198,0.344828,0.571386,0.583596,0.858586,0.758123,0.251971,0.945734,0.974406,0.404841,0.013226
240,0.11491,0.092412,0.304634,0.163872,0.352941,0.558031,0.413793,0.590556,0.561514,0.86047,0.777621,0.253307,0.951574,0.973173,0.422371,0.013973
241,0.132538,0.107964,0.342701,0.233234,0.352941,0.58337,0.5,0.622514,0.577287,0.872803,0.795398,0.235221,0.948298,0.940796,0.486227,0.015524
242,0.147081,0.122127,0.363643,0.246802,0.411765,0.606087,0.517241,0.633482,0.589905,0.889925,0.809383,0.216191,0.955419,0.942954,0.518364,0.018268
243,0.144027,0.139175,0.322244,0.325101,0.5,0.627494,0.603448,0.581649,0.611987,0.896525,0.826874,0.173247,0.966244,0.963306,0.569699,0.019998
244,0.146296,0.150681,0.281764,0.344845,0.617647,0.652978,0.603448,0.578645,0.643533,0.91512,0.911376,0.121807,0.969947,0.964847,0.597245,0.02113
245,0.171052,0.161616,0.284425,0.353281,0.588235,0.698267,0.603448,0.582249,0.690852,0.91512,0.937536,0.055849,0.976072,0.961455,0.656928,0.021935
246,0.197197,0.169192,0.272331,0.372069,0.647059,0.747634,0.603448,0.602798,0.678233,0.91512,0.955577,0.173662,0.971656,0.927845,0.680301,0.024356
247,0.207651,0.177602,0.262494,0.395076,0.735294,0.77603,0.603448,0.641353,0.687697,0.91512,0.963713,0.135294,0.97892,0.955288,0.819282,0.025945
248,0.207941,0.143279,0.228866,0.381573,0.647059,0.722441,0.603448,0.708014,0.719243,0.91512,0.978324,0.108443,0.977069,0.985199,0.887312,0.046153
249,0.250525,0.174249,0.267265,0.309107,0.764706,0.747051,0.603448,0.73322,0.722397,0.91512,0.983129,0.149642,0.982908,0.982424,0.738314,0.058464
250,0.281044,0.154531,0.239568,0.259875,0.764706,0.711082,0.603448,0.772434,0.735016,0.91512,0.988345,0.164725,0.980487,0.984274,0.827212,0.048043
251,0.299452,0.189651,0.252632,0.280434,0.764706,0.807339,0.603448,0.79694,0.735016,0.91512,0.9906,0.152221,0.979205,0.988899,0.852671,0.07102
252,0.321622,0.191893,0.282936,0.325573,0.764706,0.807339,0.603448,0.820113,0.735016,0.91512,0.9906,0.152221,0.979205,0.988899,0.852671,0.07102
253,0.118064,0.120033,0.915882,0.141013,0.411765,0.166303,0.396552,0.719467,0.77918,0.732636,0.902989,0.17531,0.963111,0.983657,0.63606,0.077102
254,0.146055,0.156455,0.876215,0.15652,0.382353,0.166303,0.396552,0.704258,0.772871,0.788747,0.924433,0.349405,0.97479,0.9963,0.677796,0.083704
255,0.165589,0.185695,0.83407,0.177332,0.411765,0.196156,0.396552,0.694566,0.753943,0.813542,0.93552,0.473917,0.977069,0.989208,0.683639,0.091391
256,0.204225,0.224615,0.863991,0.20873,0.411765,0.225863,0.396552,0.717012,0.757098,0.846061,0.947485,0.335307,0.987466,0.986432,0.718698,0.114464
257,0.243597,0.265607,0.860978,0.226958,0.411765,0.274501,0.465517,0.748292,0.757098,0.870241,0.955369,0.317143,0.986184,0.987049,0.74374,0.127157
258,0.266597,0.305607,0.868166,0.245409,0.441176,0.312655,0.517241,0.750573,0.760252,0.889004,0.961798,0.320458,0.991881,0.990749,0.76419,0.136259
259,0.294888,0.347922,0.877559,0.275518,0.470588,0.37571,0.551724,0.766244,0.766562,0.910158,0.967194,0.350729,0.99416,0.990441,0.800501,0.149106
260,0.321854,0.390677,0.890469,0.301964,0.470588,0.417795,0.586207,0.782518,0.772871,0.924108,0.971153,0.328568,0.992736,0.992291,0.828464,0.155989
261,0.354342,0.447781,0.862309,0.321362,0.470588,0.455366,0.62069,0.786432,0.77918,0.934515,0.975782,0.391809,0.993733,0.994758,0.850584,0.164041
262,0.385137,0.496082,0.845215,0.354815,0.470588,0.506772,0.637931,0.788883,0.782334,0.948573,0.984578,0.336903,0.993448,0.995683,0.890234,0.173382
263,0.428442,0.550696,0.795356,0.359353,0.470588,0.551041,0.637931,0.790364,0.785489,0.948573,0.990811,0.319135,0.996154,0.999383,0.900668,0.181563
264,0.46613,0.596387,0.762596,0.370707,0.470588,0.589195,0.637931,0.795524,0.788644,0.948573,0.993013,0.315383,0.997294,0.999383,0.883139,0.191978
265,0.493999,0.626082,0.717211,0.392113,0.470588,0.63128,0.637931,0.800708,0.798107,0.948573,0.994078,0.355074,0.996724,1.0,0.891903,0.201981
266,0.515248,0.608084,0.674434,0.403462,0.411765,0.619048,0.637931,0.824064,0.801262,0.948573,0.997784,0.270923,0.998861,1.0,0.899833,0.051006
267,0.59203,0.694409,0.702095,0.384181,0.617647,0.639435,0.637931,0.840066,0.807571,0.948573,0.998489,0.245246,0.998861,1.0,0.900668,0.056265
268,0.615675,0.685457,0.628443,0.381907,0.617647,0.66288,0.637931,0.857539,0.820189,0.948573,0.998783,0.172278,0.998861,1.0,0.902337,0.059684
269,0.647532,0.722251,0.662433,0.394156,0.617647,0.688802,0.637931,0.873571,0.817035,0.948573,0.998915,0.130106,0.999145,1.0,0.907346,0.0689
270,0.693846,0.75722,0.667914,0.417937,0.617647,0.688802,0.637931,0.88657,0.817035,0.948573,0.998915,0.130106,0.999145,1.0,0.907346,0.0689
271,0.02492,0.023658,0.413528,0.074085,0.352941,0.034222,0.0,0.584004,0.662461,0.638686,0.777467,0.115306,0.803162,0.833179,0.269616,0.005171
272,0.036472,0.037696,0.383168,0.087107,0.352941,0.034222,0.0,0.622971,0.747634,0.721773,0.825942,0.299206,0.860134,0.891767,0.292988,0.00485
273,0.043101,0.048791,0.34736,0.097357,0.352941,0.060871,0.0,0.615539,0.829653,0.735985,0.846922,0.320976,0.88919,0.938329,0.336394,0.005649
274,0.060443,0.064633,0.384012,0.068599,0.382353,0.08752,0.0,0.652963,0.899054,0.7765,0.8771,0.286437,0.891184,0.920752,0.406093,0.006303
275,0.082354,0.08419,0.396473,0.073878,0.470588,0.115625,0.068966,0.707283,0.905363,0.782863,0.895637,0.147625,0.918957,0.936479,0.432387,0.007069
276,0.094587,0.103086,0.440222,0.092829,0.470588,0.229503,0.137931,0.707933,0.880126,0.803084,0.908261,0.229658,0.920239,0.928153,0.457012,0.008066
277,0.109688,0.12231,0.454606,0.105561,0.411765,0.261395,0.224138,0.72632,0.851735,0.826093,0.919289,0.216446,0.930209,0.930003,0.46828,0.009013
278,0.123464,0.142203,0.474333,0.130536,0.382353,0.29882,0.241379,0.738954,0.835962,0.848487,0.929419,0.15235,0.931349,0.931545,0.489566,0.010036
279,0.134571,0.179821,0.48126,0.182557,0.352941,0.331149,0.327586,0.748661,0.820189,0.848324,0.934881,0.190329,0.926364,0.924453,0.524207,0.010676
280,0.150516,0.205354,0.453222,0.233671,0.352941,0.363332,0.431034,0.755516,0.804416,0.872384,0.948462,0.286088,0.9332,0.92877,0.554674,0.011606
281,0.168339,0.235223,0.423525,0.25952,0.382353,0.4376,0.431034,0.758075,0.85489,0.872384,0.967551,0.328392,0.962683,0.941721,0.578464,0.012517
282,0.193154,0.266033,0.39995,0.316642,0.352941,0.48187,0.431034,0.765099,0.876972,0.872384,0.977316,0.338887,0.962968,0.947888,0.639816,0.013516
283,0.212633,0.292607,0.366974,0.324494,0.5,0.533858,0.431034,0.775384,0.864353,0.872384,0.980987,0.368006,0.969662,0.952205,0.663189,0.014994
284,0.223636,0.295133,0.351476,0.332056,0.411765,0.62196,0.431034,0.792988,0.892744,0.872384,0.991819,0.406291,0.965674,0.957447,0.65818,0.021156
285,0.264269,0.345222,0.395608,0.324937,0.529412,0.69084,0.431034,0.809142,0.908517,0.872384,0.993977,0.425798,0.982339,0.974406,0.826795,0.022628
286,0.277877,0.355422,0.38392,0.344494,0.529412,0.711519,0.431034,0.825132,0.899054,0.872384,0.99501,0.404561,0.983193,0.980574,0.913189,0.025683
287,0.287846,0.371788,0.388257,0.361091,0.529412,0.799039,0.431034,0.849233,0.908517,0.872384,0.995936,0.415954,0.990884,0.984582,0.952838,0.028527
288,0.308926,0.39297,0.377096,0.406834,0.529412,0.799039,0.431034,0.864455,0.908517,0.872384,0.995936,0.415954,0.990884,0.984582,0.952838,0.028527
289,0.04439,0.052298,0.518407,0.140293,0.235294,0.136741,0.189655,0.629313,0.580442,0.753553,0.745729,0.345423,0.932488,0.999075,0.398581,0.024491
290,0.057203,0.071899,0.495666,0.130922,0.176471,0.136741,0.189655,0.599438,0.649842,0.787677,0.803904,0.538259,0.958838,0.999075,0.436144,0.024365
291,0.063765,0.087764,0.440381,0.171995,0.205882,0.167468,0.189655,0.579668,0.690852,0.797506,0.830466,0.602007,0.96952,0.999075,0.470785,0.02913
292,0.079541,0.107127,0.460325,0.169852,0.205882,0.198194,0.189655,0.633065,0.776025,0.824253,0.858134,0.542488,0.986754,0.999075,0.555509,0.030426
293,0.099229,0.131629,0.48176,0.171582,0.235294,0.228484,0.275862,0.697047,0.757098,0.853534,0.863306,0.357947,0.998006,1.0,0.57596,0.033805
294,0.109198,0.156185,0.503935,0.185014,0.264706,0.268239,0.37931,0.7079,0.722397,0.849318,0.879699,0.383766,0.997009,0.998767,0.57596,0.036482
295,0.116013,0.18157,0.514844,0.20151,0.264706,0.302898,0.448276,0.732276,0.728707,0.85747,0.890387,0.51134,0.976499,0.995375,0.59182,0.0388
296,0.121281,0.207321,0.517647,0.218604,0.294118,0.336974,0.5,0.752343,0.750789,0.867364,0.902304,0.551228,0.918245,0.978107,0.603088,0.040629
297,0.128028,0.156343,0.458201,0.267255,0.294118,0.37105,0.517241,0.753787,0.728707,0.877248,0.913102,0.699368,0.983051,0.986432,0.609766,0.041134
298,0.140252,0.172372,0.459019,0.289714,0.264706,0.402942,0.568966,0.752317,0.716088,0.907755,0.959921,0.586182,0.984048,0.985199,0.620618,0.042164
299,0.152789,0.190651,0.477053,0.329705,0.264706,0.465123,0.568966,0.751715,0.747634,0.907755,0.970781,0.750297,0.982624,0.970706,0.619366,0.044834
300,0.163484,0.20706,0.440649,0.364534,0.382353,0.513325,0.568966,0.760401,0.741325,0.907755,0.97818,0.798502,0.989745,0.990749,0.656093,0.037997
301,0.17813,0.22276,0.435229,0.394013,0.441176,0.52512,0.568966,0.770849,0.763407,0.907755,0.983066,0.871584,0.992309,0.999383,0.664023,0.03896
302,0.183875,0.212852,0.406022,0.382367,0.323529,0.562254,0.568966,0.795543,0.782334,0.907755,0.990754,0.804004,0.996012,1.0,0.710351,0.036346
303,0.21055,0.224978,0.458933,0.3559,0.441176,0.589777,0.568966,0.826366,0.782334,0.907755,0.991302,0.524211,0.997009,1.0,0.707429,0.039234
304,0.220987,0.225718,0.419337,0.383841,0.441176,0.653269,0.568966,0.849719,0.810726,0.907755,0.992841,0.432031,0.993591,1.0,0.716194,0.039509
305,0.233923,0.247254,0.430991,0.408187,0.441176,0.752148,0.568966,0.858989,0.807571,0.907755,0.993337,0.417518,0.994303,1.0,0.669449,0.051842
306,0.256701,0.263365,0.398479,0.43143,0.441176,0.752148,0.568966,0.874469,0.807571,0.907755,0.993337,0.417518,0.994303,1.0,0.669449,0.051842
307,0.036449,0.039845,0.447479,0.042234,0.352941,0.071356,0.103448,0.58091,0.511041,0.722412,0.781588,0.403992,0.556616,0.649399,0.282554,0.008165
308,0.05037,0.057247,0.426431,0.016554,0.352941,0.071356,0.103448,0.592457,0.545741,0.770652,0.830515,0.415337,0.5287,0.554733,0.244574,0.008489
309,0.056727,0.071445,0.364796,0.044776,0.323529,0.106451,0.103448,0.592574,0.574132,0.77105,0.85376,0.394469,0.613873,0.640456,0.267112,0.009925
310,0.073534,0.092501,0.383767,0.048145,0.352941,0.141401,0.103448,0.639969,0.583596,0.800758,0.877683,0.331049,0.621564,0.723404,0.259182,0.010644
311,0.091307,0.114794,0.384761,0.07582,0.352941,0.166303,0.137931,0.688216,0.583596,0.827836,0.892215,0.235337,0.660875,0.77305,0.283389,0.011483
312,0.103086,0.136752,0.387368,0.106677,0.441176,0.310033,0.172414,0.702545,0.59306,0.83638,0.908821,0.224643,0.6858,0.745914,0.293823,0.012066
313,0.11496,0.159763,0.415729,0.135969,0.441176,0.365079,0.258621,0.730281,0.615142,0.853209,0.917957,0.194268,0.743341,0.758249,0.314274,0.013066
314,0.127974,0.182929,0.440168,0.164045,0.470588,0.409058,0.293103,0.750195,0.637224,0.868507,0.928286,0.191713,0.768694,0.783842,0.318447,0.013679
315,0.138664,0.20448,0.427999,0.197967,0.470588,0.452308,0.327586,0.757832,0.618297,0.878665,0.936152,0.296402,0.800883,0.787234,0.334725,0.014492
316,0.152222,0.230268,0.404876,0.233237,0.470588,0.497015,0.396552,0.769427,0.66877,0.910637,0.980166,0.298292,0.84233,0.797101,0.372705,0.014708
317,0.172173,0.259729,0.39547,0.257016,0.529412,0.551769,0.396552,0.771176,0.671924,0.910637,0.993593,0.351165,0.913972,0.872957,0.411519,0.015758
318,0.194819,0.288867,0.388516,0.314395,0.470588,0.622688,0.396552,0.779099,0.690852,0.910637,0.994964,0.510333,0.947301,0.896701,0.439482,0.016364
319,0.211344,0.321228,0.376233,0.337012,0.411765,0.667249,0.396552,0.79917,0.722397,0.910637,0.996027,0.439073,0.957983,0.919211,0.465359,0.018192
320,0.212865,0.305275,0.38101,0.349483,0.411765,0.677297,0.396552,0.839249,0.750789,0.910637,0.997503,0.29872,0.95485,0.944187,0.470785,0.022688
321,0.230542,0.335796,0.429591,0.359384,0.352941,0.76307,0.396552,0.856241,0.741325,0.910637,0.997912,0.218659,0.966529,0.979032,0.514608,0.024779
322,0.232153,0.336325,0.377976,0.402608,0.352941,0.809815,0.396552,0.879704,0.700315,0.910637,0.997957,0.146639,0.974505,0.978415,0.535058,0.028263
323,0.237285,0.362682,0.388765,0.42618,0.352941,0.853648,0.396552,0.900915,0.801262,0.910637,0.997937,0.129113,0.989745,0.98304,0.567613,0.032873
324,0.259133,0.388245,0.360612,0.41976,0.352941,0.853648,0.396552,0.915648,0.801262,0.910637,0.997937,0.129113,0.989745,0.98304,0.567613,0.032873
325,0.130115,0.147494,0.957244,0.192901,0.382353,0.199942,0.586207,0.78102,0.567823,0.757389,0.911507,0.149347,0.968381,0.987049,0.440735,0.070782
326,0.151019,0.181925,0.914909,0.199661,0.323529,0.199942,0.586207,0.801451,0.618297,0.788924,0.927957,0.211261,0.967526,0.990749,0.465776,0.073443
327,0.162281,0.210343,0.838317,0.23795,0.382353,0.232562,0.586207,0.806961,0.634069,0.797868,0.936449,0.208304,0.970517,0.994141,0.500417,0.076788
328,0.196616,0.251371,0.844712,0.248232,0.411765,0.265181,0.586207,0.82871,0.637224,0.827506,0.948787,0.286998,0.986754,0.993525,0.528381,0.088107
329,0.227098,0.303,0.852405,0.257956,0.441176,0.293287,0.62069,0.847519,0.640379,0.850463,0.957016,0.198932,0.9906,0.995066,0.563022,0.097249
330,0.241931,0.340267,0.86016,0.287723,0.470588,0.26722,0.672414,0.845776,0.687697,0.868243,0.96236,0.171154,0.992736,0.9963,0.577629,0.099345
331,0.260117,0.37991,0.83288,0.305649,0.470588,0.309451,0.706897,0.854664,0.700315,0.887376,0.967137,0.205951,0.997151,0.999075,0.575543,0.10452
332,0.275835,0.420063,0.828659,0.305924,0.470588,0.349934,0.741379,0.868788,0.716088,0.901962,0.970353,0.250137,0.997294,0.997842,0.599332,0.105692
333,0.297193,0.439867,0.743898,0.338418,0.5,0.41663,0.775862,0.875208,0.709779,0.910975,0.974454,0.281604,0.998718,0.998458,0.587646,0.10825
334,0.32037,0.482764,0.785037,0.370583,0.5,0.455366,0.793103,0.876632,0.722397,0.92702,0.99421,0.246091,0.999288,0.999075,0.571369,0.113901
335,0.353166,0.528294,0.796966,0.399392,0.558824,0.507208,0.793103,0.881438,0.70347,0.92702,0.995634,0.281426,0.999573,1.0,0.552588,0.1228
336,0.387733,0.567982,0.789983,0.417646,0.588235,0.543032,0.793103,0.889007,0.728707,0.92702,0.996949,0.236468,1.0,1.0,0.584725,0.129309
337,0.41287,0.624102,0.718418,0.446371,0.617647,0.571865,0.793103,0.897643,0.73817,0.92702,0.997473,0.307588,1.0,1.0,0.625209,0.136722
338,0.4218,0.612033,0.738476,0.470629,0.529412,0.515655,0.793103,0.918379,0.760252,0.92702,0.998403,0.224937,1.0,1.0,0.627713,0.045551
339,0.481245,0.682275,0.773685,0.452763,0.588235,0.52381,0.793103,0.926788,0.73817,0.92702,0.998841,0.167996,1.0,1.0,0.58389,0.056904
340,0.504762,0.724818,0.682174,0.45367,0.588235,0.545216,0.793103,0.945528,0.757098,0.92702,0.998975,0.169474,0.999573,1.0,0.649416,0.07905
341,0.532082,0.787901,0.712874,0.473276,0.588235,0.592544,0.793103,0.960536,0.807571,0.92702,0.999094,0.113316,1.0,1.0,0.737062,0.080861
342,0.579825,0.815072,0.70909,0.518193,0.588235,0.592544,0.793103,0.973433,0.807571,0.92702,0.999094,0.113316,1.0,1.0,0.737062,0.080861
343,0.031331,0.030491,0.425812,0.234849,0.323529,0.068735,0.258621,0.60255,0.706625,0.562693,0.957091,0.221871,0.506765,0.295405,0.353088,0.001901
344,0.043464,0.046057,0.384127,0.243444,0.264706,0.068735,0.258621,0.620554,0.757098,0.637023,0.969158,0.177094,0.612733,0.502621,0.334307,0.002136
345,0.050284,0.058052,0.341317,0.286008,0.323529,0.095675,0.258621,0.616849,0.750789,0.663054,0.971934,0.496387,0.767554,0.680851,0.385643,0.002459
346,0.070534,0.079382,0.453447,0.328453,0.470588,0.12247,0.258621,0.602781,0.772871,0.757014,0.970534,0.28749,0.749893,0.674067,0.407763,0.00266
347,0.091819,0.1035,0.420269,0.308669,0.852941,0.156837,0.327586,0.642074,0.747634,0.825811,0.972651,0.374022,0.908702,0.879433,0.600167,0.003229
348,0.105336,0.121558,0.434236,0.34075,0.764706,0.197757,0.413793,0.651875,0.728707,0.848349,0.974736,0.248516,0.888193,0.930311,0.618114,0.004021
349,0.119221,0.142862,0.464214,0.41255,0.705882,0.222222,0.448276,0.68039,0.757098,0.880274,0.978519,0.242434,0.922945,0.950046,0.612688,0.004669
350,0.133346,0.161289,0.497196,0.419046,0.676471,0.256007,0.482759,0.711415,0.731861,0.883929,0.980478,0.213026,0.950007,0.941412,0.581386,0.005393
351,0.144862,0.188854,0.498882,0.436151,0.676471,0.318917,0.551724,0.728925,0.618297,0.901463,0.98214,0.284708,0.968238,0.958064,0.556344,0.006761
352,0.159858,0.207721,0.450062,0.459643,0.647059,0.340469,0.551724,0.739065,0.700315,0.895743,0.993268,0.312489,0.962114,0.920136,0.572204,0.007485
353,0.176293,0.232156,0.454233,0.480364,0.676471,0.359983,0.551724,0.744774,0.694006,0.895743,0.995586,0.272816,0.976072,0.950663,0.59182,0.008573
354,0.192773,0.248322,0.429629,0.517068,0.676471,0.398719,0.551724,0.746653,0.709779,0.895743,0.996636,0.465008,0.953568,0.908726,0.532972,0.009877
355,0.209407,0.262956,0.421753,0.534259,0.676471,0.467307,0.551724,0.746965,0.744479,0.895743,0.997372,0.444116,0.967668,0.952821,0.592654,0.010561
356,0.216254,0.265138,0.394339,0.550452,0.529412,0.544779,0.551724,0.789602,0.709779,0.895743,0.997857,0.349657,0.985045,0.938945,0.578881,0.032442
357,0.255063,0.346096,0.454711,0.574004,0.441176,0.576817,0.551724,0.811731,0.716088,0.895743,0.998683,0.287973,0.991739,0.868332,0.914858,0.037514
358,0.270141,0.312464,0.375357,0.552209,0.441176,0.56837,0.551724,0.863258,0.766562,0.895743,0.99897,0.263602,0.993306,0.998458,0.88606,0.027593
359,0.29575,0.347994,0.379425,0.559949,0.441176,0.550896,0.551724,0.878959,0.757098,0.895743,0.999092,0.190026,0.997436,0.995375,0.890234,0.046484
360,0.309113,0.329998,0.365603,0.55559,0.441176,0.550896,0.551724,0.903247,0.757098,0.895743,0.999092,0.190026,0.997436,0.995375,0.890234,0.046484
361,0.039997,0.073112,0.448976,0.224169,0.117647,0.099752,0.224138,0.631968,0.615142,0.607869,0.845012,0.226282,0.853582,0.924761,0.36394,0.006057
362,0.056151,0.099069,0.413528,0.202232,0.117647,0.099752,0.224138,0.659176,0.615142,0.675076,0.879375,0.273795,0.870389,0.934628,0.375209,0.006947
363,0.069436,0.120393,0.367267,0.206213,0.117647,0.137323,0.224138,0.656688,0.621451,0.719653,0.89899,0.45251,0.874662,0.921369,0.409015,0.007521
364,0.093385,0.148703,0.383671,0.177875,0.117647,0.174894,0.224138,0.702216,0.618297,0.784711,0.91932,0.503435,0.882495,0.925686,0.419032,0.008589
365,0.122243,0.182916,0.463397,0.159618,0.147059,0.229358,0.293103,0.735379,0.640379,0.822135,0.930935,0.385313,0.912975,0.946038,0.448247,0.009152
366,0.142344,0.216455,0.47457,0.162242,0.235294,0.337702,0.344828,0.738846,0.656151,0.856916,0.942998,0.284503,0.930067,0.945729,0.492905,0.009416
367,0.163606,0.250841,0.49301,0.219301,0.323529,0.423766,0.396552,0.765083,0.630915,0.880589,0.951141,0.278859,0.930067,0.944187,0.492905,0.011311
368,0.185386,0.28652,0.514431,0.24374,0.441176,0.495122,0.431034,0.784743,0.624606,0.897593,0.957245,0.210753,0.924655,0.961455,0.522955,0.012742
369,0.20075,0.346341,0.480423,0.274726,0.588235,0.554099,0.465517,0.787512,0.611987,0.904021,0.962421,0.256779,0.921521,0.963922,0.505426,0.013781
370,0.222634,0.388915,0.472407,0.296337,0.647059,0.592398,0.534483,0.777146,0.615142,0.943552,0.986529,0.23826,0.947301,0.972865,0.505008,0.014552
371,0.251333,0.436425,0.466367,0.334002,0.588235,0.628368,0.534483,0.77736,0.640379,0.943552,0.990392,0.202523,0.959123,0.97749,0.488314,0.015374
372,0.287306,0.488242,0.441587,0.359507,0.588235,0.668705,0.534483,0.780798,0.640379,0.943552,0.994099,0.346102,0.966387,0.980574,0.540902,0.016705
373,0.312783,0.550012,0.407224,0.371495,0.647059,0.690986,0.534483,0.783401,0.656151,0.943552,0.994728,0.451425,0.970375,0.974098,0.559683,0.018488
374,0.299058,0.450132,0.263255,0.424438,0.352941,0.737003,0.534483,0.800941,0.725552,0.943552,0.995371,0.293306,0.977211,0.986432,0.619783,0.022554
375,0.357427,0.546719,0.394473,0.403077,0.470588,0.784185,0.534483,0.819387,0.77918,0.943552,0.996244,0.211241,0.983763,0.995991,0.613523,0.022919
376,0.374701,0.570139,0.35684,0.418785,0.470588,0.822339,0.534483,0.83702,0.782334,0.943552,0.996715,0.187118,0.992879,0.997842,0.652337,0.026634
377,0.398205,0.631568,0.375606,0.448676,0.470588,0.88787,0.534483,0.857395,0.798107,0.943552,0.997124,0.197696,0.943883,0.998458,0.716194,0.032681
378,0.431301,0.666121,0.372915,0.453497,0.470588,0.88787,0.534483,0.870465,0.798107,0.943552,0.997124,0.197696,0.943883,0.998458,0.716194,0.032681
379,0.031072,0.045402,0.431821,0.211192,0.088235,0.093782,0.12069,0.46856,0.55205,0.587985,0.798374,0.226773,0.761715,0.806044,0.307596,0.004245
380,0.045284,0.064032,0.389478,0.208347,0.117647,0.093782,0.12069,0.506505,0.55836,0.682165,0.846212,0.254243,0.775815,0.832562,0.332638,0.004702
381,0.055361,0.07986,0.360213,0.23668,0.147059,0.137323,0.12069,0.506207,0.583596,0.715284,0.868483,0.416443,0.794901,0.840271,0.356845,0.005128
382,0.073629,0.100772,0.379152,0.211408,0.117647,0.180719,0.12069,0.559641,0.583596,0.774756,0.893506,0.421403,0.80772,0.851064,0.37187,0.005771
383,0.095232,0.12927,0.413695,0.18834,0.117647,0.226154,0.172414,0.589967,0.589905,0.821293,0.925002,0.264087,0.835494,0.86679,0.399833,0.006448
384,0.110827,0.154382,0.415696,0.203548,0.117647,0.329693,0.224138,0.591644,0.596215,0.828728,0.937068,0.303472,0.876513,0.889608,0.394407,0.006892
385,0.126703,0.181241,0.416004,0.231803,0.117647,0.383719,0.275862,0.618711,0.615142,0.853107,0.943648,0.317924,0.885059,0.903176,0.407346,0.00767
386,0.142489,0.208511,0.436356,0.255938,0.147059,0.468618,0.327586,0.641564,0.646688,0.87327,0.950147,0.317472,0.875231,0.909035,0.405676,0.008252
387,0.160521,0.220143,0.422939,0.291995,0.147059,0.552352,0.344828,0.648856,0.681388,0.891507,0.95684,0.294126,0.890044,0.916744,0.426962,0.00858
388,0.176179,0.248342,0.407715,0.339101,0.117647,0.609,0.413793,0.649268,0.709779,0.916392,0.979299,0.309912,0.904287,0.901634,0.440317,0.009152
389,0.196253,0.277346,0.380513,0.388564,0.176471,0.660405,0.413793,0.648448,0.728707,0.916392,0.983162,0.280985,0.907421,0.892692,0.404007,0.009706
390,0.213191,0.307653,0.359111,0.422651,0.294118,0.718509,0.413793,0.656749,0.728707,0.916392,0.986976,0.285951,0.909415,0.88745,0.539232,0.010239
391,0.237426,0.339609,0.349863,0.404856,0.558824,0.765982,0.413793,0.663288,0.728707,0.916392,0.990122,0.364421,0.952286,0.929386,0.569699,0.010763
392,0.248465,0.327172,0.331548,0.389501,0.558824,0.83894,0.413793,0.693434,0.73817,0.916392,0.994947,0.347999,0.961402,0.967314,0.654424,0.02677
393,0.277396,0.377459,0.368092,0.391132,0.676471,0.87156,0.413793,0.718699,0.760252,0.916392,0.996206,0.250014,0.96368,0.968856,0.672371,0.029449
394,0.291026,0.385105,0.316801,0.412716,0.676471,0.900684,0.413793,0.731928,0.763407,0.916392,0.997021,0.168698,0.967241,0.969473,0.680718,0.030109
395,0.309271,0.409231,0.32332,0.420584,0.676471,0.883938,0.413793,0.758986,0.753943,0.916392,0.997348,0.156354,0.979917,0.995683,0.728297,0.029501
396,0.333261,0.435328,0.33574,0.438136,0.676471,0.883938,0.413793,0.777753,0.753943,0.916392,0.997348,0.156354,0.979917,0.995683,0.728297,0.029501
397,0.012355,0.014901,0.246582,0.173947,0.382353,0.116645,0.086207,0.019507,0.189274,0.786823,0.595029,0.691922,0.493804,0.745914,0.241653,0.004532
398,0.019375,0.024822,0.236344,0.196819,0.411765,0.116645,0.086207,0.133517,0.246057,0.80787,0.661616,0.668878,0.506053,0.625347,0.26419,0.004867
399,0.022796,0.034114,0.187124,0.222224,0.382353,0.150866,0.086207,0.148347,0.290221,0.814995,0.683051,0.572872,0.615867,0.681159,0.302588,0.005262
400,0.03468,0.048819,0.199309,0.17639,0.411765,0.185088,0.086207,0.213733,0.283912,0.854147,0.710298,0.637666,0.633813,0.740056,0.340568,0.005705
401,0.05022,0.068976,0.211179,0.212432,0.441176,0.20664,0.12069,0.220559,0.309148,0.867243,0.731827,0.653302,0.652756,0.768733,0.356427,0.006173
402,0.060634,0.086258,0.212741,0.234705,0.558824,0.334498,0.189655,0.230961,0.375394,0.879462,0.780221,0.444067,0.683948,0.777058,0.355593,0.006783
403,0.072005,0.104936,0.224305,0.266913,0.676471,0.35474,0.258621,0.267889,0.44164,0.895349,0.806549,0.364841,0.718274,0.805119,0.416528,0.007437
404,0.081429,0.123074,0.226272,0.292428,0.705882,0.388234,0.293103,0.301433,0.400631,0.908156,0.817187,0.340981,0.764706,0.84428,0.46995,0.007857
405,0.082436,0.12768,0.211357,0.375133,0.735294,0.415757,0.327586,0.320644,0.381703,0.906113,0.819831,0.398368,0.797322,0.916127,0.464942,0.008663
406,0.089015,0.142628,0.209532,0.408569,0.705882,0.449687,0.37931,0.312933,0.422713,0.917929,0.953076,0.36497,0.831221,0.93617,0.474958,0.009024
407,0.096761,0.155731,0.206183,0.436225,0.558824,0.513179,0.37931,0.316108,0.479495,0.917929,0.962991,0.376535,0.865546,0.963306,0.520451,0.009703
408,0.110713,0.169988,0.188201,0.445315,0.529412,0.598806,0.37931,0.330432,0.485804,0.917929,0.967983,0.426066,0.870531,0.935245,0.578881,0.010674
409,0.122188,0.182617,0.170515,0.45472,0.470588,0.696665,0.37931,0.349153,0.564669,0.917929,0.973235,0.30999,0.895456,0.939562,0.637312,0.011442
410,0.127366,0.175807,0.164686,0.459996,0.382353,0.700597,0.37931,0.384747,0.574132,0.917929,0.980265,0.317236,0.925936,0.942954,0.676544,0.020481
411,0.150634,0.19635,0.207969,0.416585,0.352941,0.77137,0.37931,0.427478,0.574132,0.917929,0.982899,0.199466,0.955419,0.983349,0.75793,0.023138
412,0.167286,0.185603,0.168236,0.385782,0.352941,0.80399,0.37931,0.458776,0.570978,0.917929,0.98577,0.303903,0.956274,0.984582,0.758347,0.022494
413,0.181901,0.206918,0.178087,0.396165,0.352941,0.905199,0.37931,0.481258,0.589905,0.917929,0.986489,0.400577,0.971229,0.989824,0.742905,0.029378
414,0.204398,0.217457,0.175764,0.425735,0.352941,0.905199,0.37931,0.508649,0.589905,0.917929,0.986489,0.400577,0.971229,0.989824,0.742905,0.029378
415,0.082295,0.098261,0.793917,0.207665,0.205882,0.071065,0.534483,0.654652,0.596215,0.640743,0.901079,0.036828,0.962114,0.964847,0.289649,0.024692
416,0.101525,0.124326,0.753799,0.196543,0.205882,0.071065,0.534483,0.640761,0.656151,0.69205,0.918784,0.064972,0.960547,0.921986,0.334307,0.029079
417,0.118976,0.148362,0.672532,0.214927,0.205882,0.118684,0.534483,0.637929,0.681388,0.72594,0.930062,0.259825,0.980487,0.974715,0.356427,0.033241
418,0.149713,0.180793,0.693802,0.187186,0.235294,0.166157,0.534483,0.646282,0.722397,0.79953,0.943582,0.251644,0.984618,0.984582,0.356427,0.038761
419,0.182178,0.21401,0.698043,0.178171,0.264706,0.209553,0.637931,0.681345,0.735016,0.766647,0.95507,0.147612,0.981057,0.972556,0.393155,0.040738
420,0.205006,0.248708,0.695909,0.180311,0.294118,0.241445,0.706897,0.689588,0.753943,0.859807,0.96197,0.170637,0.98006,0.973173,0.421119,0.047877
421,0.229036,0.284946,0.706584,0.180143,0.294118,0.302607,0.758621,0.711362,0.77918,0.88197,0.966832,0.178291,0.983621,0.982115,0.390651,0.054537
422,0.253783,0.320935,0.733337,0.179993,0.323529,0.330712,0.793103,0.728401,0.77918,0.90202,0.970494,0.171487,0.983336,0.984274,0.399416,0.058815
423,0.271661,0.427964,0.644753,0.212451,0.264706,0.356488,0.862069,0.735004,0.785489,0.918374,0.973961,0.258503,0.97949,0.986124,0.407346,0.062411
424,0.300587,0.477847,0.628004,0.241048,0.205882,0.35707,0.862069,0.739647,0.794953,0.947953,0.983155,0.369168,0.960262,0.985199,0.432805,0.064529
425,0.344754,0.534247,0.604024,0.279908,0.205882,0.379205,0.862069,0.745171,0.807571,0.947953,0.99274,0.2899,0.96368,0.986432,0.558013,0.067041
426,0.394489,0.594257,0.629527,0.276543,0.264706,0.411388,0.862069,0.754982,0.826498,0.947953,0.994244,0.288389,0.975644,0.990441,0.690735,0.071611
427,0.430802,0.659446,0.605746,0.30049,0.323529,0.441386,0.862069,0.768139,0.832808,0.947953,0.993917,0.450769,0.977496,0.995683,0.723289,0.075588
428,0.441619,0.6536,0.593433,0.319011,0.235294,0.460317,0.862069,0.797857,0.835962,0.947953,0.99631,0.360784,0.988748,0.996916,0.617279,0.054295
429,0.503528,0.7217,0.660826,0.312022,0.382353,0.47852,0.862069,0.821172,0.826498,0.947953,0.997332,0.30893,0.9906,0.997533,0.706594,0.058906
430,0.525616,0.754831,0.589413,0.353118,0.382353,0.508228,0.862069,0.840684,0.820189,0.947953,0.997652,0.219339,0.9953,0.999075,0.747913,0.053119
431,0.553961,0.804307,0.619079,0.364056,0.382353,0.542886,0.862069,0.862103,0.823344,0.947953,0.997884,0.202889,0.996724,0.999075,0.805092,0.067656
432,0.59051,0.838986,0.598066,0.391727,0.382353,0.542886,0.862069,0.878987,0.823344,0.947953,0.997884,0.202889,0.996724,0.999075,0.805092,0.067656
433,0.019116,0.023071,0.0103,0.49288,0.176471,0.151449,0.137931,0.061535,0.198738,0.91617,0.988617,0.148582,0.50292,0.709528,0.478715,3.5e-05
434,0.026884,0.031435,0.00153,0.503247,0.205882,0.151449,0.137931,0.084696,0.22082,0.936972,0.989651,0.109681,0.641077,0.586494,0.393155,0.0
435,0.033468,0.044051,0.0,0.494705,0.235294,0.144896,0.137931,0.121321,0.362776,0.952708,0.992153,0.205827,0.73508,0.769658,0.387312,0.000142
436,0.042793,0.060945,0.002827,0.49308,0.176471,0.138488,0.137931,0.208658,0.230284,0.958242,0.984306,0.216225,0.712719,0.920444,0.384391,0.000146
437,0.055833,0.080095,0.009278,0.483218,0.411765,0.162225,0.172414,0.341252,0.189274,0.955945,0.985829,0.213066,0.764136,0.751156,0.39399,0.000234
438,0.067989,0.09719,0.035664,0.500572,0.588235,0.095529,0.224138,0.404026,0.451104,0.974483,0.987805,0.296397,0.0,0.241135,0.424875,0.000369
439,0.083629,0.11738,0.033462,0.499435,0.617647,0.21363,0.293103,0.449122,0.0,0.984839,0.98955,0.142635,0.125766,0.905951,0.381886,0.000438
440,0.097541,0.133199,0.046028,0.501333,0.617647,0.246396,0.327586,0.498335,0.810726,0.989418,0.990796,0.271454,0.389403,0.662966,0.434057,0.000543
441,0.109211,0.181982,0.039759,0.513078,0.617647,0.329984,0.431034,0.459017,0.772871,0.992413,0.98933,0.547585,0.714855,0.631822,0.873957,0.000672
442,0.123586,0.203022,0.038595,0.495818,0.588235,0.3361,0.448276,0.471585,0.457413,1.0,0.993873,0.207061,0.330437,0.0,0.533389,0.00061
443,0.142385,0.23123,0.052412,0.480125,0.558824,0.395952,0.448276,0.507565,0.526814,1.0,0.995447,0.322952,0.384276,0.777983,0.444908,0.000746
444,0.164586,0.266991,0.059632,0.437732,0.529412,0.410805,0.448276,0.514681,0.605678,1.0,0.995237,0.240345,0.359778,0.565217,0.340985,0.000999
445,0.180195,0.292801,0.042246,0.444008,0.5,0.408912,0.448276,0.540472,0.615142,1.0,0.995905,0.171659,0.431847,0.846747,0.488731,0.001899
446,0.201925,0.282725,0.040537,0.44589,0.5,0.441386,0.448276,0.568782,0.630915,1.0,0.993848,0.22915,0.475858,0.962381,0.696995,0.003096
447,0.222575,0.3166,0.047775,0.467132,0.588235,0.482015,0.448276,0.59854,0.634069,1.0,0.997862,0.085251,0.545506,0.966081,0.72788,0.004357
448,0.231999,0.287532,0.005944,0.449532,0.588235,0.499782,0.448276,0.62675,0.716088,1.0,0.997452,0.111585,0.633386,0.990749,0.750835,0.00504
449,0.262554,0.361591,0.022813,0.438367,0.588235,0.559924,0.448276,0.656377,0.769716,1.0,0.997369,0.229409,0.813844,1.0,0.740401,0.008179
450,0.306091,0.384446,0.03489,0.441823,0.588235,0.559924,0.448276,0.670852,0.769716,1.0,0.997369,0.229409,0.813844,1.0,0.740401,0.008179
451,0.0,0.0,0.332051,0.241431,0.176471,0.0,0.0,0.0,0.391167,0.734521,0.0,0.431928,0.459906,0.460993,0.090568,0.002164
452,0.008707,0.009436,0.300026,0.257259,0.176471,0.0,0.0,0.123739,0.369085,0.798708,0.269679,0.501313,0.541661,0.651249,0.090985,0.002342
453,0.013776,0.017507,0.270047,0.281194,0.235294,0.032765,0.0,0.106045,0.293375,0.810027,0.368864,0.533643,0.551204,0.75609,0.093907,0.002578
454,0.023159,0.030688,0.296711,0.298855,0.294118,0.065676,0.0,0.194697,0.362776,0.845378,0.473606,0.416189,0.568722,0.81807,0.108932,0.003744
455,0.037416,0.045429,0.315359,0.315899,0.294118,0.103976,0.068966,0.230133,0.44795,0.837528,0.592819,0.271369,0.594929,0.739439,0.108097,0.004425
456,0.050679,0.059512,0.342762,0.308582,0.382353,0.282074,0.155172,0.246984,0.463722,0.843401,0.680278,0.257992,0.591938,0.755473,0.115192,0.00513
457,0.064935,0.072208,0.369111,0.322708,0.382353,0.393476,0.224138,0.296064,0.51735,0.878936,0.743853,0.219462,0.641931,0.779833,0.231219,0.006002
458,0.078602,0.084626,0.362804,0.309791,0.382353,0.456531,0.258621,0.339688,0.501577,0.871111,0.791049,0.261941,0.662441,0.829479,0.262521,0.007216
459,0.094238,0.164303,0.358133,0.296178,0.382353,0.510558,0.310345,0.361153,0.561514,0.897243,0.832473,0.268721,0.772967,0.859081,0.299666,0.008535
460,0.108041,0.19074,0.340871,0.297871,0.411765,0.561526,0.396552,0.370053,0.589905,0.937867,0.937939,0.357917,0.795756,0.877582,0.336811,0.009453
461,0.128001,0.219615,0.32235,0.337722,0.411765,0.647881,0.396552,0.381023,0.596215,0.937867,0.945424,0.313819,0.825381,0.893309,0.339733,0.010956
462,0.147435,0.244157,0.314963,0.365964,0.411765,0.693753,0.396552,0.392174,0.646688,0.937867,0.956148,0.305989,0.818402,0.897626,0.395242,0.011719
463,0.163116,0.255733,0.262852,0.378532,0.441176,0.765254,0.396552,0.41381,0.671924,0.937867,0.971192,0.389341,0.883208,0.948504,0.437813,0.012978
464,0.17504,0.268597,0.278863,0.377121,0.235294,0.744284,0.396552,0.453887,0.719243,0.937867,0.979483,0.284988,0.922376,0.966081,0.717446,0.020879
465,0.193739,0.30973,0.325081,0.377974,0.029412,0.82263,0.396552,0.474513,0.747634,0.937867,0.984823,0.334131,0.860276,0.951896,0.753756,0.022499
466,0.200296,0.292901,0.291348,0.372399,0.029412,0.869667,0.396552,0.495991,0.757098,0.937867,0.987375,0.196232,0.904002,0.965464,0.945326,0.022207
467,0.21051,0.310422,0.305592,0.385895,0.029412,0.888452,0.396552,0.541246,0.750789,0.937867,0.986744,0.206345,0.925936,0.941412,0.906928,0.025903
468,0.230987,0.323515,0.302908,0.46482,0.029412,0.888452,0.396552,0.57251,0.750789,0.937867,0.986744,0.206345,0.925936,0.941412,0.906928,0.025903
469,0.073706,0.107903,0.619792,0.190638,0.088235,0.327654,0.413793,0.603421,0.611987,0.694697,0.751802,0.150186,0.885914,0.905643,0.232471,0.036029
470,0.092595,0.139927,0.637899,0.153394,0.205882,0.327654,0.413793,0.594621,0.630915,0.769997,0.807087,0.233214,0.891468,0.904101,0.246661,0.038907
471,0.099066,0.165919,0.596719,0.163312,0.205882,0.363332,0.413793,0.559669,0.637224,0.779842,0.830158,0.206327,0.910839,0.914585,0.26586,0.039338
472,0.109397,0.201325,0.635194,0.14341,0.294118,0.399155,0.413793,0.58841,0.66877,0.803221,0.847721,0.264343,0.917248,0.921061,0.298414,0.051918
473,0.134195,0.242605,0.690878,0.144439,0.264706,0.438765,0.482759,0.631174,0.684543,0.831443,0.857452,0.176645,0.935337,0.94943,0.301753,0.055775
474,0.149735,0.284436,0.695951,0.179263,0.294118,0.466142,0.517241,0.627743,0.697161,0.846919,0.877217,0.201158,0.943313,0.952205,0.313439,0.059588
475,0.164155,0.329195,0.653267,0.216641,0.352941,0.502403,0.62069,0.647184,0.697161,0.868904,0.889333,0.208409,0.945165,0.962072,0.335977,0.064726
476,0.173044,0.373822,0.636443,0.271743,0.352941,0.547546,0.672414,0.658911,0.694006,0.851628,0.8972,0.208254,0.945734,0.96053,0.363523,0.072465
477,0.175617,0.254582,0.463083,0.338118,0.352941,0.587302,0.724138,0.665908,0.700315,0.856519,0.900783,0.294973,0.925367,0.964231,0.391903,0.079421
478,0.17828,0.263397,0.469881,0.407529,0.235294,0.646134,0.741379,0.677873,0.577287,0.888045,0.958295,0.177674,0.944025,0.967931,0.374374,0.087506
479,0.192582,0.267902,0.480771,0.415402,0.235294,0.6955,0.741379,0.680645,0.712934,0.888045,0.966736,0.224148,0.959265,0.952205,0.402337,0.096622
480,0.21271,0.283989,0.480469,0.416851,0.205882,0.750692,0.741379,0.679666,0.687697,0.888045,0.97176,0.154072,0.964677,0.974098,0.454508,0.057532
481,0.227965,0.301221,0.448411,0.420388,0.117647,0.7504,0.741379,0.711741,0.716088,0.888045,0.978131,0.236689,0.970802,0.974098,0.459933,0.034204
482,0.230733,0.275132,0.425748,0.426499,0.0,0.774865,0.741379,0.775308,0.744479,0.888045,0.982963,0.131203,0.982196,0.991058,0.50793,0.03192
483,0.259605,0.302193,0.458244,0.393006,0.088235,0.817679,0.741379,0.805361,0.747634,0.888045,0.987786,0.087454,0.96952,0.989516,0.657763,0.034751
484,0.275168,0.292199,0.382552,0.392504,0.088235,0.831804,0.741379,0.817593,0.719243,0.888045,0.990677,0.05961,0.967668,0.968856,0.639816,0.027179
485,0.291888,0.318355,0.400363,0.407188,0.088235,0.863987,0.741379,0.847799,0.725552,0.888045,0.991072,0.080215,0.957271,0.914277,0.665275,0.041292
486,0.319698,0.334865,0.405937,0.487938,0.088235,0.863987,0.741379,0.858721,0.725552,0.888045,0.991072,0.080215,0.957271,0.914277,0.665275,0.041292
487,0.04169,0.055874,0.577471,0.242852,0.176471,0.06655,0.258621,0.371228,0.432177,0.56934,0.641415,0.700437,0.834781,0.737589,0.213689,0.007419
488,0.059381,0.078241,0.568822,0.285731,0.176471,0.06655,0.258621,0.422646,0.561514,0.635927,0.725551,0.73118,0.869962,0.790318,0.227462,0.008757
489,0.070639,0.094913,0.499581,0.290502,0.176471,0.111985,0.258621,0.420442,0.643533,0.682673,0.767752,0.507343,0.883635,0.833488,0.239566,0.010121
490,0.092137,0.123574,0.555979,0.310421,0.205882,0.15742,0.258621,0.502697,0.709779,0.799775,0.815337,0.534882,0.886341,0.816528,0.222454,0.01094
491,0.122901,0.157756,0.580767,0.31375,0.323529,0.205767,0.293103,0.575241,0.697161,0.855212,0.880441,0.515491,0.900726,0.796793,0.266694,0.012227
492,0.142484,0.187134,0.558358,0.303629,0.382353,0.347022,0.362069,0.580453,0.782334,0.883712,0.899182,0.566119,0.904857,0.810052,0.276711,0.013221
493,0.162209,0.217093,0.551306,0.306699,0.352941,0.423038,0.413793,0.611416,0.744479,0.892737,0.91299,0.485079,0.901581,0.884366,0.300083,0.014044
494,0.183916,0.246819,0.583692,0.308385,0.323529,0.482015,0.448276,0.638014,0.709779,0.910967,0.925438,0.393325,0.918388,0.900709,0.318865,0.014849
495,0.202832,0.340246,0.568583,0.335566,0.294118,0.552497,0.482759,0.661256,0.700315,0.922866,0.936043,0.480146,0.933628,0.903484,0.334307,0.015365
496,0.229363,0.386735,0.55558,0.365193,0.264706,0.611912,0.551724,0.673145,0.716088,0.887654,0.985195,0.428581,0.944595,0.911502,0.34182,0.016086
497,0.255879,0.431988,0.513523,0.391407,0.352941,0.677443,0.551724,0.679903,0.700315,0.887654,0.98742,0.457043,0.948298,0.93987,0.360184,0.017023
498,0.27534,0.473695,0.490393,0.412158,0.470588,0.733508,0.551724,0.686294,0.70347,0.887654,0.991256,0.449392,0.962826,0.946963,0.395659,0.01761
499,0.302007,0.517149,0.424417,0.429891,0.588235,0.780545,0.551724,0.69636,0.747634,0.887654,0.993473,0.456096,0.962399,0.934937,0.431553,0.018713
500,0.319962,0.524968,0.410488,0.418089,0.029412,0.770497,0.551724,0.721624,0.788644,0.887654,0.99447,0.473587,0.945307,0.836263,0.442821,0.01976
501,0.361506,0.632309,0.460816,0.422019,0.5,0.791612,0.551724,0.738694,0.772871,0.887654,0.99632,0.425777,0.97422,0.884675,0.497078,0.02112
502,0.368326,0.634096,0.412579,0.441739,0.5,0.836901,0.551724,0.75791,0.835962,0.887654,0.996726,0.460963,0.983193,0.955905,0.525876,0.022311
503,0.391893,0.701426,0.446658,0.441954,0.5,0.866608,0.551724,0.789801,0.763407,0.887654,0.997593,0.442199,0.995157,0.997533,0.555509,0.023614
504,0.422548,0.728109,0.448436,0.491383,0.5,0.866608,0.551724,0.805411,0.763407,0.887654,0.997593,0.442199,0.995157,0.997533,0.555509,0.023614
505,0.034321,0.039002,0.43626,0.178456,0.176471,0.178098,0.241379,0.190253,0.618297,0.769672,0.662112,0.633299,0.80302,0.867407,0.314691,0.010577
506,0.052421,0.058218,0.394704,0.164697,0.205882,0.178098,0.241379,0.192847,0.649842,0.823701,0.743567,0.547047,0.851161,0.896701,0.360184,0.011085
507,0.062195,0.073438,0.378012,0.190681,0.205882,0.206349,0.241379,0.201854,0.652997,0.836976,0.791769,0.581603,0.852443,0.940179,0.368114,0.012018
508,0.084442,0.095675,0.414778,0.163676,0.205882,0.2346,0.241379,0.320457,0.637224,0.877539,0.836279,0.484178,0.863125,0.98119,0.389816,0.013835
509,0.112025,0.120331,0.504997,0.129731,0.294118,0.273336,0.310345,0.391836,0.649842,0.910333,0.844113,0.407894,0.887338,0.868023,0.404007,0.015414
510,0.134648,0.146482,0.470853,0.12772,0.411765,0.356779,0.37931,0.403027,0.70347,0.927286,0.876495,0.33289,0.916109,0.881283,0.445326,0.017495
511,0.154853,0.171909,0.465712,0.145678,0.382353,0.416485,0.431034,0.433305,0.697161,0.942218,0.895086,0.360153,0.910981,0.892692,0.446578,0.014225
512,0.17166,0.19715,0.465766,0.166363,0.382353,0.469201,0.448276,0.465588,0.706625,0.940948,0.907114,0.334074,0.929925,0.886216,0.473289,0.014051
513,0.176397,0.232791,0.458616,0.231849,0.352941,0.513616,0.517241,0.478349,0.709779,0.921848,0.915014,0.435597,0.924939,0.911193,0.485392,0.014702
514,0.188589,0.262762,0.39896,0.262085,0.382353,0.560944,0.551724,0.48399,0.694006,0.934023,0.972848,0.342317,0.923942,0.864632,0.474958,0.016386
515,0.215247,0.296332,0.395988,0.270385,0.382353,0.616281,0.551724,0.494351,0.687697,0.934023,0.982134,0.421733,0.908987,0.875116,0.512521,0.01873
516,0.242013,0.328467,0.404839,0.28337,0.411765,0.656327,0.551724,0.506608,0.652997,0.934023,0.98732,0.414532,0.945734,0.860931,0.518781,0.019773
517,0.261937,0.351832,0.378958,0.303192,0.411765,0.69885,0.551724,0.524118,0.66877,0.934023,0.988547,0.577567,0.968665,0.902559,0.534224,0.021232
518,0.263575,0.325908,0.35703,0.330829,0.294118,0.70351,0.551724,0.558769,0.716088,0.934023,0.992593,0.396103,0.980345,0.934628,0.529633,0.022671
519,0.310329,0.347911,0.443464,0.28241,0.323529,0.74807,0.551724,0.592541,0.747634,0.934023,0.994476,0.344902,0.982481,0.943262,0.565943,0.025363
520,0.341451,0.35082,0.480124,0.249376,0.323529,0.766128,0.551724,0.616735,0.772871,0.934023,0.995814,0.433296,0.986184,0.946038,0.587229,0.026067
521,0.352422,0.361902,0.468055,0.266869,0.323529,0.828309,0.551724,0.645543,0.785489,0.934023,0.996295,0.43047,0.986896,0.954672,0.584725,0.031414
522,0.372691,0.380708,0.452097,0.396147,0.323529,0.828309,0.551724,0.669522,0.785489,0.934023,0.996295,0.43047,0.986896,0.954672,0.584725,0.031414
523,0.024148,0.022398,0.154425,0.372158,0.235294,0.175331,0.241379,0.154789,0.29653,0.577553,0.614982,0.985192,0.849167,1.0,0.270868,0.001878
524,0.038305,0.034981,0.14978,0.35332,0.235294,0.175331,0.241379,0.165356,0.318612,0.679213,0.688348,0.759192,0.925652,1.0,0.297162,0.002079
525,0.041422,0.045622,0.131084,0.362067,0.235294,0.208679,0.241379,0.168981,0.343849,0.654804,0.701003,0.85586,0.878792,0.98304,0.3101,0.00218
526,0.057353,0.058253,0.095011,0.356869,0.235294,0.241881,0.241379,0.253739,0.356467,0.726902,0.740515,0.673077,0.868822,0.995991,0.308013,0.002337
527,0.074663,0.073958,0.104764,0.337176,0.235294,0.303917,0.293103,0.336058,0.410095,0.806308,0.763408,0.581537,0.88748,0.995683,0.299666,0.002597
528,0.086488,0.091011,0.109189,0.328717,0.352941,0.361148,0.37931,0.381447,0.454259,0.827892,0.791543,0.494238,0.895314,0.996916,0.297579,0.00298
529,0.100853,0.109272,0.133376,0.333709,0.382353,0.444444,0.482759,0.433871,0.413249,0.857529,0.810649,0.769429,0.782937,0.971631,0.286311,0.003113
530,0.110895,0.126614,0.138445,0.35759,0.411765,0.524683,0.517241,0.469255,0.425868,0.864389,0.827116,0.563748,0.840621,0.991058,0.293823,0.0036
531,0.122987,0.145578,0.126628,0.396094,0.411765,0.555119,0.586207,0.456681,0.369085,0.877208,0.844763,0.824355,0.800028,0.971014,0.275042,0.004487
532,0.141522,0.163489,0.104207,0.396362,0.441176,0.553517,0.586207,0.458873,0.410095,0.871352,0.948514,0.66497,0.822675,0.97564,0.292154,0.004685
533,0.156237,0.180874,0.109223,0.377765,0.441176,0.633319,0.586207,0.461138,0.457413,0.871352,0.957796,0.525377,0.917248,0.967006,0.432387,0.005315
534,0.177305,0.195116,0.114609,0.372276,0.470588,0.645551,0.586207,0.481739,0.498423,0.871352,0.96501,0.504248,0.92437,0.969164,0.507095,0.005678
535,0.191471,0.208684,0.098601,0.373313,0.705882,0.693025,0.586207,0.518648,0.539432,0.871352,0.969634,0.482077,0.912121,0.976565,0.601002,0.006475
536,0.195414,0.191539,0.101672,0.378467,0.735294,0.715159,0.586207,0.545267,0.561514,0.871352,0.972462,0.495556,0.911836,0.959605,0.620618,0.013611
537,0.223505,0.211675,0.127722,0.350508,0.823529,0.733508,0.586207,0.587061,0.526814,0.871352,0.975092,0.51036,0.921379,0.963922,0.621452,0.014483
538,0.241246,0.185668,0.115713,0.285345,0.823529,0.75142,0.586207,0.625864,0.580442,0.871352,0.976619,0.582441,0.924797,0.986741,0.648581,0.014755
539,0.254663,0.226696,0.124288,0.316659,0.823529,0.820882,0.586207,0.663308,0.583596,0.871352,0.978684,0.693723,0.957556,0.985507,0.656928,0.018395
540,0.266756,0.225362,0.120821,0.34324,0.823529,0.820882,0.586207,0.689373,0.583596,0.871352,0.978684,0.693723,0.957556,0.985507,0.656928,0.018395
541,0.037411,0.058338,0.346154,0.007583,0.088235,0.215669,0.172414,0.635718,0.337539,0.763984,0.825832,0.484063,0.636092,0.440025,0.195743,0.004994
542,0.049349,0.079638,0.350611,0.0,0.117647,0.215669,0.172414,0.669301,0.419558,0.805909,0.853174,0.38533,0.707307,0.51403,0.218698,0.00564
543,0.050334,0.098229,0.313145,0.064515,0.088235,0.260813,0.172414,0.649522,0.488959,0.810613,0.859372,0.385414,0.768979,0.585569,0.223289,0.006247
544,0.063143,0.123006,0.305936,0.085747,0.088235,0.305956,0.172414,0.72352,0.529968,0.8301,0.877868,0.520117,0.781655,0.643232,0.248748,0.007299
545,0.083103,0.153427,0.330401,0.065934,0.147059,0.3278,0.206897,0.796426,0.574132,0.813311,0.891266,0.41164,0.735223,0.715695,0.298831,0.007929
546,0.097891,0.186305,0.341374,0.084225,0.117647,0.377021,0.258621,0.798047,0.564669,0.820928,0.903369,0.412303,0.763424,0.819303,0.325125,0.009062
547,0.110214,0.221016,0.355343,0.087756,0.058824,0.418523,0.344828,0.811508,0.564669,0.855522,0.914572,0.433958,0.794616,0.860006,0.380217,0.009905
548,0.116548,0.257006,0.355097,0.14537,0.029412,0.465123,0.37931,0.836958,0.564669,0.867269,0.919707,0.402665,0.803874,0.882825,0.387312,0.010816
549,0.11335,0.155075,0.254796,0.241823,0.029412,0.512305,0.413793,0.829394,0.55836,0.859446,0.919219,0.506414,0.809286,0.91366,0.3798,0.011965
550,0.119094,0.172747,0.234151,0.289487,0.117647,0.543614,0.482759,0.831974,0.545741,0.879786,0.961995,0.307957,0.809999,0.915202,0.403589,0.013295
551,0.127543,0.18921,0.2299,0.316211,0.117647,0.629241,0.482759,0.835261,0.548896,0.879786,0.969156,0.555805,0.825808,0.954672,0.411102,0.014285
552,0.138033,0.20301,0.237069,0.348284,0.176471,0.665502,0.482759,0.856669,0.564669,0.879786,0.976501,0.410378,0.850449,0.95313,0.451586,0.015859
553,0.15145,0.220856,0.211945,0.357472,0.323529,0.719528,0.482759,0.87677,0.577287,0.879786,0.979427,0.563954,0.873095,0.962689,0.466611,0.017374
554,0.15724,0.201328,0.166305,0.353934,0.352941,0.857871,0.482759,0.934379,0.59306,0.879786,0.9783,0.535577,0.869249,0.968856,0.482053,0.024284
555,0.17887,0.223337,0.215094,0.349618,0.411765,0.914227,0.482759,0.952217,0.608833,0.879786,0.984679,0.319619,0.889332,0.974406,0.521703,0.025843
556,0.195541,0.207147,0.194764,0.33053,0.411765,0.927916,0.482759,0.949974,0.62776,0.879786,0.986631,0.347435,0.903433,0.972248,0.525459,0.019327
557,0.198671,0.227185,0.200363,0.379293,0.411765,1.0,0.482759,0.96598,0.681388,0.879786,0.987627,0.304506,0.906281,0.98119,0.524624,0.028297
558,0.210192,0.23496,0.181497,0.461394,0.411765,1.0,0.482759,0.97591,0.681388,0.879786,0.987627,0.304506,0.906281,0.98119,0.524624,0.028297
