row_id,ADMINCODE,REGION,ZONE,YEAR,FULL_INDEX,INDEX_WITHOUT_URIR,INDEX_WITHOUT_REPC,INDEX_WITHOUT_BOTH,FULL_RANK,RANK_WITHOUT_URIR,RANK_WITHOUT_REPC,RANK_WITHOUT_BOTH,RANK_CHANGE_WITHOUT_URIR,RANK_CHANGE_WITHOUT_REPC,RANK_CHANGE_WITHOUT_BOTH
1,310000,上海,东部,2007,0.4921637253419437,0.4770667754659481,0.5062621438846414,0.4919650126095486,2,2,2,2,0,0,0
2,530000,云南,西部,2007,0.2817031196451077,0.2942565918894429,0.290971010808294,0.3049441303516681,28,26,28,26,2,0,2
3,150000,内蒙古,西部,2007,0.3795356979513706,0.3731249224274804,0.3910784494556071,0.3852785418530859,12,13,12,13,1,0,1
4,110000,北京,东部,2007,0.5946260006934001,0.5919176463811952,0.6145535575551792,0.6135400653922807,1,1,1,1,0,0,0
5,220000,吉林,中部,2007,0.3510739564108147,0.3296469119370853,0.3624958198441729,0.3410350964366695,17,19,18,19,2,1,2
6,510000,四川,西部,2007,0.332237145785178,0.3207383286139043,0.3432242976136474,0.3321441224878822,22,22,22,21,0,0,1
7,120000,天津,东部,2007,0.4600044288700808,0.4368145180258666,0.4765286027352589,0.4538982180023631,5,5,5,5,0,0,0
8,640000,宁夏,西部,2007,0.3442112734219109,0.3377584728247017,0.3550166588557229,0.3491575171694725,19,17,19,17,2,0,2
9,340000,安徽,中部,2007,0.3387563375056253,0.328126081664924,0.3500726586320864,0.3399494381594849,20,20,20,20,0,0,0
10,370000,山东,东部,2007,0.4331150035867249,0.4227529986962275,0.4486505477671559,0.4393026721907586,6,6,6,6,0,0,0
11,140000,山西,中部,2007,0.3905977364893036,0.380273134965562,0.4037013496418601,0.3940340133252858,9,10,9,10,1,0,1
12,440000,广东,东部,2007,0.413715121933651,0.4089452162518842,0.427589003692663,0.4239643714599885,7,7,7,7,0,0,0
13,450000,广西,西部,2007,0.2477478782656277,0.2412650324094247,0.2571492475001115,0.2512936001648118,30,30,30,30,0,0,0
14,650000,新疆,西部,2007,0.3626308509302361,0.3598082837032524,0.3748842029103777,0.3730401546732595,16,16,16,16,0,0,0
15,320000,江苏,东部,2007,0.4886512452347144,0.4741917945897929,0.5046996655109799,0.4911455136931029,3,3,3,3,0,0,0
16,360000,江西,中部,2007,0.3033464622287538,0.2849454745177618,0.3141261059276536,0.2958613718173724,26,28,26,28,2,0,2
17,130000,河北,东部,2007,0.3872406722961144,0.3714580186298823,0.400382290482077,0.3850809542755765,10,14,10,14,4,0,4
18,410000,河南,中部,2007,0.3335876471861246,0.316902254444911,0.3444610628940815,0.3279250112007063,21,23,21,23,2,0,2
19,330000,浙江,东部,2007,0.4829424745763454,0.4639809629462773,0.4995962216556934,0.4814135671541516,4,4,4,4,0,0,0
20,460000,海南,东部,2007,0.3295094426539734,0.3112680058660824,0.3404579242740695,0.3223075015170426,23,24,23,24,1,0,1
21,420000,湖北,中部,2007,0.3505728037231713,0.332354632839115,0.3632632717369473,0.3453912604513795,18,18,17,18,0,1,0
22,430000,湖南,中部,2007,0.3073344586895751,0.2970908382366508,0.3182872663079255,0.3085925011492012,25,25,25,25,0,0,0
23,620000,甘肃,西部,2007,0.3029521645530108,0.3211982424939607,0.3112137546476821,0.330908385404812,27,21,27,22,6,0,5
24,350000,福建,东部,2007,0.3910660492906894,0.3745625756819778,0.4063705666885455,0.3906638666280417,8,11,8,11,3,0,3
25,540000,西藏,西部,2007,0.2614961155261475,0.2748341900742647,0.2684324057046893,0.2829014346395407,29,29,29,29,0,0,0
26,520000,贵州,西部,2007,0.2077635623441071,0.221117454670266,0.2142087222996991,0.228705669741448,31,31,31,31,0,0,0
27,210000,辽宁,东部,2007,0.3746836193731272,0.3602120966025684,0.3880894668648135,0.3742711856631213,13,15,13,15,2,0,2
28,500000,重庆,西部,2007,0.3731438558244895,0.3732423021007404,0.3858035452228279,0.3870375042903824,14,12,14,12,2,0,2
29,610000,陕西,西部,2007,0.3724131623199058,0.3845790500498628,0.384385789634197,0.3981681807403182,15,9,15,9,6,0,6
30,630000,青海,西部,2007,0.3801462301140143,0.3945153298110126,0.3911412962096066,0.4070178987401269,11,8,11,8,3,0,3
31,230000,黑龙江,中部,2007,0.3112204857609438,0.2894686502782631,0.3214297897402856,0.2995323099170715,24,27,24,27,3,0,3
32,310000,上海,东部,2008,0.4952805973207485,0.4806552451294299,0.5093500598292002,0.4955304063106545,3,3,4,3,0,1,0
33,530000,云南,西部,2008,0.3253239005281692,0.3371460620118784,0.3354524463844943,0.3486869745659188,24,21,24,21,3,0,3
34,150000,内蒙古,西部,2008,0.3850440225544378,0.3781035567801076,0.3967744896105636,0.3904440300166547,13,14,13,14,1,0,1
35,110000,北京,东部,2008,0.6083471030219862,0.6072408890822771,0.6287456042906103,0.6294556342749188,1,1,1,1,0,0,0
36,220000,吉林,中部,2008,0.3696545179954858,0.3467482701278275,0.3815877019638884,0.3586157984448493,15,18,15,18,3,0,3
37,510000,四川,西部,2008,0.2918097424011385,0.2758188637171686,0.3017317595641298,0.2858874518927849,28,28,28,28,0,0,0
38,120000,天津,东部,2008,0.4750485783858279,0.4555825446180295,0.4919604083763131,0.4732433391711987,5,5,5,5,0,0,0
39,640000,宁夏,西部,2008,0.3480181706057024,0.3434496040250701,0.3586256459198625,0.3547010664390029,20,19,20,20,1,0,0
40,340000,安徽,中部,2008,0.3632990967410576,0.3501341341252402,0.3752966977454777,0.3625659919449145,17,17,16,17,0,1,0
41,370000,山东,东部,2008,0.4448958098781653,0.4358082846368675,0.4607504895359413,0.4527641696359142,7,7,7,7,0,0,0
42,140000,山西,中部,2008,0.4179406695935049,0.4098885562411405,0.4317068932291738,0.4244634422806591,8,8,8,8,0,0,0
43,440000,广东,东部,2008,0.4567633543246518,0.4530068971186763,0.4723118971271336,0.4699185253196559,6,6,6,6,0,0,0
44,450000,广西,西部,2008,0.2728041674095123,0.2678094987141796,0.2826513940286084,0.2783635752442151,29,29,29,29,0,0,0
45,650000,新疆,西部,2008,0.3547180110175508,0.3517599336436587,0.3663227174440847,0.3642514439627222,19,16,19,16,3,0,3
46,320000,江苏,东部,2008,0.515005460363118,0.5031496478211988,0.5312307402183667,0.5203810523408374,2,2,2,2,0,0,0
47,360000,江西,中部,2008,0.3437178084441314,0.3251879090681833,0.3554166514789109,0.3370588321122833,21,23,21,22,2,0,1
48,130000,河北,东部,2008,0.4150887200995654,0.403044889774886,0.4287472157537461,0.4173760471175521,9,9,9,9,0,0,0
49,410000,河南,中部,2008,0.3301575856778296,0.3123982926459424,0.3407626340931428,0.3230657455325789,23,25,23,25,2,0,2
50,330000,浙江,东部,2008,0.4926549217412912,0.4729431404319152,0.5093822351182118,0.4904086165618722,4,4,3,4,0,1,0
51,460000,海南,东部,2008,0.3329668352080927,0.3139143424397038,0.3443384028060395,0.325402954764141,22,24,22,24,2,0,2
52,420000,湖北,中部,2008,0.3610151242232655,0.3416088410136282,0.3738504631703268,0.3547325144902273,18,20,18,19,2,0,1
53,430000,湖南,中部,2008,0.3219487854988867,0.3100445186905946,0.3331240628939786,0.3216887851319351,25,26,25,26,1,0,1
54,620000,甘肃,西部,2008,0.3147142465604449,0.3260620196965144,0.3232369896817113,0.3357178441651903,27,22,27,23,5,0,4
55,350000,福建,东部,2008,0.3992434566851809,0.3841663624851154,0.4144338154344903,0.4001942691422709,12,13,11,12,1,1,0
56,540000,西藏,西部,2008,0.2549291281167455,0.2662898985364036,0.2617941133292575,0.2741949753020854,30,30,30,30,0,0,0
57,520000,贵州,西部,2008,0.2438022066548357,0.2513129451105695,0.2512840144293302,0.2597423003402518,31,31,31,31,0,0,0
58,210000,辽宁,东部,2008,0.4036625705578156,0.3915431063780944,0.4176056878781079,0.4062687398667347,10,11,10,11,1,0,1
59,500000,重庆,西部,2008,0.4001756224226188,0.3986054400390082,0.413572329942857,0.4131134776579347,11,10,12,10,1,1,1
60,610000,陕西,西部,2008,0.3741665817645374,0.3863984040633464,0.3861937642664199,0.4000574253552274,14,12,14,13,2,0,1
61,630000,青海,西部,2008,0.3639166012796268,0.3768160150532782,0.3748103884104294,0.3891828511426326,16,15,17,15,1,1,1
62,230000,黑龙江,中部,2008,0.318826028445904,0.2954935245187347,0.3295546984774954,0.3060724373134862,26,27,26,27,1,0,1
63,310000,上海,东部,2009,0.4995262543275606,0.4847141765013579,0.5131934146485018,0.4991214405821637,4,4,4,5,0,0,1
64,530000,云南,西部,2009,0.3294051446056669,0.3406435396588871,0.3394846911398524,0.3520869834155395,25,24,26,24,1,1,1
65,150000,内蒙古,西部,2009,0.3984843795418024,0.3953838877496776,0.4106846453972117,0.4084293588287059,13,12,13,12,1,0,1
66,110000,北京,东部,2009,0.6418675613531059,0.6427955733201753,0.6628980019650665,0.6657487073175822,1,1,1,1,0,0,0
67,220000,吉林,中部,2009,0.3665731883917776,0.3447661369160625,0.3783789930645051,0.3565521619810206,20,21,20,21,1,0,1
68,510000,四川,西部,2009,0.3210266331598674,0.3073384087989546,0.3314906629313816,0.3180711980491132,28,29,28,29,1,0,1
69,120000,天津,东部,2009,0.46922139054342,0.4491594450696147,0.485613305415648,0.4662138727344936,6,7,6,7,1,0,1
70,640000,宁夏,西部,2009,0.3789314116734834,0.3747545677218584,0.3907273347257027,0.3873375135936715,17,17,17,17,0,0,0
71,340000,安徽,中部,2009,0.3571039638950321,0.3439267690860798,0.368908828925761,0.3561567132488497,22,22,22,22,0,0,0
72,370000,山东,东部,2009,0.4655551631757134,0.4579202542302191,0.4816160935707909,0.4751349566073305,7,6,7,6,1,0,1
73,140000,山西,中部,2009,0.4050670778692695,0.3981218027530143,0.4186071859914823,0.4125314685256753,10,11,10,11,1,0,1
74,440000,广东,东部,2009,0.4931530406624328,0.4923131848434571,0.5093931907651315,0.510077056982008,5,3,5,3,2,0,2
75,450000,广西,西部,2009,0.3234956896058661,0.3216603946594872,0.3344527677518138,0.3335259966985358,27,26,27,26,1,0,1
76,650000,新疆,西部,2009,0.3689078836126103,0.3639480607266152,0.3809602606857451,0.3768325512603166,19,19,19,19,0,0,0
77,320000,江苏,东部,2009,0.5355187411726507,0.5254764282444224,0.5516870514688458,0.5426918992452624,2,2,2,2,0,0,0
78,360000,江西,中部,2009,0.3584748614073649,0.34142449485895,0.370475336236216,0.3536836727113625,21,23,21,23,2,0,2
79,130000,河北,东部,2009,0.4322541316998232,0.4225466951611618,0.4458796781133094,0.436919135610253,8,8,9,8,0,1,0
80,410000,河南,中部,2009,0.3353113480542239,0.3179840156193346,0.3460272972453278,0.3287969826423376,24,27,24,27,3,0,3
81,330000,浙江,东部,2009,0.5018180847208698,0.4822380929574764,0.5183596312709723,0.4994790595702933,3,5,3,4,2,0,1
82,460000,海南,东部,2009,0.3984957761312891,0.3837322242091688,0.4113244893589398,0.3969475682472652,12,15,12,15,3,0,3
83,420000,湖北,中部,2009,0.3896395415562455,0.3720737021726076,0.402813159042858,0.3856039171817256,14,18,14,18,4,0,4
84,430000,湖南,中部,2009,0.3554249433081078,0.3455381046727433,0.3671399116909502,0.357818324250329,23,20,23,20,3,0,3
85,620000,甘肃,西部,2009,0.314070566744541,0.3245818542767909,0.3227322762079845,0.3343701993011691,29,25,29,25,4,0,4
86,350000,福建,东部,2009,0.4306980286416203,0.4176455101434329,0.4461440263281222,0.4339938970949583,9,9,8,9,0,1,0
87,540000,西藏,西部,2009,0.2892726133482261,0.3004232706823122,0.2973186564638929,0.3096017703254577,30,30,30,30,0,0,0
88,520000,贵州,西部,2009,0.2582663970704775,0.2678700741390139,0.2659149174949207,0.2765586490150518,31,31,31,31,0,0,0
89,210000,辽宁,东部,2009,0.4034425203346274,0.393693248248325,0.4172444269266593,0.4083734440985718,11,13,11,13,2,0,2
90,500000,重庆,西部,2009,0.380043225379631,0.3775113303369803,0.3929531000354871,0.3914710087662848,16,16,16,16,0,0,0
91,610000,陕西,西部,2009,0.3873588623365642,0.3998345029104786,0.3996151634226773,0.4137415387097785,15,10,15,10,5,0,5
92,630000,青海,西部,2009,0.3783456250230515,0.391822828051693,0.389365788483101,0.4043256702695198,18,14,18,14,4,0,4
93,230000,黑龙江,中部,2009,0.3293427267472671,0.3080719857019729,0.3403205807484737,0.3190169085684428,26,28,25,28,2,1,2
94,310000,上海,东部,2010,0.5101628118150109,0.4953929685934699,0.5239827565529224,0.5099743680510348,5,5,6,5,0,1,0
95,530000,云南,西部,2010,0.3418533621929937,0.3477006048396,0.3524632051640368,0.3594758157805505,26,25,27,24,1,1,2
96,150000,内蒙古,西部,2010,0.4120292721752649,0.4095911455252422,0.4247702782596866,0.4232749275716327,12,12,13,12,0,1,0
97,110000,北京,东部,2010,0.6444806655145054,0.6433458801838491,0.665606915271582,0.6663083790898923,1,1,1,1,0,0,0
98,220000,吉林,中部,2010,0.4093436021660274,0.3850246523734265,0.4221911222054516,0.3977913651771046,14,19,15,19,5,1,5
99,510000,四川,西部,2010,0.3356605639382008,0.3210212122367915,0.3467441438092548,0.332395988889952,29,29,29,29,0,0,0
100,120000,天津,东部,2010,0.5069115372581833,0.4875700947535122,0.5243386956240829,0.5057662701514429,6,6,5,6,0,1,0
101,640000,宁夏,西部,2010,0.408938801612774,0.4015038718480036,0.4215454949919724,0.4148008982506494,15,14,16,14,1,1,1
102,340000,安徽,中部,2010,0.375760791361425,0.3598063548374841,0.3883191090774598,0.3727372428818138,21,21,21,21,0,0,0
103,370000,山东,东部,2010,0.4896577499220125,0.4817533893265322,0.5061928825828196,0.499450486516384,7,7,7,7,0,0,0
104,140000,山西,中部,2010,0.4218480644469545,0.4154857539653333,0.4358757376498031,0.4304512988949781,11,11,11,11,0,0,0
105,440000,广东,东部,2010,0.5501287850319702,0.5498302565547681,0.56725635397881,0.5685124943357842,2,2,2,2,0,0,0
106,450000,广西,西部,2010,0.3416828424252773,0.3368887531646426,0.3531500570739148,0.3491607245847734,27,27,26,27,0,1,0
107,650000,新疆,西部,2010,0.4075482321448273,0.3990224349078928,0.4206204765920472,0.4128257329873642,17,16,17,16,1,0,1
108,320000,江苏,东部,2010,0.5361237565376693,0.5248322058875297,0.5518435558615873,0.5415301291085306,3,3,3,3,0,0,0
109,360000,江西,中部,2010,0.3766506402743729,0.3583827225607842,0.3892908193985437,0.3712866762644396,20,22,20,22,2,0,2
110,130000,河北,东部,2010,0.4490935168253469,0.4370653384252718,0.4633457860055941,0.4520221417852221,8,8,8,8,0,0,0
111,410000,河南,中部,2010,0.3443716298514011,0.3245522804144089,0.3555410146848353,0.3357541938782099,25,28,25,28,3,0,3
112,330000,浙江,东部,2010,0.5284560952391307,0.5091136607253054,0.545284876552204,0.5266600070873914,4,4,4,4,0,0,0
113,460000,海南,东部,2010,0.4067590199229413,0.3936088954702334,0.4201533442399851,0.407540129872993,18,17,18,17,1,0,1
114,420000,湖北,中部,2010,0.4087569754033581,0.3893837312148964,0.4224631843083195,0.4034007455748427,16,18,14,18,2,2,2
115,430000,湖南,中部,2010,0.3680463203475268,0.3554797296359683,0.3802339487297411,0.3681535846574922,22,23,22,23,1,0,1
116,620000,甘肃,西部,2010,0.3401320365281598,0.3479628352142669,0.3495612358681176,0.3584503244457358,28,24,28,25,4,0,3
117,350000,福建,东部,2010,0.4456208613799862,0.4330133323115849,0.4613855532763692,0.4497299880099877,9,9,9,9,0,0,0
118,540000,西藏,西部,2010,0.2899912408358472,0.2954066734264073,0.2982854541234726,0.3045989709070004,30,30,30,30,0,0,0
119,520000,贵州,西部,2010,0.2740455224458688,0.2788943006577874,0.2823692260423813,0.2881086947334667,31,31,31,31,0,0,0
120,210000,辽宁,东部,2010,0.4350661076817675,0.4254141645101011,0.449335251003211,0.4405917816302884,10,10,10,10,0,0,0
121,500000,重庆,西部,2010,0.4110602807348663,0.4050045194202899,0.424911482962048,0.4198109923146609,13,13,12,13,0,1,0
122,610000,陕西,西部,2010,0.3950288588973936,0.4002482324516221,0.407840284043065,0.4144443420471335,19,15,19,15,4,0,4
123,630000,青海,西部,2010,0.3645905678387125,0.3716282480013519,0.3753996830353817,0.3836187992057903,24,20,24,20,4,0,4
124,230000,黑龙江,中部,2010,0.3659528737229386,0.3420197456470627,0.3778130839500327,0.3537705698352672,23,26,23,26,3,0,3
125,310000,上海,东部,2011,0.542074367226433,0.5285845181100061,0.5564839434514861,0.543833265143442,3,4,4,4,1,1,1
126,530000,云南,西部,2011,0.3477437203055639,0.3508949063867932,0.3586492638793551,0.3628741384307282,29,25,29,25,4,0,4
127,150000,内蒙古,西部,2011,0.4193232275499241,0.4141926333976506,0.4326743398316327,0.4284486438607216,16,16,16,16,0,0,0
128,110000,北京,东部,2011,0.6688537608875106,0.6706099722161302,0.6907343558739423,0.694524031765486,1,1,1,1,0,0,0
129,220000,吉林,中部,2011,0.4490721438909222,0.4247113328920909,0.4632461214611677,0.438914080746182,10,13,10,13,3,0,3
130,510000,四川,西部,2011,0.3591655043061924,0.3432422290940744,0.3714088755111351,0.3558499070172322,26,27,25,27,1,1,1
131,120000,天津,东部,2011,0.535634889170266,0.5125656893231088,0.5541700723096503,0.5318046212382842,6,6,5,6,0,1,0
132,640000,宁夏,西部,2011,0.4126969111475723,0.4047969239691718,0.4256852721448375,0.418509093676554,18,17,18,18,1,0,0
133,340000,安徽,中部,2011,0.3962730711787268,0.3817720796492066,0.4096138288847845,0.3956372289958051,20,20,20,20,0,0,0
134,370000,山东,东部,2011,0.5050923886690215,0.4952043564498908,0.5223143836175348,0.5135733019175529,7,7,7,7,0,0,0
135,140000,山西,中部,2011,0.4221361882102935,0.4143331180465077,0.436563793340408,0.4297019275839989,15,15,15,15,0,0,0
136,440000,广东,东部,2011,0.541858749184331,0.5370661284763479,0.5589156062400606,0.5554872139178268,4,3,3,3,1,1,1
137,450000,广西,西部,2011,0.3481858600191197,0.3403496910672685,0.3599626464417794,0.3528222266300673,28,28,28,28,0,0,0
138,650000,新疆,西部,2011,0.4118594714706617,0.4013594045353311,0.425280340727214,0.4154693106485342,19,19,19,19,0,0,0
139,320000,江苏,东部,2011,0.5526459506022166,0.5404084844558402,0.568576816176817,0.5572981515099218,2,2,2,2,0,0,0
140,360000,江西,中部,2011,0.3853270970493705,0.3641249881380479,0.3985416491607756,0.3775389786006692,21,23,21,23,2,0,2
141,130000,河北,东部,2011,0.4471498468104688,0.4309270611555041,0.4617504389419869,0.4461063001399725,11,12,11,12,1,0,1
142,410000,河南,中部,2011,0.3502527637286853,0.3277416909220386,0.3618566432311559,0.3393117079343407,27,29,27,29,2,0,2
143,330000,浙江,东部,2011,0.5356476634697284,0.5156446339208284,0.5525856507001932,0.5332950633450458,5,5,6,5,0,1,0
144,460000,海南,东部,2011,0.4912307290946368,0.4807853040530666,0.5068077339527782,0.4971642591287274,8,8,8,8,0,0,0
145,420000,湖北,中部,2011,0.4246303431808151,0.4043261225505642,0.4393617621229338,0.4194565590372872,14,18,14,17,4,0,3
146,430000,湖南,中部,2011,0.3687083142197509,0.3544246573323067,0.381379995611469,0.3675866640664668,24,24,24,24,0,0,0
147,620000,甘肃,西部,2011,0.359946911360196,0.3686248399725528,0.369979464242475,0.3798049278031719,25,22,26,22,3,1,3
148,350000,福建,东部,2011,0.4530489291137729,0.4387502723374371,0.4693332432193175,0.4559802441008314,9,9,9,9,0,0,0
149,540000,西藏,西部,2011,0.3179194829552429,0.3160629485678671,0.3268643576633886,0.3255856925085137,30,30,30,30,0,0,0
150,520000,贵州,西部,2011,0.2756022045386149,0.2784127813748473,0.2842938019146902,0.2879629258334803,31,31,31,31,0,0,0
151,210000,辽宁,东部,2011,0.4449070557373542,0.4332622715135507,0.4598790264142428,0.4491507625827251,12,11,12,11,1,0,1
152,500000,重庆,西部,2011,0.4426784186317905,0.4338232388857997,0.4574134089482111,0.4494465701082645,13,10,13,10,3,0,3
153,610000,陕西,西部,2011,0.4144028984722747,0.4162126693265102,0.4281482301874083,0.4312861880459455,17,14,17,14,3,0,3
154,630000,青海,西部,2011,0.3739038119588852,0.3761511912386481,0.3853033335948063,0.3885782589022674,23,21,23,21,2,0,2
155,230000,黑龙江,中部,2011,0.3771355401977539,0.3491912879322925,0.389633662463878,0.3614685034259856,22,26,22,26,4,0,4
156,310000,上海,东部,2012,0.5261762941199513,0.5115215715678151,0.5403790831529214,0.5265042141639616,7,6,7,7,1,0,0
157,530000,云南,西部,2012,0.3477479122702051,0.3498459927166561,0.3586074243690515,0.3617228567202559,29,29,29,29,0,0,0
158,150000,内蒙古,西部,2012,0.4487716244168711,0.4448785616721038,0.4631590127026707,0.4603309365459889,14,13,14,13,1,0,1
159,110000,北京,东部,2012,0.6587913990505749,0.6592123057028636,0.6805227682422106,0.6829115510863338,1,1,1,1,0,0,0
160,220000,吉林,中部,2012,0.4664485429551181,0.4428223648800197,0.4813437069177378,0.4578589589250277,12,14,12,14,2,0,2
161,510000,四川,西部,2012,0.3924599819394289,0.3782007902499464,0.4056121614423484,0.3918625348663556,23,24,23,24,1,0,1
162,120000,天津,东部,2012,0.5345619406305703,0.5096333190906748,0.553278621891762,0.5290004923020019,5,7,5,6,2,0,1
163,640000,宁夏,西部,2012,0.4075410841893273,0.3982965823653629,0.4204289836867823,0.4118409606462711,21,21,21,21,0,0,0
164,340000,安徽,中部,2012,0.4169803022392274,0.4027028451401936,0.4310496788546537,0.4173785699068749,20,19,20,19,1,0,1
165,370000,山东,东部,2012,0.5340392322503152,0.5258667874712177,0.5519246317168122,0.5450183904064927,6,5,6,4,1,0,2
166,140000,山西,中部,2012,0.4417587948599764,0.4347200194684435,0.4569399819479609,0.4509562357494866,16,16,16,16,0,0,0
167,440000,广东,东部,2012,0.5451924018004426,0.5406731566988693,0.5625552677667529,0.5594640646386303,4,3,4,3,1,0,1
168,450000,广西,西部,2012,0.3754722949730158,0.367917375297066,0.3882114934615478,0.3814564720239885,27,26,27,26,1,0,1
169,650000,新疆,西部,2012,0.4228625165824084,0.4119012839903576,0.4367887974590606,0.4265531745926516,18,18,18,18,0,0,0
170,320000,江苏,东部,2012,0.5706996134898457,0.5595149780104637,0.5869187961849787,0.5767674366151674,2,2,2,2,0,0,0
171,360000,江西,中部,2012,0.4191370528648458,0.4001014957595023,0.4333074408095497,0.4146466559889957,19,20,19,20,1,0,1
172,130000,河北,东部,2012,0.4671584109791884,0.4515253945309591,0.4824072910442236,0.4674404892879753,11,12,11,12,1,0,1
173,410000,河南,中部,2012,0.3775479824887859,0.3558323107859882,0.3897943728836694,0.3681199897547205,26,28,26,28,2,0,2
174,330000,浙江,东部,2012,0.5454338008490351,0.526217275594259,0.5627297794601116,0.5443012122430447,3,4,3,5,1,0,2
175,460000,海南,东部,2012,0.4850406069848051,0.4737784979590578,0.5008651839086908,0.4904302620550952,8,8,8,8,0,0,0
176,420000,湖北,中部,2012,0.4429624704402235,0.4237266357552116,0.4583300412558355,0.4396055686312657,15,17,15,17,2,0,2
177,430000,湖南,中部,2012,0.391855562729003,0.379004787378299,0.4052276782589732,0.3929929040659436,24,23,24,23,1,0,1
178,620000,甘肃,西部,2012,0.3684152832946946,0.3771213093207081,0.3789304496745827,0.3888492050691116,28,25,28,25,3,0,3
179,350000,福建,东部,2012,0.4760740000168296,0.4626959868504661,0.492805885306203,0.4804477333979186,10,10,10,10,0,0,0
180,540000,西藏,西部,2012,0.3184947692387033,0.3115504981920278,0.3260533130750072,0.3191899632562465,30,31,30,31,1,0,1
181,520000,贵州,西部,2012,0.3117456265679524,0.3158424739725114,0.3214983061093882,0.3266000101796766,31,30,31,30,1,0,1
182,210000,辽宁,东部,2012,0.4637353454594084,0.4535404201393393,0.4791016036415228,0.4699180426953554,13,11,13,11,2,0,2
183,500000,重庆,西部,2012,0.4776618169959643,0.4706851620357257,0.4932559956678805,0.4873094391992247,9,9,9,9,0,0,0
184,610000,陕西,西部,2012,0.435487093607189,0.4379592012651435,0.4497834306839034,0.4536583923852312,17,15,17,15,2,0,2
185,630000,青海,西部,2012,0.3911519596014554,0.3915094545381573,0.4032358889471876,0.4045976902599379,25,22,25,22,3,0,3
186,230000,黑龙江,中部,2012,0.3946568493061316,0.3678863784291626,0.4078640742374238,0.381006079955064,22,27,22,27,5,0,5
187,310000,上海,东部,2013,0.5357195810807263,0.5217332120990695,0.5301368919165528,0.5153296827136105,7,7,7,7,0,0,0
188,530000,云南,西部,2013,0.3669419658821247,0.3678665768926128,0.3787559704035067,0.3807535147938882,29,29,29,29,0,0,0
189,150000,内蒙古,西部,2013,0.4734225529599954,0.4693340471670339,0.4888079858735045,0.4858849797710914,14,13,14,13,1,0,1
190,110000,北京,东部,2013,0.6743605972953741,0.6752721258022275,0.6964951242041502,0.6994227945361673,1,1,1,1,0,0,0
191,220000,吉林,中部,2013,0.481170548423075,0.457680733279009,0.4965790564107558,0.4732878814375487,13,15,13,15,2,0,2
192,510000,四川,西部,2013,0.4080489224617674,0.3931544646228641,0.4217410138361137,0.4073780146757034,25,26,25,26,1,0,1
193,120000,天津,东部,2013,0.5526308546703168,0.5270455148748743,0.5713432144276821,0.5463761326184291,6,6,6,6,0,0,0
194,640000,宁夏,西部,2013,0.4340263632624692,0.4253590442088475,0.4481557379466456,0.4403175756797154,21,21,21,21,0,0,0
195,340000,安徽,中部,2013,0.4505518706434391,0.4364460547638541,0.465700515869112,0.4522997693901366,18,19,17,19,1,1,1
196,370000,山东,东部,2013,0.5661149235106888,0.55826980764576,0.584853502186294,0.5783460877416521,4,4,4,4,0,0,0
197,140000,山西,中部,2013,0.4711397504520444,0.4642755303521517,0.4872429645902023,0.4815191864868934,15,14,15,14,1,0,1
198,440000,广东,东部,2013,0.5687321811177942,0.564860299621457,0.5866145667507408,0.5842323899872728,3,3,3,3,0,0,0
199,450000,广西,西部,2013,0.4025996025323488,0.3944017918465287,0.4161967065011581,0.4088392376457741,26,25,26,25,1,0,1
200,650000,新疆,西部,2013,0.4466910899401262,0.4352223721358991,0.4614401614331327,0.4507514812732769,19,20,19,20,1,0,1
201,320000,江苏,东部,2013,0.5968778204651849,0.5863557916964495,0.6134030910793979,0.6039620934454545,2,2,2,2,0,0,0
202,360000,江西,中部,2013,0.4271360712035113,0.4075106020596734,0.4417861809580648,0.4225696142468703,22,22,22,22,0,0,0
203,130000,河北,东部,2013,0.497885951507994,0.4825278332935248,0.5138741121745916,0.499239199013344,9,9,9,9,0,0,0
204,410000,河南,中部,2013,0.3986431134628038,0.3765807523750887,0.4118011822329095,0.3898629156760218,27,28,27,28,1,0,1
205,330000,浙江,东部,2013,0.5589551515317082,0.5399942839665097,0.5764001702483958,0.5582417502678807,5,5,5,5,0,0,0
206,460000,海南,东部,2013,0.4986799167033111,0.4864900481169254,0.5151110767823236,0.5037712404404904,8,8,8,8,0,0,0
207,420000,湖北,中部,2013,0.4696997335529511,0.4503985671009949,0.4857396047323141,0.4669906676122919,16,17,16,17,1,0,1
208,430000,湖南,中部,2013,0.4112015139801665,0.3978164272979727,0.425171462359845,0.412426904712244,24,24,24,24,0,0,0
209,620000,甘肃,西部,2013,0.3942572342879126,0.4022390630176969,0.4056840882778521,0.4149290092127706,28,23,28,23,5,0,5
210,350000,福建,东部,2013,0.4906340804307681,0.476777778238981,0.5077232602906676,0.4949010947376581,10,10,10,10,0,0,0
211,540000,西藏,西部,2013,0.3237334840698803,0.3145327593678287,0.3323470933005502,0.323287089881317,31,31,31,31,0,0,0
212,520000,贵州,西部,2013,0.3488028214370488,0.3522468463672024,0.3598292037221884,0.3643704662271662,30,30,30,30,0,0,0
213,210000,辽宁,东部,2013,0.4853947978319004,0.4752561181182722,0.501179152816152,0.4920780489296996,11,11,11,11,0,0,0
214,500000,重庆,西部,2013,0.4821448740073684,0.4735629713744372,0.498103369193877,0.4905305599090183,12,12,12,12,0,0,0
215,610000,陕西,西部,2013,0.4505599231963731,0.4520100853464601,0.4654511330664662,0.4683062195672476,17,16,18,16,1,1,1
216,630000,青海,西部,2013,0.4436829047627986,0.4436149834829823,0.4569073372640801,0.4578632467404813,20,18,20,18,2,0,2
217,230000,黑龙江,中部,2013,0.4160927956693237,0.3899667829340616,0.4301674160749047,0.4040770383926829,23,27,23,27,4,0,4
218,310000,上海,东部,2014,0.5503373746753801,0.5364410067325469,0.5457936511710091,0.5311673623924523,7,6,7,7,1,0,0
219,530000,云南,西部,2014,0.3972874780162081,0.3981502164031876,0.4099928760941914,0.4120043896352731,29,28,29,28,1,0,1
220,150000,内蒙古,西部,2014,0.506722229851507,0.5034707504952967,0.5231673258840943,0.5212154674312964,10,8,10,8,2,0,2
221,110000,北京,东部,2014,0.7129850770888274,0.7153308653969128,0.7359693530081455,0.7404371180208198,1,1,1,1,0,0,0
222,220000,吉林,中部,2014,0.5136104468608244,0.4914444083138588,0.5298941746698157,0.5080488520352561,9,10,9,11,1,0,2
223,510000,四川,西部,2014,0.4151935940764027,0.3991991631022769,0.4291666360256374,0.4136825794171054,27,26,27,26,1,0,1
224,120000,天津,东部,2014,0.5568824265693184,0.5305416436854924,0.5744789215698921,0.5486224105998515,6,7,6,6,1,0,0
225,640000,宁夏,西部,2014,0.4610127973330391,0.4526527850319279,0.4758713144652886,0.4684125419081146,20,18,20,18,2,0,2
226,340000,安徽,中部,2014,0.465248665168987,0.4501999668737411,0.4808139801788084,0.4664589681496231,17,20,17,20,3,0,3
227,370000,山东,东部,2014,0.5600093795328421,0.5504561854194627,0.5789507141947916,0.5707106841338566,5,5,5,5,0,0,0
228,140000,山西,中部,2014,0.4758158732688751,0.4675555243833633,0.4923237745951537,0.4851956469630015,16,16,16,16,0,0,0
229,440000,广东,东部,2014,0.5646025177752935,0.5594782766549519,0.5826028721991171,0.5789561281494642,4,3,4,3,1,0,1
230,450000,广西,西部,2014,0.4248830105833161,0.4161001870716387,0.4389243779997462,0.4309684706737418,25,24,25,24,1,0,1
231,650000,新疆,西部,2014,0.4624273731476817,0.4512696646302476,0.4775763140295561,0.4672458970698177,18,19,18,19,1,0,1
232,320000,江苏,东部,2014,0.6108547713284544,0.6002334547326028,0.6276750691800312,0.6181622660082454,2,2,2,2,0,0,0
233,360000,江西,中部,2014,0.4291284625755274,0.4089148096999114,0.4439724695670864,0.4241730653358942,23,25,23,25,2,0,2
234,130000,河北,东部,2014,0.5159726807822977,0.5003666100519878,0.5323316034668016,0.5174527892434585,8,9,8,9,1,0,1
235,410000,河南,中部,2014,0.4182018253191007,0.396119893463754,0.4320343521279557,0.4101372179876674,26,29,26,29,3,0,3
236,330000,浙江,东部,2014,0.5771144222062452,0.5583916002219356,0.5950344230888758,0.5771596182456065,3,4,3,4,1,0,1
237,460000,海南,东部,2014,0.5013084344997044,0.4873165217138088,0.5180803017032432,0.5049043421371219,12,13,12,13,1,0,1
238,420000,湖北,中部,2014,0.4905427107736216,0.471304283014395,0.5071844989025154,0.4885502072611076,14,15,14,15,1,0,1
239,430000,湖南,中部,2014,0.4332813808637191,0.4198137534130029,0.4479430143647128,0.4351691710630106,22,22,22,22,0,0,0
240,620000,甘肃,西部,2014,0.4111812015474219,0.4181000807664533,0.4231929570616229,0.4313801677660684,28,23,28,23,5,0,5
241,350000,福建,东部,2014,0.5052665426600127,0.4912650146237024,0.522778214409335,0.5098462534339332,11,11,11,10,0,0,1
242,540000,西藏,西部,2014,0.3971684493533712,0.3895281168378526,0.4082039538735364,0.4009852085245368,30,30,30,30,0,0,0
243,520000,贵州,西部,2014,0.3706276186621617,0.3726273431306805,0.3822856532837928,0.3853665232774252,31,31,31,31,0,0,0
244,210000,辽宁,东部,2014,0.4999750541211314,0.4900314739392346,0.5159170837044617,0.5070301447812525,13,12,13,12,1,0,1
245,500000,重庆,西部,2014,0.4849622527480466,0.4749916395230338,0.5013212043739352,0.4923595214293384,15,14,15,14,1,0,1
246,610000,陕西,西部,2014,0.4619024796711549,0.4620049604473294,0.477196684786881,0.4786792208808514,19,17,19,17,2,0,2
247,630000,青海,西部,2014,0.4392712042635226,0.4367968512644699,0.4527490758450544,0.4512450801638065,21,21,21,21,0,0,0
248,230000,黑龙江,中部,2014,0.4254694979998691,0.3983262547870761,0.4398996845553118,0.4127822838747351,24,27,24,27,3,0,3
249,310000,上海,东部,2015,0.5684633881616584,0.555108281136616,0.5650734110825676,0.5510983622210001,4,4,7,7,0,3,3
250,530000,云南,西部,2015,0.4048069161500512,0.4044394471866687,0.4177143987806672,0.4184468220968973,30,30,30,30,0,0,0
251,150000,内蒙古,西部,2015,0.5258060827139582,0.5236875145967271,0.5426089017238636,0.5418604749150436,9,8,9,8,1,0,1
252,110000,北京,东部,2015,0.7286476290707371,0.7319038598951334,0.7518159867452953,0.7572319914778619,1,1,1,1,0,0,0
253,220000,吉林,中部,2015,0.4792816676123875,0.4562370908179387,0.4947868803483231,0.4719867621524755,19,22,19,22,3,0,3
254,510000,四川,西部,2015,0.4309598309375213,0.4150983176488727,0.4455208466162539,0.4302341864962667,29,28,29,28,1,0,1
255,120000,天津,东部,2015,0.5632922982580195,0.5370727709091884,0.5811635962994506,0.555444545721078,6,7,5,6,1,1,0
256,640000,宁夏,西部,2015,0.4805932460791014,0.4732096072836343,0.4958660815602267,0.4894452228422709,18,18,18,18,0,0,0
257,340000,安徽,中部,2015,0.4863406180675328,0.4722245237570392,0.5024174358494511,0.4890721299471726,17,19,17,19,2,0,2
258,370000,山东,东部,2015,0.563983388514437,0.554064652751538,0.5828091427642422,0.5741588083359076,5,5,4,4,0,1,1
259,140000,山西,中部,2015,0.4725578865049802,0.4639702264720345,0.4885946204883961,0.4810564710296635,22,21,22,21,1,0,1
260,440000,广东,东部,2015,0.5538228245037605,0.5473115054322072,0.5711993968525346,0.5660321359858078,7,6,6,5,1,1,2
261,450000,广西,西部,2015,0.4446758391585433,0.4357243879119023,0.4591909429789741,0.4510846173008617,25,24,25,24,1,0,1
262,650000,新疆,西部,2015,0.4780189959818156,0.4713164473735779,0.4934227867350642,0.4877661735231351,20,20,20,20,0,0,0
263,320000,江苏,东部,2015,0.6304450233394238,0.6208103335858972,0.6474554962055352,0.6389778271984377,2,2,2,2,0,0,0
264,360000,江西,中部,2015,0.4491047791806188,0.429576213995113,0.464586839140525,0.4455602662294023,23,26,23,26,3,0,3
265,130000,河北,东部,2015,0.5367980333298733,0.5222623178780279,0.5533427138156417,0.5395596772195661,8,9,8,9,1,0,1
266,410000,河南,中部,2015,0.4430461660092085,0.422000800599508,0.4574199657814701,0.4366341521434921,26,27,26,27,1,0,1
267,330000,浙江,东部,2015,0.5861976084547962,0.5675079824824264,0.6039767767841604,0.586095172989102,3,3,3,3,0,0,0
268,460000,海南,东部,2015,0.5184808565575465,0.5043914145709959,0.535709992488181,0.5224635243688331,11,11,11,11,0,0,0
269,420000,湖北,中部,2015,0.5163000752499091,0.4983633862486154,0.5333396487822439,0.5160653783481621,12,14,12,14,2,0,2
270,430000,湖南,中部,2015,0.4465336502947265,0.4334825114204438,0.4615336695215142,0.4492210906868653,24,25,24,25,1,0,1
271,620000,甘肃,西部,2015,0.4332258997157412,0.4402109327007623,0.4457547191958506,0.4540382169291174,28,23,28,23,5,0,5
272,350000,福建,东部,2015,0.5194604685928279,0.5058897489055355,0.5370832712455599,0.5245936469071031,10,10,10,10,0,0,0
273,540000,西藏,西部,2015,0.4995948285478021,0.5015341348705405,0.5134463945530121,0.516478247754427,15,13,15,13,2,0,2
274,520000,贵州,西部,2015,0.3983802828385393,0.4009314538811953,0.4110572858019916,0.4148200753383612,31,31,31,31,0,0,0
275,210000,辽宁,东部,2015,0.5017317649004244,0.4911083295097382,0.5167571724669785,0.5070157782742334,14,15,14,15,1,0,1
276,500000,重庆,西部,2015,0.5113942491316057,0.5015951283116329,0.5284305496707719,0.5196941909171807,13,12,13,12,1,0,1
277,610000,陕西,西部,2015,0.4885463398977466,0.4894825150080452,0.5045273503653808,0.5069272361796758,16,16,16,16,0,0,0
278,630000,青海,西部,2015,0.4757949416347048,0.4762455802140316,0.4898525698783937,0.4914073066434326,21,17,21,17,4,0,4
279,230000,黑龙江,中部,2015,0.4350574665184871,0.4087711947699833,0.4491705927161171,0.4228717001374691,27,29,27,29,2,0,2
280,310000,上海,东部,2016,0.5924689877522643,0.5801844479970372,0.5869825440931887,0.5739540822342883,4,3,5,6,1,1,2
281,530000,云南,西部,2016,0.4355105685727615,0.4362979744963503,0.4490739800186282,0.4510451687745225,28,28,28,28,0,0,0
282,150000,内蒙古,西部,2016,0.5285573462242097,0.5268340426221653,0.5455296701617149,0.5452249476783413,11,7,11,7,4,0,4
283,110000,北京,东部,2016,0.7442836967845038,0.7484480046520219,0.7677120489925794,0.7740877933464325,1,1,1,1,0,0,0
284,220000,吉林,中部,2016,0.4858505949790201,0.4629756348930951,0.5014421341253169,0.4788214302733097,17,21,17,21,4,0,4
285,510000,四川,西部,2016,0.4399083822564618,0.4239089523213797,0.4547485857335974,0.4393439052046118,27,29,27,29,2,0,2
286,120000,天津,东部,2016,0.5510929879234211,0.5241430389482556,0.5687154879038895,0.5422022923914195,7,8,7,9,1,0,2
287,640000,宁夏,西部,2016,0.4781292674735548,0.4706655533965959,0.4934651021498107,0.4869890116568462,20,19,21,19,1,1,1
288,340000,安徽,中部,2016,0.5074916001323173,0.4947998396724137,0.5243314926027188,0.5125526677921746,14,14,14,14,0,0,0
289,370000,山东,东部,2016,0.5714364939409472,0.561943189354571,0.5905209384375905,0.5823418317915978,5,5,4,4,0,1,1
290,140000,山西,中部,2016,0.4973758343526374,0.4898741075914959,0.5138884831878965,0.5075067063091468,15,15,15,15,0,0,0
291,440000,广东,东部,2016,0.5617246166500021,0.5556888643188617,0.5795482597562207,0.5749349019467674,6,6,6,5,0,0,1
292,450000,广西,西部,2016,0.4511330165864302,0.4411469864345635,0.4658706585188538,0.4567065244331734,25,26,25,26,1,0,1
293,650000,新疆,西部,2016,0.4890357717727659,0.483205292456277,0.5044560410477011,0.4996921245301514,16,16,16,16,0,0,0
294,320000,江苏,东部,2016,0.638030014499881,0.628820068701144,0.6549693380996124,0.6469340766887176,2,2,2,2,0,0,0
295,360000,江西,中部,2016,0.4774708643430308,0.4592494394203132,0.4936375047713195,0.4760190222638577,21,22,20,22,1,1,1
296,130000,河北,东部,2016,0.5316137740037931,0.5170098813707162,0.548200094014374,0.5343739501705398,10,10,10,11,0,0,1
297,410000,河南,中部,2016,0.4647073563343165,0.4443559160550251,0.4797435624113972,0.4597404436274058,23,25,22,25,2,1,2
298,330000,浙江,东部,2016,0.5957856596496827,0.5777198744047237,0.6138370583293672,0.596645349378848,3,4,3,3,1,0,0
299,460000,海南,东部,2016,0.5241323119590158,0.5096945421064196,0.5413146112141325,0.5276839562091248,12,12,12,13,0,0,1
300,420000,湖北,中部,2016,0.5330776866222835,0.5169397311809817,0.5506288776452013,0.5352812432907148,9,11,9,10,2,0,1
301,430000,湖南,中部,2016,0.4630820720260252,0.4511123820945533,0.4785551699324535,0.4674132838866143,24,24,24,24,0,0,0
302,620000,甘肃,西部,2016,0.4451523914751613,0.4535936631809279,0.458131826668269,0.4679917632846364,26,23,26,23,3,0,3
303,350000,福建,东部,2016,0.5363410568481617,0.523505471687147,0.5542023295767595,0.5424839032430941,8,9,8,8,1,0,0
304,540000,西藏,西部,2016,0.3691271375490635,0.3614180687323241,0.3788454318238891,0.3714180390471891,31,31,31,31,0,0,0
305,520000,贵州,西部,2016,0.434704378493259,0.4390127827732199,0.4483037655336845,0.4539681907091337,29,27,29,27,2,0,2
306,210000,辽宁,东部,2016,0.485510159208936,0.4732575488659463,0.5000177462890275,0.4885559829728975,18,18,18,18,0,0,0
307,500000,重庆,西部,2016,0.5191040616747414,0.5091723869378696,0.536541098600338,0.5277188736283152,13,13,13,12,0,0,1
308,610000,陕西,西部,2016,0.4822203811917828,0.4823908780672486,0.4978435324822448,0.499406599666067,19,17,19,17,2,0,2
309,630000,青海,西部,2016,0.4651957599018899,0.4650112198130255,0.4790946799737508,0.4799942240786961,22,20,23,20,2,1,2
310,230000,黑龙江,中部,2016,0.4301993023981746,0.4035469885519289,0.4442875076212345,0.4176209921147551,30,30,30,30,0,0,0
311,310000,上海,东部,2017,0.625287605485936,0.6146506078242506,0.6192443196839055,0.6078479417364973,3,3,4,4,0,1,1
312,530000,云南,西部,2017,0.4431240282888977,0.4433638787312481,0.4565663006463502,0.457918354909281,29,30,29,30,1,0,1
313,150000,内蒙古,西部,2017,0.5282679935478084,0.5263655079547704,0.5449012977981748,0.5443655058814871,14,12,14,12,2,0,2
314,110000,北京,东部,2017,0.7739379165353965,0.7801151295686174,0.7978074583725023,0.8063010727530888,1,1,1,1,0,0,0
315,220000,吉林,中部,2017,0.4807677722426522,0.4575403257554864,0.4961986204884686,0.473198695784677,22,25,22,25,3,0,3
316,510000,四川,西部,2017,0.4621130027767662,0.4470451073966509,0.4773858247156135,0.462971616059429,27,28,27,28,1,0,1
317,120000,天津,东部,2017,0.5932904551151509,0.568913354961606,0.6132001757527763,0.5895154034028561,5,7,5,7,2,0,2
318,640000,宁夏,西部,2017,0.5103502652873775,0.5045066083135541,0.5262930111439335,0.5215287920801122,16,17,16,17,1,0,1
319,340000,安徽,中部,2017,0.5407022538675879,0.529761563408391,0.5580361333576636,0.5480865165043737,10,11,10,11,1,0,1
320,370000,山东,东部,2017,0.5797110851209816,0.5706743083070047,0.5989195064894324,0.5912230674505121,7,6,7,6,1,0,1
321,140000,山西,中部,2017,0.5132517615117986,0.5065274036847967,0.5302744420407114,0.5247551511652995,15,15,15,15,0,0,0
322,440000,广东,东部,2017,0.5809800615505939,0.5760754517876842,0.5989333956643305,0.5954883184237988,6,5,6,5,1,0,1
323,450000,广西,西部,2017,0.472797770763512,0.4629789733442002,0.4879013027966593,0.4789160041423083,25,23,25,23,2,0,2
324,650000,新疆,西部,2017,0.4935870680065588,0.4879764993351692,0.5092189222869543,0.5047175378319513,21,19,21,19,2,0,2
325,320000,江苏,东部,2017,0.6410017767404486,0.6319215813956458,0.6576672224797078,0.6497396425048637,2,2,2,2,0,0,0
326,360000,江西,中部,2017,0.4996318187360348,0.4826557887399412,0.5162161807460475,0.4999178043920779,19,20,19,20,1,0,1
327,130000,河北,东部,2017,0.5648871113394381,0.5523523565757652,0.5820735883930268,0.5704315013368817,8,8,8,8,0,0,0
328,410000,河南,中部,2017,0.4939474320416315,0.4753927289546168,0.5097160082942396,0.4916442535810634,20,21,20,21,1,0,1
329,330000,浙江,东部,2017,0.6140312432265973,0.5967765960358797,0.6322193761706921,0.6158740690827597,4,4,3,3,0,1,1
330,460000,海南,东部,2017,0.5304513680515459,0.5161018617772619,0.5478425140142971,0.5343271829789563,13,13,13,14,0,0,1
331,420000,湖北,中部,2017,0.5321184250444013,0.5160134825288869,0.5497307109915279,0.5344362575000181,12,14,12,13,2,0,1
332,430000,湖南,中部,2017,0.4683373014920599,0.4566977195715921,0.4837900103175194,0.4729774170934781,26,26,26,26,0,0,0
333,620000,甘肃,西部,2017,0.4520879528474564,0.4609643442879021,0.4653902578667692,0.4757509973648378,28,24,28,24,4,0,4
334,350000,福建,东部,2017,0.5462614216193066,0.5338699762508846,0.5643311979239023,0.5531021044289345,9,9,9,9,0,0,0
335,540000,西藏,西部,2017,0.4176817513044878,0.4109248223374853,0.4295455890130677,0.423340551569891,31,31,31,31,0,0,0
336,520000,贵州,西部,2017,0.442363038626107,0.4465074344537237,0.4561264667953812,0.4616340801838515,30,29,30,29,1,0,1
337,210000,辽宁,东部,2017,0.5081422607638972,0.4971896036667219,0.5229743948489076,0.5128936185327045,17,18,17,18,1,0,1
338,500000,重庆,西部,2017,0.5390426897396567,0.5298593814926695,0.5567419627269542,0.5486971385584101,11,10,11,10,1,0,1
339,610000,陕西,西部,2017,0.5042283377803014,0.5051087909468007,0.5202478016718209,0.5225699139248137,18,16,18,16,2,0,2
340,630000,青海,西部,2017,0.4745883153012413,0.4751967628381442,0.4890072701020373,0.4908137125459511,24,22,24,22,2,0,2
341,230000,黑龙江,中部,2017,0.4751139006662332,0.4509639667748522,0.4900572255535209,0.4660349117962274,23,27,23,27,4,0,4
342,310000,上海,东部,2018,0.6329144879089487,0.622468907532568,0.62575777094867,0.6144525263362756,3,3,5,5,0,2,2
343,530000,云南,西部,2018,0.446276699250354,0.446014045586916,0.4599573250479275,0.4608229383412885,30,30,30,30,0,0,0
344,150000,内蒙古,西部,2018,0.5368342678248613,0.5338215691197105,0.5536170624954081,0.5519251859388925,16,15,16,15,1,0,1
345,110000,北京,东部,2018,0.7496532332593424,0.7542832708154824,0.7730098662377077,0.7798793089609667,1,1,1,1,0,0,0
346,220000,吉林,中部,2018,0.4904113432504899,0.4680152048163395,0.5060168303615462,0.4838947845938186,24,27,24,27,3,0,3
347,510000,四川,西部,2018,0.4919178579104845,0.4781237865205192,0.507816448256125,0.4947639377867589,23,25,23,24,2,0,1
348,120000,天津,东部,2018,0.544525722832643,0.5173382958219371,0.5634473850542215,0.5367740411420929,15,16,14,16,1,1,1
349,640000,宁夏,西部,2018,0.5448983561619599,0.5406901367104545,0.5616705926305839,0.5586676455809727,14,13,15,13,1,1,1
350,340000,安徽,中部,2018,0.558273581149461,0.5478887086843961,0.5760510074576658,0.5667163562737771,11,11,11,11,0,0,0
351,370000,山东,东部,2018,0.5899280588715918,0.581312937266127,0.6093837263163286,0.6021324904509425,6,6,6,6,0,0,0
352,140000,山西,中部,2018,0.5477531561504446,0.5416340888955867,0.5657138086868577,0.5608948827832998,13,12,13,12,1,0,1
353,440000,广东,东部,2018,0.6089167779336179,0.6053546634423688,0.6273740367142355,0.625353553999853,5,5,4,3,0,1,2
354,450000,广西,西部,2018,0.481222971694021,0.469741591439915,0.496585126812646,0.4858858913700717,26,26,26,26,0,0,0
355,650000,新疆,西部,2018,0.5213318051886864,0.5159879981119659,0.5373305449642581,0.533100436270039,18,17,18,17,1,0,1
356,320000,江苏,东部,2018,0.6439864372730209,0.6347616664968919,0.6603358073309861,0.6522251728517652,2,2,2,2,0,0,0
357,360000,江西,中部,2018,0.5139688409566888,0.4974979549000266,0.5308081659745083,0.5150507455852503,20,20,19,20,0,1,0
358,130000,河北,东部,2018,0.589581862236038,0.5779156499811473,0.607337917923918,0.5966155889955318,7,7,7,7,0,0,0
359,410000,河南,中部,2018,0.5269783171767276,0.509991942860826,0.5434692220262386,0.5270759105290731,17,19,17,19,2,0,2
360,330000,浙江,东部,2018,0.6225543549394907,0.6054110010140629,0.6407903083013127,0.6245671937029404,4,4,3,4,0,1,0
361,460000,海南,东部,2018,0.5523571271605796,0.5390355807690045,0.5698964000337507,0.5574216799325147,12,14,12,14,2,0,2
362,420000,湖北,中部,2018,0.5629058237841057,0.5484858164704032,0.5810611351087235,0.567545017887083,9,10,9,10,1,0,1
363,430000,湖南,中部,2018,0.499628523615967,0.489430858404134,0.5156485233910268,0.5063633187398409,22,22,22,22,0,0,0
364,620000,甘肃,西部,2018,0.4694317387405513,0.4784920114460457,0.4830248619137017,0.4935873960007903,28,24,28,25,4,0,3
365,350000,福建,东部,2018,0.5763504779570922,0.5653816633898401,0.5951715882002151,0.5854959834416383,8,8,8,8,0,0,0
366,540000,西藏,西部,2018,0.3917438043169247,0.3828408575506741,0.4029664463430435,0.394474819963806,31,31,31,31,0,0,0
367,520000,贵州,西部,2018,0.4570732398744531,0.4614774043050337,0.4711797947135558,0.4769833772811217,29,28,29,28,1,0,1
368,210000,辽宁,东部,2018,0.5067085876184884,0.4958719960866583,0.5228745326681932,0.5130443828467735,21,21,21,21,0,0,0
369,500000,重庆,西部,2018,0.5594050940530464,0.5510574736438101,0.5774637896089776,0.5703024583397858,10,9,10,9,1,0,1
370,610000,陕西,西部,2018,0.5142072499405166,0.5149571659618023,0.5305044201066744,0.5327140075665471,19,18,20,18,1,1,1
371,630000,青海,西部,2018,0.488336136457321,0.4885311235848233,0.5031792933687205,0.504590775065683,25,23,25,23,2,0,2
372,230000,黑龙江,中部,2018,0.4754580170148104,0.4500340188242677,0.4905143075657339,0.465183771581762,27,29,27,29,2,0,2
373,310000,上海,东部,2019,0.6340185607835607,0.6232306172151446,0.6254734752279698,0.6137156937384515,5,6,8,8,1,3,3
374,530000,云南,西部,2019,0.4636845867774614,0.4627558309174722,0.4776868774626628,0.4778683171412832,30,30,30,30,0,0,0
375,150000,内蒙古,西部,2019,0.5370237163536028,0.5312447031967342,0.5539750549926459,0.5494220707214945,19,19,19,19,0,0,0
376,110000,北京,东部,2019,0.7351015911961629,0.7386200192518252,0.7582271746654234,0.7639471412642191,1,1,1,1,0,0,0
377,220000,吉林,中部,2019,0.515539802627659,0.4936649253094458,0.5314470927580165,0.5098510986598703,25,25,25,25,0,0,0
378,510000,四川,西部,2019,0.5190970010947612,0.5063151047750671,0.5355940166640729,0.5236340354611648,23,23,23,23,0,0,0
379,120000,天津,东部,2019,0.6523880535436122,0.6313926736383357,0.673109306620106,0.6529292643472496,3,3,2,3,0,1,0
380,640000,宁夏,西部,2019,0.5381186078451614,0.5322470087589468,0.5548980381577775,0.550185132221843,18,18,18,18,0,0,0
381,340000,安徽,中部,2019,0.5919811781700227,0.5829663022332939,0.610231837976426,0.6023221335365881,10,10,10,10,0,0,0
382,370000,山东,东部,2019,0.5965541082517765,0.5870761511249706,0.6160024646935273,0.607832413228376,9,9,9,9,0,0,0
383,140000,山西,中部,2019,0.5844770177961917,0.5786873831232741,0.6028865823611543,0.5983864675400506,12,11,12,11,1,0,1
384,440000,广东,东部,2019,0.6312577877456338,0.6283129897771438,0.6500063940450481,0.6486259854266306,6,4,5,4,2,1,2
385,450000,广西,西部,2019,0.4989592683248587,0.4869122270719062,0.5147902050377031,0.5035417335343496,27,28,27,28,1,0,1
386,650000,新疆,西部,2019,0.5455914815592784,0.5392883966569568,0.5621336895385937,0.5569332865443318,15,16,15,16,1,0,1
387,320000,江苏,东部,2019,0.6538483005067272,0.6448680624428801,0.6699502058572786,0.6620559252560322,2,2,3,2,0,1,0
388,360000,江西,中部,2019,0.5365297368593515,0.5206873001702775,0.553645409132187,0.5385344680716132,20,21,20,21,1,0,1
389,130000,河北,东部,2019,0.6106508050872336,0.59953733840324,0.6287871755062977,0.6186511469294345,8,8,7,7,0,1,1
390,410000,河南,中部,2019,0.525704523482292,0.507452602056338,0.5422607239785309,0.5245663195804184,21,22,21,22,1,0,1
391,330000,浙江,东部,2019,0.640056366227055,0.6233650759609556,0.658193559444936,0.6424017307622114,4,5,4,5,1,0,1
392,460000,海南,东部,2019,0.5668766645736316,0.5545702334752838,0.5848124343846042,0.5734353474800261,14,14,14,14,0,0,0
393,420000,湖北,中部,2019,0.5873279930499578,0.5741864211531426,0.6058229837919581,0.5936410697040901,11,12,11,12,1,0,1
394,430000,湖南,中部,2019,0.5431661137706575,0.5351379600647408,0.560071248043337,0.5530865128852798,17,17,17,17,0,0,0
395,620000,甘肃,西部,2019,0.469733002819084,0.4777887243094879,0.4834842365350935,0.4930310348329981,29,29,29,29,0,0,0
396,350000,福建,东部,2019,0.6130973589703549,0.6034676143794337,0.6324873245341203,0.6242198071873534,7,7,6,6,0,1,1
397,540000,西藏,西部,2019,0.4107959796187151,0.4017289165416503,0.4229421879231718,0.4143938556388238,31,31,31,31,0,0,0
398,520000,贵州,西部,2019,0.4846326079693308,0.4893337314298954,0.4992600486275582,0.5053935092851972,28,27,28,27,1,0,1
399,210000,辽宁,东部,2019,0.5119515641642967,0.4992879060578874,0.5289664255906129,0.5172884928958186,26,24,26,24,2,0,2
400,500000,重庆,西部,2019,0.5776072517151349,0.5696407458635285,0.5957965262589989,0.5890107018515567,13,13,13,13,0,0,0
401,610000,陕西,西部,2019,0.5451807837875073,0.5466459585431613,0.5620570330301632,0.565032141058176,16,15,16,15,1,0,1
402,630000,青海,西部,2019,0.5224306909206982,0.5222272761577864,0.53791656347407,0.5389274377162062,22,20,22,20,2,0,2
403,230000,黑龙江,中部,2019,0.5162435036874646,0.4918635184533197,0.5319717164980862,0.5077369048126815,24,26,24,26,2,0,2
404,310000,上海,东部,2020,0.6024571784448549,0.5883631446980849,0.6250628986574679,0.6124861185889382,4,4,4,4,0,0,0
405,530000,云南,西部,2020,0.4515051728922104,0.446724355104151,0.4654096756716492,0.4615953886539743,30,30,30,30,0,0,0
406,150000,内蒙古,西部,2020,0.5392438816952533,0.5289801077060698,0.5561566808916689,0.5469122680853061,16,14,16,14,2,0,2
407,110000,北京,东部,2020,0.6784549055448296,0.6775211597451616,0.700575452101089,0.7016223843507914,1,1,1,1,0,0,0
408,220000,吉林,中部,2020,0.514002657895105,0.4899746498888167,0.5298972770463297,0.5060693015275972,25,27,25,27,2,0,2
409,510000,四川,西部,2020,0.5221682635434383,0.5080647072986771,0.5388354587635514,0.5255280657315646,22,22,22,22,0,0,0
410,120000,天津,东部,2020,0.5491414367642642,0.5220968728003144,0.567079214350978,0.5404557719305854,12,18,12,18,6,0,6
411,640000,宁夏,西部,2020,0.5290112673287447,0.5200122739179195,0.5450879775864697,0.5370615531088031,20,19,20,20,1,0,0
412,340000,安徽,中部,2020,0.5707633898350255,0.55905417567261,0.588525918684269,0.5778031081309845,10,10,10,10,0,0,0
413,370000,山东,东部,2020,0.5987618945605313,0.588041468541369,0.6180591598043134,0.6085669939904773,5,5,5,5,0,0,0
414,140000,山西,中部,2020,0.5920886752560205,0.5849395382609804,0.6104127225805391,0.6044790301825393,8,8,8,7,0,0,1
415,440000,广东,东部,2020,0.5924781479767764,0.5855323781536341,0.6124251957162249,0.607009067383969,7,6,7,6,1,0,1
416,450000,广西,西部,2020,0.5057584168447709,0.4909511721230293,0.5214629486560495,0.5073130496677445,26,26,26,26,0,0,0
417,650000,新疆,西部,2020,0.5388609965070229,0.5277693090102287,0.554693658141659,0.5444329500747718,17,15,17,16,2,0,1
418,320000,江苏,东部,2020,0.6311260836291166,0.6191181467431794,0.6515429096883817,0.6408588109443939,2,2,2,2,0,0,0
419,360000,江西,中部,2020,0.5435012389835314,0.5269814301944539,0.5605790901331397,0.5447532568483326,14,16,14,15,2,0,1
420,130000,河北,东部,2020,0.5985968615229438,0.5852309958482272,0.6166185719955937,0.6041362280680599,6,7,6,8,1,0,2
421,410000,河南,中部,2020,0.5144647953479617,0.4929324053269877,0.5308066759529408,0.5096839879084311,24,24,24,24,0,0,0
422,330000,浙江,东部,2020,0.620341341509652,0.6010904120028592,0.6411805825213814,0.6229702629792102,3,3,3,3,0,0,0
423,460000,海南,东部,2020,0.5479219260113739,0.5317400274269468,0.5648125109237573,0.5493167434980512,13,12,13,12,1,0,1
424,420000,湖北,中部,2020,0.540452655131761,0.5233435113067395,0.5574941862416806,0.5410625079030791,15,17,15,17,2,0,2
425,430000,湖南,中部,2020,0.5572887545419094,0.5482517375231751,0.5740557615903059,0.5660010948855733,11,11,11,11,0,0,0
426,620000,甘肃,西部,2020,0.4715357352445347,0.4774408707608224,0.4851698202753837,0.4924669741952304,29,29,29,29,0,0,0
427,350000,福建,东部,2020,0.5871982597255806,0.5739757373810336,0.6067908752730131,0.594805689133882,9,9,9,9,0,0,0
428,540000,西藏,西部,2020,0.4501687537226303,0.4419088443531675,0.4634009329189838,0.4557853974220135,31,31,31,31,0,0,0
429,520000,贵州,西部,2020,0.4897729609087455,0.4926494988578896,0.5047594055707587,0.5090677271912428,28,25,28,25,3,0,3
430,210000,辽宁,东部,2020,0.4986856375929328,0.4811150508076004,0.5156570705877432,0.498867107793966,27,28,27,28,1,0,1
431,500000,重庆,西部,2020,0.5313925190143156,0.5191950164943477,0.5487676571662983,0.5375541272691856,19,20,18,19,1,1,0
432,610000,陕西,西部,2020,0.5164546157539979,0.5139830578915532,0.532842541275407,0.531698548803413,23,21,23,21,2,0,2
433,630000,青海,西部,2020,0.532763382198378,0.5314131829296782,0.5482485069605187,0.5480484910765896,18,13,19,13,5,1,5
434,230000,黑龙江,中部,2020,0.5272408467957521,0.4996927540949003,0.5428864137330884,0.5153098918197013,21,23,21,23,2,0,2
435,310000,上海,东部,2021,0.6400405599141394,0.6269623464372979,0.6637073665646748,0.6522701703690557,3,3,3,3,0,0,0
436,530000,云南,西部,2021,0.4676378920190916,0.462991045059268,0.4821917942135002,0.4785905141044985,30,30,30,30,0,0,0
437,150000,内蒙古,西部,2021,0.55513801992718,0.5440539027225417,0.572767431390909,0.5627569932562198,16,17,16,16,1,0,0
438,110000,北京,东部,2021,0.6828449588437635,0.6808157193079878,0.7055781950601979,0.7055779601268071,1,1,1,1,0,0,0
439,220000,吉林,中部,2021,0.5296192304256644,0.5051299483620006,0.5461428517460171,0.5219002876451801,21,24,21,24,3,0,3
440,510000,四川,西部,2021,0.5266196449557596,0.5117854165438414,0.5437018870532118,0.529692879216163,22,22,22,22,0,0,0
441,120000,天津,东部,2021,0.552559565090615,0.5256162929359266,0.5708396719335607,0.5443915789475546,17,20,17,20,3,0,3
442,640000,宁夏,西部,2021,0.5264654250325405,0.5153930382559765,0.5426669756592596,0.5325111431913819,23,21,23,21,2,0,2
443,340000,安徽,中部,2021,0.5908293519879082,0.579529458226854,0.6092023353079007,0.5989587738566104,9,9,9,9,0,0,0
444,370000,山东,东部,2021,0.6168170042602557,0.6055296560954337,0.6367771362202713,0.6267619837426411,5,4,6,4,1,1,1
445,140000,山西,中部,2021,0.6065682647075503,0.5988084257742904,0.6256832925065086,0.6192107115635346,7,7,8,8,0,1,1
446,440000,广东,东部,2021,0.6054099441225228,0.5985130556941808,0.6257457327985843,0.6204336339805502,8,8,7,7,0,1,1
447,450000,广西,西部,2021,0.5191950617151114,0.5034931617157529,0.5352678740147453,0.5202144429213867,27,25,27,25,2,0,2
448,650000,新疆,西部,2021,0.5465077713226175,0.5341041145342431,0.5622823389184972,0.5506405491751372,19,18,19,18,1,0,1
449,320000,江苏,东部,2021,0.657246130408488,0.6458154910603721,0.6782494360875733,0.6682093185594078,2,2,2,2,0,0,0
450,360000,江西,中部,2021,0.5895175734160942,0.5750006110705999,0.6078322101447167,0.5941978212631942,10,11,10,11,1,0,1
451,130000,河北,东部,2021,0.5819665900608766,0.5656972251672855,0.5999174725098442,0.5844367982674052,12,13,12,13,1,0,1
452,410000,河南,中部,2021,0.520947113358156,0.4989542890163871,0.5377350098952532,0.5162000224944046,26,26,26,26,0,0,0
453,330000,浙江,东部,2021,0.6223914294765723,0.6027931138462848,0.6431579557513807,0.6245958072499502,4,6,4,6,2,0,2
454,460000,海南,东部,2021,0.5808470417874453,0.565763285973266,0.5987386018729975,0.5845053382713319,13,12,13,12,1,0,1
455,420000,湖北,中部,2021,0.5666887795925718,0.5502444803375187,0.5849853314075046,0.5693908601072054,15,15,15,15,0,0,0
456,430000,湖南,中部,2021,0.569453358515521,0.5595907540264903,0.5866492492457295,0.5777766600433184,14,14,14,14,0,0,0
457,620000,甘肃,西部,2021,0.4770196782512161,0.480736215933875,0.4911655276359245,0.4962561341146874,29,29,29,29,0,0,0
458,350000,福建,东部,2021,0.6166196163343164,0.6038496802238649,0.6370719619530938,0.6256402380600776,6,5,5,5,1,1,1
459,540000,西藏,西部,2021,0.4550296137637935,0.4452474505857982,0.468576858724276,0.4594136446591543,31,31,31,31,0,0,0
460,520000,贵州,西部,2021,0.4965256746342024,0.4986643545720001,0.5118579186404371,0.5154442709009335,28,27,28,27,1,0,1
461,210000,辽宁,东部,2021,0.5242276720131639,0.5064275038737193,0.5418868863857654,0.5249162375752976,24,23,24,23,1,0,1
462,500000,重庆,西部,2021,0.5875318013686621,0.5776425904528688,0.6062809765117362,0.5975617294275514,11,10,11,10,1,0,1
463,610000,陕西,西部,2021,0.5325670295316595,0.5290738408073228,0.5497327788759593,0.547614880511315,20,19,20,19,1,0,1
464,630000,青海,西部,2021,0.5482707963256782,0.5451008585104341,0.5642169437472141,0.5621459601353944,18,16,18,17,2,0,1
465,230000,黑龙江,中部,2021,0.5227936098330692,0.4940361275896274,0.5386805269073198,0.509899873406258,25,28,25,28,3,0,3
466,310000,上海,东部,2022,0.6339717172662891,0.6196072569697229,0.6571019419023019,0.6442299577897942,3,3,3,3,0,0,0
467,530000,云南,西部,2022,0.4649368139427608,0.457293768733389,0.4791516365718821,0.472357586459117,31,30,31,30,1,0,1
468,150000,内蒙古,西部,2022,0.5483467656627474,0.5351899000081475,0.5662323847969108,0.5540978380736671,19,19,19,18,0,0,1
469,110000,北京,东部,2022,0.6710169029134482,0.6673728147298235,0.6934448653989199,0.691721419810734,1,1,1,1,0,0,0
470,220000,吉林,中部,2022,0.5197282552123991,0.4928154988260648,0.5358759094812264,0.5090523027205038,25,26,25,27,1,0,2
471,510000,四川,西部,2022,0.5307477754131982,0.51497325202079,0.5477490560724579,0.5327355950348315,23,22,22,22,1,1,1
472,120000,天津,东部,2022,0.5454381686993929,0.5177046815470705,0.5639414902842383,0.5366989120452265,20,21,20,21,1,0,1
473,640000,宁夏,西部,2022,0.5387990680486393,0.5271488926563916,0.5554612914744093,0.5447277629285701,21,20,21,20,1,0,1
474,340000,安徽,中部,2022,0.595246959960678,0.5833018527078475,0.6135548030576451,0.6026243615758223,11,11,11,11,0,0,0
475,370000,山东,东部,2022,0.6079621971828505,0.5949132254093304,0.6277621221183712,0.6158941752191675,6,7,6,7,1,0,1
476,140000,山西,中部,2022,0.6050520719974026,0.5966385790711217,0.6242939538670655,0.6171639024227679,7,5,7,6,2,0,1
477,440000,广东,东部,2022,0.5989613587202592,0.5903074163427503,0.6193071863611064,0.6121494762570167,10,9,9,9,1,1,1
478,450000,广西,西部,2022,0.5310844300429154,0.5140219465470027,0.5474767707512591,0.5310141421479772,22,23,23,23,1,1,1
479,650000,新疆,西部,2022,0.5513472974189002,0.5366558168147085,0.567583684542055,0.5535834427054583,18,18,18,19,0,0,1
480,320000,江苏,东部,2022,0.6445964611562285,0.6311814959912818,0.6650329743685242,0.6528645708786014,2,2,2,2,0,0,0
481,360000,江西,中部,2022,0.598967133309534,0.5840617473749717,0.6174097189415659,0.6033771978348039,9,10,10,10,1,1,1
482,130000,河北,东部,2022,0.577203582563366,0.5591126699439197,0.5949809755544625,0.5775799251697067,12,12,12,12,0,0,0
483,410000,河南,中部,2022,0.5149472611377057,0.4910136017826398,0.5313314383280832,0.507724547710062,26,29,26,28,3,0,2
484,330000,浙江,东部,2022,0.6273428498259733,0.6068046655011761,0.6472817837908353,0.6276467518421646,4,4,4,4,0,0,0
485,460000,海南,东部,2022,0.573999802424754,0.5549788176577282,0.5920325197628489,0.5736877244597102,13,14,13,14,1,0,1
486,420000,湖北,中部,2022,0.5713643076438508,0.5540777165943781,0.5895932368118127,0.57310592716336,14,15,14,15,1,0,1
487,430000,湖南,中部,2022,0.5604364098009339,0.5491397573777044,0.5773033623569837,0.566902427591917,16,17,16,17,1,0,1
488,620000,甘肃,西部,2022,0.4893430972263949,0.4916445160512544,0.5036381683498405,0.507234565517503,29,27,29,29,2,0,0
489,350000,福建,东部,2022,0.6103557686257249,0.5959222241458455,0.6307077427687974,0.6175228428902386,5,6,5,5,1,0,0
490,540000,西藏,西部,2022,0.4657912076746791,0.4548381914530134,0.479636934977919,0.4692708147378734,30,31,30,31,1,0,1
491,520000,贵州,西部,2022,0.5012239243925435,0.5024847288008806,0.5167785693362652,0.5194814039842969,28,24,28,24,4,0,4
492,210000,辽宁,东部,2022,0.5107717128275311,0.491209170364119,0.5280900026533115,0.5092324213221466,27,28,27,26,1,0,1
493,500000,重庆,西部,2022,0.6027232357106008,0.5925025350607133,0.6217267557392204,0.6126663885183564,8,8,8,8,0,0,0
494,610000,陕西,西部,2022,0.5536337100749505,0.5498886607900928,0.5714364165103297,0.5691054345981307,17,16,17,16,1,0,1
495,630000,青海,西部,2022,0.5619641620579481,0.5570568571113165,0.5782782609239684,0.5744115417994841,15,13,15,13,2,0,2
496,230000,黑龙江,中部,2022,0.5255496906791516,0.4970949429185233,0.5416574456690236,0.5132061929674522,24,25,24,25,1,0,1
497,310000,上海,东部,2023,0.6619679911971578,0.6485446207672941,0.6858034554177216,0.6739764351300614,2,2,2,2,0,0,0
498,530000,云南,西部,2023,0.4927411586822988,0.4837126953974823,0.5077339148998962,0.4995610234079094,31,31,31,31,0,0,0
499,150000,内蒙古,西部,2023,0.5550408815098103,0.54052256725434,0.5721286878340321,0.5584848976681596,20,20,19,20,0,1,0
500,110000,北京,东部,2023,0.6805962996562915,0.6764632404314896,0.703009346412741,0.7007819256276018,1,1,1,1,0,0,0
501,220000,吉林,中部,2023,0.5510964151207464,0.5253310010558256,0.5677379693191765,0.5421369641046023,22,22,22,22,0,0,0
502,510000,四川,西部,2023,0.5535992174464206,0.5380242403564437,0.5712892586101924,0.5565510189255424,21,21,21,21,0,0,0
503,120000,天津,东部,2023,0.5481044117558409,0.5196379572602404,0.5656913718342851,0.5375875112874068,23,23,23,23,0,0,0
504,640000,宁夏,西部,2023,0.5552742568926131,0.5428796443062459,0.5715489473176829,0.5599751910561526,19,19,20,19,0,1,0
505,340000,安徽,中部,2023,0.6022853578157508,0.5891812394543788,0.6207690513067526,0.6086489263907432,10,10,10,10,0,0,0
506,370000,山东,东部,2023,0.6177231486258348,0.6040354816426294,0.6375122331177627,0.6249794834376252,6,6,6,6,0,0,0
507,140000,山西,中部,2023,0.5940873513547553,0.5826215148033043,0.6126609843239783,0.6022728738130521,11,12,11,12,1,0,1
508,440000,广东,东部,2023,0.6060179403468218,0.5964592745688199,0.6261883003110664,0.6180790098552756,9,9,9,9,0,0,0
509,450000,广西,西部,2023,0.5322606924150931,0.5135876844538726,0.5485365320608484,0.5303856033908432,25,25,25,25,0,0,0
510,650000,新疆,西部,2023,0.5678536756147323,0.5526752236765995,0.5838328501764526,0.5693001982341972,16,17,17,17,1,1,1
511,320000,江苏,东部,2023,0.6502551467008395,0.6362437494218756,0.6707421346667701,0.657968753827654,3,3,3,3,0,0,0
512,360000,江西,中部,2023,0.6168930506234183,0.6015806553801128,0.6357110473066379,0.6212776513289116,7,8,7,8,1,0,1
513,130000,河北,东部,2023,0.5841772238869241,0.5659413393561123,0.6017641839416754,0.5841944243246313,14,14,14,14,0,0,0
514,410000,河南,中部,2023,0.530841579399218,0.506595226781196,0.5476141526215121,0.523716663972638,26,26,26,26,0,0,0
515,330000,浙江,东部,2023,0.6447346128587129,0.6245029845223348,0.6652806822606346,0.6460330053853431,4,4,4,4,0,0,0
516,460000,海南,东部,2023,0.5682637028391405,0.5479268130685433,0.5856955305619567,0.5659394236864354,15,18,15,18,3,0,3
517,420000,湖北,中部,2023,0.5926451530308945,0.5754280177941647,0.6112354157749155,0.5948441295468103,12,13,12,13,1,0,1
518,430000,湖南,中部,2023,0.5678529289262426,0.5553004624794042,0.5850596066191622,0.5733802795450643,17,16,16,16,1,1,1
519,620000,甘肃,西部,2023,0.5153953443700666,0.517834127499564,0.5300983203480015,0.5338548794277631,28,24,28,24,4,0,4
520,350000,福建,东部,2023,0.6260327526885422,0.6113069003500794,0.6464859841688291,0.6330124938628792,5,5,5,5,0,0,0
521,540000,西藏,西部,2023,0.5027134598326887,0.4922741719922256,0.5177136823186927,0.507989529857226,30,30,30,30,0,0,0
522,520000,贵州,西部,2023,0.5064428136448289,0.505005532035577,0.5221068826076104,0.5219953341333048,29,28,29,28,1,0,1
523,210000,辽宁,东部,2023,0.5234965030309837,0.5027477578771598,0.5406910726555116,0.5205745687346762,27,29,27,29,2,0,2
524,500000,重庆,西部,2023,0.614021087698958,0.6025345267136596,0.6335129420221982,0.6231844934794185,8,7,8,7,1,0,1
525,610000,陕西,西部,2023,0.5620359640292933,0.5569113049113676,0.5798658821161798,0.5760868335472066,18,15,18,15,3,0,3
526,630000,青海,西部,2023,0.5922113986109145,0.5867131925439422,0.6091565554662353,0.6047046649499019,13,11,13,11,2,0,2
527,230000,黑龙江,中部,2023,0.5351086518252007,0.5062585180622057,0.5512318059969133,0.5223694199155968,24,27,24,27,3,0,3
528,310000,上海,东部,2024,0.6677884644053532,0.65358398480789,0.6917661040333745,0.6791287038878983,2,2,2,2,0,0,0
529,530000,云南,西部,2024,0.4980388306577272,0.4875408739642726,0.5131840044522125,0.5034824338965364,31,31,31,31,0,0,0
530,150000,内蒙古,西部,2024,0.5623816099577497,0.5473347940960748,0.5796632244670032,0.565478322042198,20,19,19,19,1,1,1
531,110000,北京,东部,2024,0.6838891452943433,0.6785285847575933,0.7064280205900488,0.7029267776825722,1,1,1,1,0,0,0
532,220000,吉林,中部,2024,0.5579384480011504,0.5316632920416174,0.5747818857640572,0.548661948223222,21,22,21,22,1,0,1
533,510000,四川,西部,2024,0.5565859559282003,0.5400486063456915,0.5743240807442408,0.5585777781603051,22,21,22,21,1,0,1
534,120000,天津,东部,2024,0.5478339976453406,0.5184814550438788,0.5653237200083876,0.5362758762791878,23,24,23,24,1,0,1
535,640000,宁夏,西部,2024,0.562876219967628,0.5496413927309268,0.579333295493363,0.566888927357736,19,18,20,18,1,1,1
536,340000,安徽,中部,2024,0.6068385916431596,0.5928548253520447,0.6254440942108211,0.6124107016941297,10,11,10,11,1,0,1
537,370000,山东,东部,2024,0.6199175112935162,0.6056206079039714,0.6398230372939708,0.6266661717560723,8,7,8,7,1,0,1
538,140000,山西,中部,2024,0.6065266604059597,0.5946715570351897,0.6253417829410663,0.6145519470887091,11,10,11,10,1,0,1
539,440000,广东,东部,2024,0.610713009175646,0.6000003445663556,0.6310373527705238,0.6217317006881415,9,9,9,9,0,0,0
540,450000,广西,西部,2024,0.5336024444003505,0.5134798551124606,0.5499164174337282,0.5302493157675738,25,25,25,25,0,0,0
541,650000,新疆,西部,2024,0.5761049830928334,0.5599244793650731,0.5923975014361412,0.5768445741579913,15,17,15,17,2,0,2
542,320000,江苏,东部,2024,0.6565646637751088,0.6421211873149142,0.6772863894254824,0.664083164650138,3,3,3,3,0,0,0
543,360000,江西,中部,2024,0.6213668140791164,0.6053093794575708,0.6402688172344768,0.6250569911746732,6,8,7,8,2,1,2
544,130000,河北,东部,2024,0.584914186672385,0.5656613518740009,0.602438993319591,0.5837916707451356,14,14,14,15,0,0,1
545,410000,河南,中部,2024,0.5305994770816416,0.5053465166988416,0.5473326926471371,0.5223751810639508,27,29,27,29,2,0,2
546,330000,浙江,东部,2024,0.6510477775506993,0.6303678002375787,0.6717735294534336,0.6520696011670744,4,4,4,4,0,0,0
547,460000,海南,东部,2024,0.5676985214597076,0.5456789595723233,0.5850999609791148,0.5635767546629604,18,20,18,20,2,0,2
548,420000,湖北,中部,2024,0.5964543763273631,0.578634036821318,0.6151956115800571,0.5981879383181943,12,13,12,13,1,0,1
549,430000,湖南,中部,2024,0.5735816824365045,0.5601688027156873,0.5910186580020911,0.5784610968890583,16,16,16,16,0,0,0
550,620000,甘肃,西部,2024,0.5200595181153543,0.5209604554248566,0.5349029310053245,0.5370589412449475,28,23,28,23,5,0,5
551,350000,福建,东部,2024,0.6297484101273333,0.6141293815073884,0.6502755427056346,0.6358692141919384,5,5,5,5,0,0,0
552,540000,西藏,西部,2024,0.507827387471904,0.49678813473299,0.5230633840802155,0.5127366471948679,30,30,30,30,0,0,0
553,520000,贵州,西部,2024,0.5143973620346732,0.5113518779488311,0.5302423207379814,0.5284542045536127,29,26,29,27,3,0,2
554,210000,辽宁,东部,2024,0.5315663106034212,0.5105938133663946,0.5489556838696272,0.5286155629098876,26,27,26,26,1,0,0
555,500000,重庆,西部,2024,0.620695960429488,0.6085989127219049,0.6403793483123116,0.6294255571442273,7,6,6,6,1,1,1
556,610000,陕西,西部,2024,0.571547945149868,0.5653700287387556,0.5895027981337513,0.5846151998536526,17,15,17,14,2,0,3
557,630000,青海,西部,2024,0.5955087169820519,0.5884628432280877,0.612539788990811,0.6064713791377312,13,12,13,12,1,0,1
558,230000,黑龙江,中部,2024,0.5396642415230654,0.5103929835730566,0.5557900068058595,0.5264744409129944,24,28,24,28,4,0,4
