row_id,ADMINCODE,REGION,ZONE,YEAR,URIR,REPC
1,310000,上海,东部,2007,2.406725,7368.240343
2,310000,上海,东部,2008,2.418133,7297.131148
3,310000,上海,东部,2009,2.403802,7611.111111
4,310000,上海,东部,2010,2.378047,7946.341463
5,310000,上海,东部,2011,2.356167,8106.349206
6,310000,上海,东部,2012,2.35675,8131.51751
7,310000,上海,东部,2013,2.336422,34289.411765
8,310000,上海,东部,2014,2.30469,33546.969697
9,310000,上海,东部,2015,2.282353,32595.390071
10,310000,上海,东部,2016,2.260658,36281.180812
11,310000,上海,东部,2017,2.249632,37665.427509
12,310000,上海,东部,2018,2.239802,39160.594796
13,310000,上海,东部,2019,2.217653,41274.906367
14,310000,上海,东部,2020,2.189482,382.706767
15,310000,上海,东部,2021,2.139846,425.56391
16,310000,上海,东部,2022,2.11518,230.681818
17,310000,上海,东部,2023,2.081441,474.045802
18,310000,上海,东部,2024,2.039589,
19,530000,云南,西部,2007,3.970932,156.962435
20,530000,云南,西部,2008,3.845878,165.703022
21,530000,云南,西部,2009,3.818629,180.344713
22,530000,云南,西部,2010,3.58863,205.224626
23,530000,云南,西部,2011,3.473114,227.918089
24,530000,云南,西部,2012,3.435245,258.968059
25,530000,云南,西部,2013,3.340274,295.763016
26,530000,云南,西部,2014,3.258986,318.537477
27,530000,云南,西部,2015,3.19983,343.667794
28,530000,云南,西部,2016,3.171951,367.94129
29,530000,云南,西部,2017,3.142973,405.95002
30,530000,云南,西部,2018,3.109955,424.514563
31,530000,云南,西部,2019,3.044698,497.603306
32,530000,云南,西部,2020,2.920106,695.125053
33,530000,云南,西部,2021,2.881243,756.750871
34,530000,云南,西部,2022,2.783918,731.421006
35,530000,云南,西部,2023,2.662612,931.045455
36,530000,云南,西部,2024,2.596676,
37,150000,内蒙古,西部,2007,3.073123,281.585467
38,150000,内蒙古,西部,2008,3.035995,309.322034
39,150000,内蒙古,西部,2009,3.138246,359.075044
40,150000,内蒙古,西部,2010,3.122837,440.090909
41,150000,内蒙古,西部,2011,2.998127,492.931197
42,150000,内蒙古,西部,2012,2.967697,538.04878
43,150000,内蒙古,西部,2013,2.894157,604.056795
44,150000,内蒙古,西部,2014,2.84182,660.251046
45,150000,内蒙古,西部,2015,2.839087,781.189189
46,150000,内蒙古,西部,2016,2.840469,796.973094
47,150000,内蒙古,西部,2017,2.834552,916.376307
48,150000,内蒙古,西部,2018,2.775121,1024.071856
49,150000,内蒙古,西部,2019,2.668455,1125.432099
50,150000,内蒙古,西部,2020,2.496107,1382.330346
51,150000,内蒙古,西部,2021,2.42008,1569.986894
52,150000,内蒙古,西部,2022,2.357059,1369.893899
53,150000,内蒙古,西部,2023,2.293766,2443.621399
54,150000,内蒙古,西部,2024,2.257375,
55,110000,北京,东部,2007,2.654448,1581.538462
56,110000,北京,东部,2008,2.677875,1600.749064
57,110000,北京,东部,2009,2.680406,1573.835125
58,110000,北京,东部,2010,2.597995,1613.818182
59,110000,北京,东部,2011,2.646267,1627.240143
60,110000,北京,东部,2012,2.623235,1660.0
61,110000,北京,东部,2013,2.605929,1679.238754
62,110000,北京,东部,2014,2.572322,1725.59727
63,110000,北京,东部,2015,2.569838,1775.601375
64,110000,北京,东部,2016,2.567234,1880.068729
65,110000,北京,东部,2017,2.574505,2143.205575
66,110000,北京,东部,2018,2.566629,2301.766784
67,110000,北京,东部,2019,2.552855,2446.570397
68,110000,北京,东部,2020,2.509527,2391.208791
69,110000,北京,东部,2021,2.447767,2449.81685
70,110000,北京,东部,2022,2.41765,2237.269373
71,110000,北京,东部,2023,2.372986,2745.864662
72,110000,北京,东部,2024,2.319952,
73,220000,吉林,中部,2007,2.572102,255.121188
74,220000,吉林,中部,2008,2.472905,271.149335
75,220000,吉林,中部,2009,2.517209,293.119625
76,220000,吉林,中部,2010,2.327551,308.352849
77,220000,吉林,中部,2011,2.232512,334.724409
78,220000,吉林,中部,2012,2.213934,375.876121
79,220000,吉林,中部,2013,2.180861,408.382727
80,220000,吉林,中部,2014,2.153803,427.256792
81,220000,吉林,中部,2015,2.19857,448.057814
82,220000,吉林,中部,2016,2.188402,482.813975
83,220000,吉林,中部,2017,2.186795,520.235756
84,220000,吉林,中部,2018,2.194646,564.300412
85,220000,吉林,中部,2019,2.162493,584.451544
86,220000,吉林,中部,2020,2.078546,770.982143
87,220000,吉林,中部,2021,2.020519,831.149425
88,220000,吉林,中部,2022,1.956049,689.788732
89,220000,吉林,中部,2023,1.925996,1055.151515
90,220000,吉林,中部,2024,1.891277,
91,510000,四川,西部,2007,2.976287,235.594192
92,510000,四川,西部,2008,2.899631,251.629368
93,510000,四川,西部,2009,2.918753,266.633446
94,510000,四川,西部,2010,2.845185,294.389027
95,510000,四川,西部,2011,2.734358,316.847942
96,510000,四川,西部,2012,2.715285,340.524017
97,510000,四川,西部,2013,2.652189,366.367914
98,510000,四川,西部,2014,2.592426,389.45797
99,510000,四川,西部,2015,2.557334,412.287736
100,510000,四川,西部,2016,2.529233,443.722734
101,510000,四川,西部,2017,2.513045,471.45359
102,510000,四川,西部,2018,2.491636,513.362626
103,510000,四川,西部,2019,2.464485,552.038627
104,510000,四川,西部,2020,2.401469,708.337935
105,510000,四川,西部,2021,2.358122,773.57689
106,510000,四川,西部,2022,2.315392,841.886468
107,510000,四川,西部,2023,2.26384,968.289086
108,510000,四川,西部,2024,2.222034,
109,120000,天津,东部,2007,2.200438,1989.393939
110,120000,天津,东部,2008,2.300584,1708.58209
111,120000,天津,东部,2009,2.29487,1903.333333
112,120000,天津,东部,2010,2.232692,1916.917293
113,120000,天津,东部,2011,2.023114,1958.015267
114,120000,天津,东部,2012,1.95586,2032.283465
115,120000,天津,东部,2013,1.887579,2768.8
116,120000,天津,东部,2014,1.851769,4379.116466
117,120000,天津,东部,2015,1.845093,4164.227642
118,120000,天津,东部,2016,1.848476,3825.311203
119,120000,天津,东部,2017,1.851522,1737.931034
120,120000,天津,东部,2018,1.863256,1662.612613
121,120000,天津,东部,2019,1.859337,1808.294931
122,120000,天津,东部,2020,1.855085,2716.981132
123,120000,天津,东部,2021,1.841746,2982.692308
124,120000,天津,东部,2022,1.826556,2584.729064
125,120000,天津,东部,2023,1.794269,3580.808081
126,120000,天津,东部,2024,1.76387,
127,640000,宁夏,西部,2007,3.143653,310.818713
128,640000,宁夏,西部,2008,3.20538,322.058824
129,640000,宁夏,西部,2009,3.135755,300.0
130,640000,宁夏,西部,2010,2.944976,332.121212
131,640000,宁夏,西部,2011,2.91536,371.826625
132,640000,宁夏,西部,2012,2.878837,395.962733
133,640000,宁夏,西部,2013,2.826161,440.764331
134,640000,宁夏,西部,2014,2.768728,443.137255
135,640000,宁夏,西部,2015,2.761926,469.047619
136,640000,宁夏,西部,2016,2.75609,493.379791
137,640000,宁夏,西部,2017,2.744645,532.0
138,640000,宁夏,西部,2018,2.724206,559.479554
139,640000,宁夏,西部,2019,2.669778,617.624521
140,640000,宁夏,西部,2020,2.571819,1426.086957
141,640000,宁夏,西部,2021,2.496642,1651.626016
142,640000,宁夏,西部,2022,2.446379,1361.22449
143,640000,宁夏,西部,2023,2.385494,2175.210084
144,640000,宁夏,西部,2024,2.337576,
145,340000,安徽,中部,2007,2.983701,218.56
146,340000,安徽,中部,2008,2.83418,246.328767
147,340000,安徽,中部,2009,2.844895,276.084507
148,340000,安徽,中部,2010,2.694945,316.377025
149,340000,安徽,中部,2011,2.693437,355.717319
150,340000,安徽,中部,2012,2.648735,401.246106
151,340000,安徽,中部,2013,2.575028,443.273543
152,340000,安徽,中部,2014,2.504942,485.296053
153,340000,安徽,中部,2015,2.489234,531.896844
154,340000,安徽,中部,2016,2.487713,565.50035
155,340000,安徽,中部,2017,2.480013,618.671
156,340000,安徽,中部,2018,2.457345,670.834879
157,340000,安徽,中部,2019,2.435132,722.49809
158,340000,安徽,中部,2020,2.373165,1054.127358
159,340000,安徽,中部,2021,2.341008,1129.774376
160,340000,安徽,中部,2022,2.305645,1253.256862
161,340000,安徽,中部,2023,2.243946,1450.424448
162,340000,安徽,中部,2024,2.201049,
163,370000,山东,东部,2007,2.740268,818.323978
164,370000,山东,东部,2008,2.755775,810.557244
165,370000,山东,东部,2009,2.763406,848.447078
166,370000,山东,东部,2010,2.697043,910.284056
167,370000,山东,东部,2011,2.582251,961.297115
168,370000,山东,东部,2012,2.576899,1000.193257
169,370000,山东,东部,2013,2.515393,1039.197531
170,370000,山东,东部,2014,2.45935,1082.146078
171,370000,山东,东部,2015,2.439675,1136.160188
172,370000,山东,东部,2016,2.437437,1199.313052
173,370000,山东,东部,2017,2.433457,1241.611591
174,370000,山东,东部,2018,2.426766,1071.678682
175,370000,山东,东部,2019,2.381378,1131.084587
176,370000,山东,东部,2020,2.33168,1291.640043
177,370000,山东,东部,2021,2.263441,1384.64685
178,370000,山东,东部,2022,2.218453,1285.238624
179,370000,山东,东部,2023,2.169036,1742.39037
180,370000,山东,东部,2024,2.140476,
181,140000,山西,中部,2007,2.889811,399.894681
182,140000,山西,中部,2008,2.906473,421.955128
183,140000,山西,中部,2009,2.968356,438.681794
184,140000,山西,中部,2010,2.946988,437.156704
185,140000,山西,中部,2011,2.885944,484.340045
186,140000,山西,中部,2012,2.8641,549.797336
187,140000,山西,中部,2013,2.800101,598.919568
188,140000,山西,中部,2014,2.732319,602.233251
189,140000,山西,中部,2015,2.731965,623.502898
190,140000,山西,中部,2016,2.712954,649.267643
191,140000,山西,中部,2017,2.700408,683.138334
192,140000,山西,中部,2018,2.641277,721.337127
193,140000,山西,中部,2019,2.57805,774.741507
194,140000,山西,中部,2020,2.507062,1072.400612
195,140000,山西,中部,2021,2.445323,1228.829537
196,140000,山西,中部,2022,2.421859,1244.302789
197,140000,山西,中部,2023,2.337897,1598.105437
198,140000,山西,中部,2024,2.296356,
199,440000,广东,东部,2007,3.003517,2632.724719
200,440000,广东,东部,2008,2.928781,2624.613687
201,440000,广东,东部,2009,2.953191,2683.576052
202,440000,广东,东部,2010,2.850347,2957.405834
203,440000,广东,东部,2011,2.701091,3156.062291
204,440000,广东,东部,2012,2.69837,3274.055693
205,440000,广东,东部,2013,2.668684,3433.926585
206,440000,广东,东部,2014,2.625184,3644.937587
207,440000,广东,东部,2015,2.601572,3724.234766
208,440000,广东,东部,2016,2.596748,3754.655415
209,440000,广东,东部,2017,2.596641,3983.023649
210,440000,广东,东部,2018,2.58277,4145.647802
211,440000,广东,东部,2019,2.55702,4238.992974
212,440000,广东,东部,2020,2.495011,1886.055777
213,440000,广东,东部,2021,2.459159,2145.431945
214,440000,广东,东部,2022,2.411433,1768.515038
215,440000,广东,东部,2023,2.358882,2447.038104
216,440000,广东,东部,2024,2.305698,
217,450000,广西,西部,2007,3.33976,132.598684
218,450000,广西,西部,2008,3.337919,148.119543
219,450000,广西,西部,2009,3.337171,164.227642
220,450000,广西,西部,2010,3.186229,181.561822
221,450000,广西,西部,2011,3.057804,207.689464
222,450000,广西,西部,2012,2.999855,238.635507
223,450000,广西,西部,2013,2.911459,263.303812
224,450000,广西,西部,2014,2.841069,298.862745
225,450000,广西,西部,2015,2.790324,335.371703
226,450000,广西,西部,2016,2.734241,386.896552
227,450000,广西,西部,2017,2.693333,426.927835
228,450000,广西,西部,2018,2.608444,454.259337
229,450000,广西,西部,2019,2.540582,539.778062
230,450000,广西,西部,2020,2.420452,920.443671
231,450000,广西,西部,2021,2.354703,1046.531153
232,450000,广西,西部,2022,2.277462,947.229669
233,450000,广西,西部,2023,2.213068,1245.421077
234,450000,广西,西部,2024,2.157161,
235,650000,新疆,西部,2007,3.20868,359.529412
236,650000,新疆,西部,2008,3.228848,418.973561
237,650000,新疆,西部,2009,3.12,452.38829
238,650000,新疆,西部,2010,2.90006,516.385542
239,650000,新疆,西部,2011,2.812916,572.284345
240,650000,新疆,西部,2012,2.765998,603.102625
241,650000,新疆,西部,2013,2.687779,667.09062
242,650000,新疆,西部,2014,2.660935,780.274859
243,650000,新疆,西部,2015,2.787798,851.636661
244,650000,新疆,西部,2016,2.795149,898.33887
245,650000,新疆,西部,2017,2.786329,931.517184
246,650000,新疆,西部,2018,2.736033,1031.406385
247,650000,新疆,西部,2019,2.64167,1096.924429
248,650000,新疆,西部,2020,2.478515,1930.461812
249,650000,新疆,西部,2021,2.416822,2438.301716
250,650000,新疆,西部,2022,2.320846,2008.448118
251,650000,新疆,西部,2023,2.260865,2956.18508
252,650000,新疆,西部,2024,2.204149,
253,320000,江苏,东部,2007,2.450482,3207.055894
254,320000,江苏,东部,2008,2.487708,3479.391035
255,320000,江苏,东部,2009,2.511429,3796.482122
256,320000,江苏,东部,2010,2.456491,4748.194713
257,320000,江苏,东部,2011,2.379933,5271.751969
258,320000,江苏,东部,2012,2.374351,5647.170439
259,320000,江苏,东部,2013,2.335996,6177.09976
260,320000,江苏,东部,2014,2.296163,6461.021127
261,320000,江苏,东部,2015,2.286584,6793.155753
262,320000,江苏,东部,2016,2.280586,7178.456221
263,320000,江苏,东部,2017,2.27696,7515.883758
264,320000,江苏,东部,2018,2.264332,7945.499383
265,320000,江苏,东部,2019,2.251643,8358.104631
266,320000,江苏,东部,2020,2.194479,2130.653043
267,320000,江苏,东部,2021,2.155313,2347.563177
268,320000,江苏,东部,2022,2.112547,2488.613407
269,320000,江苏,东部,2023,2.073308,2868.75
270,320000,江苏,东部,2024,2.041494,
271,360000,江西,中部,2007,2.782033,240.038023
272,360000,江西,中部,2008,2.68666,226.821705
273,360000,江西,中部,2009,2.704849,259.769658
274,360000,江西,中部,2010,2.613253,286.738782
275,360000,江西,中部,2011,2.480303,318.335393
276,360000,江西,中部,2012,2.478712,359.473237
277,360000,江西,中部,2013,2.433711,398.509426
278,360000,江西,中部,2014,2.402787,440.722348
279,360000,江西,中部,2015,2.379029,467.134175
280,360000,江西,中部,2016,2.362251,505.461576
281,360000,江西,中部,2017,2.355989,543.043043
282,360000,江西,中部,2018,2.338797,584.25974
283,360000,江西,中部,2019,2.313624,645.238095
284,360000,江西,中部,2020,2.270538,899.384787
285,360000,江西,中部,2021,2.231,960.137852
286,360000,江西,中部,2022,2.191864,1086.138614
287,360000,江西,中部,2023,2.132878,1203.423423
288,360000,江西,中部,2024,2.09562,
289,130000,河北,东部,2007,2.671138,1036.981678
290,130000,河北,东部,2008,2.744258,1031.773399
291,130000,河北,东部,2009,2.792645,1228.329543
292,130000,河北,东部,2010,2.661955,1281.768094
293,130000,河北,东部,2011,2.505357,1421.143583
294,130000,河北,东部,2012,2.478794,1531.562661
295,130000,河北,东部,2013,2.419134,1627.164731
296,130000,河北,东部,2014,2.370018,1702.615965
297,130000,河北,东部,2015,2.366483,1723.43662
298,130000,河北,东部,2016,2.370081,1765.961199
299,130000,河北,东部,2017,2.371555,1876.059774
300,130000,河北,东部,2018,2.350296,1594.067529
301,130000,河北,东部,2019,2.324725,1633.778502
302,130000,河北,东部,2020,2.264286,1525.939597
303,130000,河北,东部,2021,2.188844,1645.093296
304,130000,河北,东部,2022,2.131688,1656.414763
305,130000,河北,东部,2023,2.109,2165.152616
306,130000,河北,东部,2024,2.071111,
307,410000,河南,中部,2007,2.789605,363.53726
308,410000,河南,中部,2008,2.761344,376.923077
309,410000,河南,中部,2009,2.761058,436.142132
310,410000,河南,中部,2010,2.645056,465.784924
311,410000,河南,中部,2011,2.526971,500.390625
312,410000,河南,中部,2012,2.4919,524.466546
313,410000,河南,中部,2013,2.424016,565.697351
314,410000,河南,中部,2014,2.375276,591.0
315,410000,河南,中部,2015,2.356583,624.533074
316,410000,河南,中部,2016,2.328204,633.446486
317,410000,河南,中部,2017,2.323925,676.723606
318,410000,河南,中部,2018,2.304533,701.740607
319,410000,河南,中部,2019,2.255408,777.135954
320,410000,河南,中部,2020,2.157313,962.58181
321,410000,河南,中部,2021,2.115725,1048.861524
322,410000,河南,中部,2022,2.058298,1192.569002
323,410000,河南,中部,2023,2.006383,1382.71755
324,410000,河南,中部,2024,1.970323,
325,330000,浙江,东部,2007,2.29983,2946.373527
326,330000,浙江,东部,2008,2.249824,3056.153846
327,330000,浙江,东部,2009,2.23634,3194.101756
328,330000,浙江,东部,2010,2.183107,3661.004785
329,330000,浙江,东部,2011,2.137071,4038.095238
330,330000,浙江,东部,2012,2.141339,4124.561404
331,330000,浙江,东部,2013,2.119584,4338.01534
332,330000,浙江,东部,2014,2.085015,4386.337209
333,330000,浙江,东部,2015,2.069302,4491.865079
334,330000,浙江,东部,2016,2.065818,4724.94898
335,330000,浙江,东部,2017,2.054055,5092.022941
336,330000,浙江,东部,2018,2.035529,5360.499734
337,330000,浙江,东部,2019,2.014393,5666.280353
338,330000,浙江,东部,2020,1.963639,1905.666667
339,330000,浙江,东部,2021,1.943059,2373.93736
340,330000,浙江,东部,2022,1.897192,3287.435751
341,330000,浙江,东部,2023,1.86046,3362.119438
342,330000,浙江,东部,2024,1.828893,
343,460000,海南,东部,2007,2.736642,105.156951
344,460000,海南,东部,2008,2.692576,114.864865
345,460000,海南,东部,2009,2.701645,128.181818
346,460000,海南,东部,2010,2.736076,136.46789
347,460000,海南,东部,2011,2.639906,159.954751
348,460000,海南,东部,2012,2.615916,192.600897
349,460000,海南,东部,2013,2.546126,219.362187
350,460000,海南,东部,2014,2.470191,249.199085
351,460000,海南,东部,2015,2.427335,305.633803
352,460000,海南,东部,2016,2.402516,335.507246
353,460000,海南,东部,2017,2.388544,380.392157
354,460000,海南,东部,2018,2.383945,434.164589
355,460000,海南,东部,2019,2.38318,462.376238
356,460000,海南,东部,2020,2.278825,1364.925373
357,460000,海南,东部,2021,2.224663,1574.120603
358,460000,海南,东部,2022,2.098551,1164.89899
359,460000,海南,东部,2023,2.060122,1944.132653
360,460000,海南,东部,2024,2.000677,
361,420000,湖北,中部,2007,2.66464,276.591052
362,420000,湖北,中部,2008,2.598047,313.290735
363,420000,湖北,中部,2009,2.604136,336.969893
364,420000,湖北,中部,2010,2.492706,381.048247
365,420000,湖北,中部,2011,2.411538,404.24919
366,420000,湖北,中部,2012,2.403053,415.162722
367,420000,湖北,中部,2013,2.338836,493.328279
368,420000,湖北,中部,2014,2.290718,552.349515
369,420000,湖北,中部,2015,2.283941,595.209581
370,420000,湖北,中部,2016,2.309312,626.989336
371,420000,湖北,中部,2017,2.308789,660.911777
372,420000,湖北,中部,2018,2.300374,715.814558
373,420000,湖北,中部,2019,2.294003,789.345712
374,420000,湖北,中部,2020,2.251073,957.082552
375,420000,湖北,中部,2021,2.205926,972.110793
376,420000,湖北,中部,2022,2.162768,1125.375303
377,420000,湖北,中部,2023,2.112901,1374.801587
378,420000,湖北,中部,2024,2.080912,
379,430000,湖南,中部,2007,3.064586,201.849894
380,430000,湖南,中部,2008,2.971714,220.698998
381,430000,湖南,中部,2009,2.972444,238.279747
382,430000,湖南,中部,2010,2.841663,264.778523
383,430000,湖南,中部,2011,2.767439,292.738818
384,430000,湖南,中部,2012,2.763335,311.032731
385,430000,湖南,中部,2013,2.697087,343.113426
386,430000,湖南,中部,2014,2.641153,367.121257
387,430000,湖南,中部,2015,2.623306,380.675883
388,430000,湖南,中部,2016,2.622297,404.275686
389,430000,湖南,中部,2017,2.624304,427.109635
390,430000,湖南,中部,2018,2.603988,449.090285
391,430000,湖南,中部,2019,2.587983,470.725664
392,430000,湖南,中部,2020,2.5142,1130.948905
393,430000,湖南,中部,2021,2.452364,1241.491754
394,430000,湖南,中部,2022,2.419984,1268.676078
395,430000,湖南,中部,2023,2.353759,1243.629949
396,430000,湖南,中部,2024,2.307827,
397,620000,甘肃,西部,2007,4.163658,213.673233
398,620000,甘肃,西部,2008,3.884615,227.492625
399,620000,甘肃,西部,2009,3.848316,243.810096
400,620000,甘肃,西部,2010,3.688284,262.079511
401,620000,甘肃,西部,2011,3.671576,281.386633
402,620000,甘肃,西部,2012,3.646116,306.534273
403,620000,甘肃,西部,2013,3.555734,333.509934
404,620000,甘肃,西部,2014,3.473634,350.855578
405,620000,甘肃,西部,2015,3.426615,384.079602
406,620000,甘肃,西部,2016,3.445487,398.969831
407,620000,甘肃,西部,2017,3.437717,426.987768
408,620000,甘肃,西部,2018,3.402658,467.035573
409,620000,甘肃,西部,2019,3.356839,498.706548
410,620000,甘肃,西部,2020,3.269722,871.548117
411,620000,甘肃,西部,2021,3.165136,981.153184
412,620000,甘肃,西部,2022,3.088533,954.601227
413,620000,甘肃,西部,2023,3.033508,1238.559708
414,620000,甘肃,西部,2024,2.966466,
415,350000,福建,东部,2007,2.609119,1045.242165
416,350000,福建,东部,2008,2.643118,1226.19883
417,350000,福建,东部,2009,2.650051,1397.873633
418,350000,福建,东部,2010,2.629605,1625.568182
419,350000,福建,东部,2011,2.543789,1707.129338
420,350000,福建,东部,2012,2.523613,2001.599488
421,350000,福建,东部,2013,2.47032,2276.296783
422,350000,福建,东部,2014,2.428617,2452.768512
423,350000,福建,东部,2015,2.412456,2601.09215
424,350000,福建,东部,2016,2.401093,2688.461538
425,350000,福建,东部,2017,2.387573,2792.09202
426,350000,福建,东部,2018,2.36356,2980.590406
427,350000,福建,东部,2019,2.331357,3144.620015
428,350000,福建,东部,2020,2.258621,2266.307692
429,350000,福建,东部,2021,2.201558,2456.501182
430,350000,福建,东部,2022,2.1538,2217.825739
431,350000,福建,东部,2023,2.101377,2817.423617
432,350000,福建,东部,2024,2.060053,
433,540000,西藏,西部,2007,4.060791,28.193833
434,540000,西藏,西部,2008,4.004106,26.754386
435,540000,西藏,西部,2009,3.914464,32.608696
436,540000,西藏,西部,2010,3.700703,32.758621
437,540000,西藏,西部,2011,3.376177,36.401674
438,540000,西藏,西部,2012,3.222534,41.975309
439,540000,西藏,西部,2013,3.112162,44.813278
440,540000,西藏,西部,2014,2.991711,49.166667
441,540000,西藏,西部,2015,3.087943,54.468085
442,540000,西藏,西部,2016,3.057181,51.93133
443,540000,西藏,西部,2017,2.969119,57.51073
444,540000,西藏,西部,2018,2.951703,67.948718
445,540000,西藏,西部,2019,2.88858,105.084746
446,540000,西藏,西部,2020,2.81929,154.468085
447,540000,西藏,西部,2021,2.746456,206.465517
448,540000,西藏,西部,2022,2.677412,234.649123
449,540000,西藏,西部,2023,2.604899,364.125561
450,540000,西藏,西部,2024,2.569469,
451,520000,贵州,西部,2007,4.211401,116.001535
452,520000,贵州,西部,2008,3.908545,123.342487
453,520000,贵州,西部,2009,3.951852,133.104839
454,520000,贵州,西部,2010,3.734873,181.198437
455,520000,贵州,西部,2011,3.648144,209.289141
456,520000,贵州,西部,2012,3.606901,238.33698
457,520000,贵州,西部,2013,3.486775,274.335106
458,520000,贵州,西部,2014,3.380003,324.396905
459,520000,贵州,西部,2015,3.327467,378.817967
460,520000,贵州,西部,2016,3.305686,416.666667
461,520000,贵州,西部,2017,3.278836,478.661298
462,520000,贵州,西部,2018,3.251544,510.160705
463,520000,贵州,西部,2019,3.198587,562.0782
464,520000,贵州,西部,2020,3.100498,887.991146
465,520000,贵州,西部,2021,3.050016,954.803866
466,520000,贵州,西部,2022,2.997447,942.766935
467,520000,贵州,西部,2023,2.886684,1095.184968
468,520000,贵州,西部,2024,2.810166,
469,210000,辽宁,东部,2007,2.734509,1512.884835
470,210000,辽宁,东部,2008,2.756048,1631.612529
471,210000,辽宁,东部,2009,2.841594,1649.38989
472,210000,辽宁,东部,2010,2.771249,2168.27503
473,210000,辽宁,东部,2011,2.666583,2327.382465
474,210000,辽宁,东部,2012,2.674981,2484.630739
475,210000,辽宁,东部,2013,2.627399,2696.584699
476,210000,辽宁,东部,2014,2.598695,3015.807799
477,210000,辽宁,东部,2015,2.581571,3302.741703
478,210000,辽宁,东部,2016,2.552286,3636.228656
479,210000,辽宁,东部,2017,2.545501,4012.234043
480,210000,辽宁,东部,2018,2.547898,2399.84326
481,210000,辽宁,东部,2019,2.469394,1437.611698
482,210000,辽宁,东部,2020,2.313811,1343.375527
483,210000,辽宁,东部,2021,2.240256,1460.173913
484,210000,辽宁,东部,2022,2.210317,1147.837599
485,210000,辽宁,东部,2023,2.136387,1729.963899
486,210000,辽宁,东部,2024,2.109655,
487,500000,重庆,西部,2007,3.302809,332.760989
488,500000,重庆,西部,2008,3.176962,387.957746
489,500000,重庆,西部,2009,3.182357,444.219653
490,500000,重庆,西部,2010,2.981034,478.00738
491,500000,重庆,西部,2011,2.803482,531.09434
492,500000,重庆,西部,2012,2.790725,572.093023
493,500000,重庆,西部,2013,2.714942,606.050955
494,500000,重庆,西部,2014,2.649842,639.265306
495,500000,重庆,西部,2015,2.592956,660.524091
496,500000,重庆,西部,2016,2.563858,690.263158
497,500000,重庆,西部,2017,2.547318,728.909091
498,500000,重庆,西部,2018,2.531674,753.125
499,500000,重庆,西部,2019,2.507038,798.617966
500,500000,重庆,西部,2020,2.445205,841.836735
501,500000,重庆,西部,2021,2.403425,897.901364
502,500000,重庆,西部,2022,2.356392,947.052519
503,500000,重庆,西部,2023,2.278338,1000.774336
504,500000,重庆,西部,2024,2.240133,
505,610000,陕西,西部,2007,3.745751,463.033606
506,610000,陕西,西部,2008,3.739401,483.975848
507,610000,陕西,西部,2009,3.717356,522.459639
508,610000,陕西,西部,2010,3.427072,597.433366
509,610000,陕西,西部,2011,3.252371,662.563068
510,610000,陕西,西部,2012,3.22498,748.371849
511,610000,陕西,西部,2013,3.150874,613.517915
512,610000,陕西,西部,2014,3.071861,606.340378
513,610000,陕西,西部,2015,3.040626,633.199311
514,610000,陕西,西部,2016,3.02682,702.664298
515,610000,陕西,西部,2017,3.001461,799.328039
516,610000,陕西,西部,2018,2.971462,842.370744
517,610000,陕西,西部,2019,2.928606,902.554028
518,610000,陕西,西部,2020,2.843797,961.882194
519,610000,陕西,西部,2021,2.761139,1072.94854
520,610000,陕西,西部,2022,2.701923,1101.966292
521,610000,陕西,西部,2023,2.631415,1322.512709
522,610000,陕西,西部,2024,2.572724,
523,630000,青海,西部,2007,3.832551,104.229607
524,630000,青海,西部,2008,3.806686,112.5
525,630000,青海,西部,2009,3.797814,116.666667
526,630000,青海,西部,2010,3.590367,123.151125
527,630000,青海,西部,2011,3.388889,133.881579
528,630000,青海,西部,2012,3.277798,149.66443
529,630000,青海,西部,2013,3.149489,155.172414
530,630000,青海,西部,2014,3.062886,175.265018
531,630000,青海,西部,2015,3.093659,211.827957
532,630000,青海,西部,2016,3.088296,220.0
533,630000,青海,西部,2017,3.082752,245.977011
534,630000,青海,西部,2018,3.032329,260.956175
535,630000,青海,西部,2019,2.941995,293.82716
536,630000,青海,西部,2020,2.876843,588.185654
537,630000,青海,西部,2021,2.774552,624.137931
538,630000,青海,西部,2022,2.679579,635.371179
539,630000,青海,西部,2023,2.587934,785.520362
540,630000,青海,西部,2024,2.52414,
541,230000,黑龙江,中部,2007,2.655462,232.728304
542,230000,黑龙江,中部,2008,2.573266,259.378664
543,230000,黑龙江,中部,2009,2.621675,284.439225
544,230000,黑龙江,中部,2010,2.440563,327.823529
545,230000,黑龙江,中部,2011,2.262124,353.827461
546,230000,黑龙江,中部,2012,2.258157,400.560399
547,230000,黑龙江,中部,2013,2.225211,435.305592
548,230000,黑龙江,中部,2014,2.16292,472.875595
549,230000,黑龙江,中部,2015,2.181433,520.286738
550,230000,黑龙江,中部,2016,2.175118,575.129918
551,230000,黑龙江,中部,2017,2.167075,615.984556
552,230000,黑龙江,中部,2018,2.114677,680.921053
553,230000,黑龙江,中部,2019,2.065479,743.402778
554,230000,黑龙江,中部,2020,1.92448,1028.414299
555,230000,黑龙江,中部,2021,1.880821,1092.723881
556,230000,黑龙江,中部,2022,1.886311,823.973257
557,230000,黑龙江,中部,2023,1.847135,1193.942403
558,230000,黑龙江,中部,2024,1.822831,
