row_id,Unnamed: 0,a1,a2,a3,a4,a5,a6,a7,a8,a9,a10,a11,a12,a13,a14,a15,a16,a17,a18,a19,a20,a21,a22,a23,a24,a25,a26,a27,a28,a29,a30
1,a1,0.0,0.000108342489203785,1.74391175103777e-05,6.02754000398216e-06,5.54815338277715e-06,2.51369540070233e-06,1.32965769262304e-06,8.95298313572889e-07,9.21015651692689e-07,1.34984704831219e-06,8.22174310950011e-07,1.24048998879833e-06,4.28562893944257e-07,6.47389318035485e-07,7.8488700673347e-06,2.5995333118572e-06,9.22198306326059e-07,5.77367939163203e-07,2.90091788946168e-07,2.38585523355129e-07,1.97606942126148e-07,4.96406402592566e-07,4.40941650306123e-07,3.34261666552873e-07,2.33755388617288e-07,1.21328254225336e-06,7.12446975393955e-07,5.5622472884721e-07,1.27905303583493e-06,1.68797671044487e-07
2,a2,0.000108342489203785,0.0,1.37536409293591e-05,4.94352936523095e-06,3.77174375177277e-06,2.89005942497191e-06,1.41274507186678e-06,9.1897391988728e-07,1.095030191421e-06,1.61243499452291e-06,9.55106571353451e-07,1.43454326743178e-06,4.71329066846624e-07,7.04895304734144e-07,1.17402371430002e-05,2.72007528133009e-06,9.95927511946915e-07,6.06941533368208e-07,3.03878701732109e-07,2.43358319207468e-07,2.03471066167067e-07,4.89590125308892e-07,4.26461162624737e-07,3.35084292634781e-07,2.3133513102613e-07,1.14399153053766e-06,6.45063395910909e-07,5.05385442667835e-07,1.09421522815172e-06,1.56778006186745e-07
3,a3,1.74391175103777e-05,1.37536409293591e-05,0.0,3.03983093395445e-05,7.29781162845793e-06,1.36222570286993e-06,8.2164555855301e-07,5.9534294126833e-07,1.00435166008755e-06,1.70037665453842e-06,9.52054552217304e-07,1.68843290535666e-06,5.03540220672731e-07,8.61833576372457e-07,1.11346547495988e-05,6.11325667672439e-06,1.37142861919933e-06,8.06536764720484e-07,3.59942292353648e-07,2.99987307068984e-07,2.39702455725677e-07,7.17633523895433e-07,6.21966639241931e-07,4.4754075363024e-07,2.9889304549584e-07,2.22712749825906e-06,1.03429725205303e-06,7.55676164782226e-07,1.96732690885785e-06,1.82616392868482e-07
4,a4,6.02754000398216e-06,4.94352936523095e-06,3.03983093395445e-05,0.0,8.81502507345374e-06,9.3472327398729e-07,6.15702057258737e-07,4.69077953147961e-07,8.44776994935612e-07,1.45002203969492e-06,8.41015160398893e-07,1.54883375274162e-06,4.87113731237006e-07,8.88699347168188e-07,5.30309445198088e-06,7.88405361531871e-06,1.49384093843617e-06,9.08897347961612e-07,3.85042677955891e-07,3.36924880160943e-07,2.59986149981249e-07,9.34124741697383e-07,8.22777649721731e-07,5.37302628214998e-07,3.54990493486631e-07,3.91040917092359e-06,1.54890968731718e-06,1.05592020296434e-06,3.33123692033683e-06,2.0582721243735e-07
5,a5,5.54815338277715e-06,3.77174375177277e-06,7.29781162845793e-06,8.81502507345374e-06,0.0,9.99111907977611e-07,7.08558548149533e-07,5.61483165129792e-07,5.34360132266059e-07,7.79252429388297e-07,5.1594317023662e-07,7.92096310986109e-07,3.22909422972098e-07,5.1242325611718e-07,2.25483898509493e-06,2.08361956836507e-06,7.49659123669176e-07,5.24981683471439e-07,2.64673467994823e-07,2.43492746078129e-07,1.92278265757579e-07,6.00542552743286e-07,5.87264372903247e-07,3.7221352354214e-07,2.73789442680335e-07,1.79714977102702e-06,1.38856987965857e-06,1.04545087286379e-06,3.78086245827417e-06,2.47347155313588e-07
6,a6,2.51369540070233e-06,2.89005942497191e-06,1.36222570286993e-06,9.3472327398729e-07,9.99111907977611e-07,0.0,1.28334681822562e-05,3.88530356094261e-06,7.37670204751916e-07,7.76377649295203e-07,5.9947001843061e-07,6.56479075605481e-07,3.2359879922511e-07,3.83385015916451e-07,1.63406214446612e-06,7.38245268688751e-07,4.54680295286272e-07,3.17464645564072e-07,1.96732951380429e-07,1.54988660023485e-07,1.38386925551589e-07,2.4894720733498e-07,2.22959085425158e-07,1.91738701040809e-07,1.4210821096945e-07,4.31290159583325e-07,3.04414385083519e-07,2.59572333268543e-07,4.44215316586644e-07,1.16277173682389e-07
7,a7,1.32965769262304e-06,1.41274507186678e-06,8.2164555855301e-07,6.15702057258737e-07,7.08558548149533e-07,1.28334681822562e-05,0.0,1.87386065338723e-05,4.94246543787789e-07,5.02805363351455e-07,4.12960424984549e-07,4.3738529976159e-07,2.44690751385797e-07,2.79105416294612e-07,8.94729663895834e-07,4.86824027165189e-07,3.220968788427e-07,2.3708375858214e-07,1.55958030182459e-07,1.25874812044144e-07,1.13599070752167e-07,1.94294399265996e-07,1.77891377473e-07,1.53088403318996e-07,1.17418123490832e-07,3.18022645870874e-07,2.43661551030617e-07,2.13340285568614e-07,3.45821487542397e-07,1.09052963049143e-07
8,a8,8.95298313572889e-07,9.1897391988728e-07,5.9534294126833e-07,4.69077953147961e-07,5.61483165129792e-07,3.88530356094261e-06,1.87386065338723e-05,0.0,3.66656496017179e-07,3.71406685790235e-07,3.13347112019058e-07,3.29719616396616e-07,1.97259398698294e-07,2.2200776543626e-07,6.14317113972036e-07,3.69900286891602e-07,2.53282197294786e-07,1.92629128682328e-07,1.31099891494383e-07,1.08106717079238e-07,9.79608332808047e-08,1.63659229741111e-07,1.52344627191567e-07,1.30534768078312e-07,1.02610224976897e-07,2.59208932451823e-07,2.10022650133013e-07,1.87303564660159e-07,2.92666504490587e-07,1.05625191312212e-07
9,a9,9.21015651692689e-07,1.095030191421e-06,1.00435166008755e-06,8.44776994935612e-07,5.34360132266059e-07,7.37670204751916e-07,4.94246543787789e-07,3.66656496017179e-07,0.0,1.22203528286999e-05,4.0178768970177e-05,6.4412195186644e-06,2.75073217860465e-06,2.49691366872843e-06,1.99927137517108e-06,1.46829275803674e-06,2.12043955818686e-06,1.21792294992393e-06,6.87243843567446e-07,3.82238826771303e-07,3.61660833195382e-07,4.91685445438076e-07,3.6715353758832e-07,4.19172053148581e-07,2.57569536403616e-07,6.52479246050502e-07,3.32731258029431e-07,2.71319882326177e-07,3.94083069302129e-07,9.3349993076043e-08
10,a10,1.34984704831219e-06,1.61243499452291e-06,1.70037665453842e-06,1.45002203969492e-06,7.79252429388297e-07,7.76377649295203e-07,5.02805363351455e-07,3.71406685790235e-07,1.22203528286999e-05,0.0,1.47558664296396e-05,5.51677780343823e-05,2.23187142793611e-06,4.13912261893345e-06,3.92624743003272e-06,3.39002219681433e-06,4.95463605929675e-06,1.96502232892537e-06,7.89100884066629e-07,4.63336872042965e-07,4.0557042260731e-07,7.29400009505645e-07,5.22277494885768e-07,5.66398049376283e-07,3.27141182548908e-07,1.10311442523447e-06,4.77078329407596e-07,3.74555106117752e-07,5.77616680640703e-07,1.11457756890555e-07
11,a11,8.22174310950011e-07,9.55106571353451e-07,9.52054552217304e-07,8.41015160398893e-07,5.1594317023662e-07,5.9947001843061e-07,4.12960424984549e-07,3.13347112019058e-07,4.0178768970177e-05,1.47558664296396e-05,0.0,9.8681150453306e-06,4.59799528355943e-06,4.28234964910134e-06,1.76815366690593e-06,1.5975562808129e-06,3.07201802805328e-06,1.71092002701964e-06,9.09280832622021e-07,4.67617076732402e-07,4.41388544379447e-07,5.83000208462858e-07,4.20106648258906e-07,5.06042102534686e-07,2.97786516436965e-07,7.2588559010641e-07,3.55594303634762e-07,2.88341047966706e-07,4.07726291565116e-07,9.50830895439727e-08
12,a12,1.24048998879833e-06,1.43454326743178e-06,1.68843290535666e-06,1.54883375274162e-06,7.92096310986109e-07,6.56479075605481e-07,4.3738529976159e-07,3.29719616396616e-07,6.4412195186644e-06,5.51677780343823e-05,9.8681150453306e-06,0.0,2.44385952806145e-06,6.89511252136891e-06,3.38569199326617e-06,4.3299138843786e-06,1.0099992268013e-05,2.95176996485171e-06,9.60486296747244e-07,5.54692729966667e-07,4.70763618324843e-07,9.22856421775219e-07,6.31068770495461e-07,7.01306222875795e-07,3.83952724350648e-07,1.36364313664281e-06,5.41597316831352e-07,4.19317397709827e-07,6.36417029932847e-07,1.16693686288433e-07
13,a13,4.28562893944257e-07,4.71329066846624e-07,5.03540220672731e-07,4.87113731237006e-07,3.22909422972098e-07,3.2359879922511e-07,2.44690751385797e-07,1.97259398698294e-07,2.75073217860465e-06,2.23187142793611e-06,4.59799528355943e-06,2.44385952806145e-06,0.0,5.06301741042811e-06,7.29762137613566e-07,8.44453339685081e-07,2.12550421618131e-06,2.08540082624535e-06,2.07008811483366e-06,7.13976964125039e-07,7.71941879697738e-07,5.87650225859901e-07,4.10704104334578e-07,6.15697403619446e-07,3.51814198962127e-07,5.38573949435405e-07,2.894514269539e-07,2.4156466593424e-07,2.99248302586617e-07,8.34012063493931e-08
14,a14,6.47389318035485e-07,7.04895304734144e-07,8.61833576372457e-07,8.88699347168188e-07,5.1242325611718e-07,3.83385015916451e-07,2.79105416294612e-07,2.2200776543626e-07,2.49691366872843e-06,4.13912261893345e-06,4.28234964910134e-06,6.89511252136891e-06,5.06301741042811e-06,0.0,1.23211477418648e-06,2.0132387364929e-06,1.53752846990869e-05,1.17366890003745e-05,2.44463659243738e-06,1.01961549206598e-06,8.58806034668077e-07,1.27105070575694e-06,7.72556200690397e-07,1.15455111726849e-06,5.42885387421686e-07,1.17290442658038e-06,4.99116962748448e-07,3.95314234455899e-07,5.08894416485322e-07,1.09612875736757e-07
15,a15,7.8488700673347e-06,1.17402371430002e-05,1.11346547495988e-05,5.30309445198088e-06,2.25483898509493e-06,1.63406214446612e-06,8.94729663895834e-07,6.14317113972036e-07,1.99927137517108e-06,3.92624743003272e-06,1.76815366690593e-06,3.38569199326617e-06,7.29762137613566e-07,1.23211477418648e-06,0.0,6.52599901140522e-06,1.91333025694905e-06,9.7918828857159e-07,4.27969821909067e-07,3.20174872387469e-07,2.65668301306124e-07,6.55673962735126e-07,5.28575679206593e-07,4.43160995511083e-07,2.83274370293561e-07,1.54346813877918e-06,6.81669511027226e-07,5.18101544275423e-07,1.03878008036423e-06,1.44215054196627e-07
16,a16,2.5995333118572e-06,2.72007528133009e-06,6.11325667672439e-06,7.88405361531871e-06,2.08361956836507e-06,7.38245268688751e-07,4.86824027165189e-07,3.69900286891602e-07,1.46829275803674e-06,3.39002219681433e-06,1.5975562808129e-06,4.3299138843786e-06,8.44453339685081e-07,2.0132387364929e-06,6.52599901140522e-06,0.0,4.6606176663777e-06,1.98397163477209e-06,6.22861399600292e-07,4.91001135630582e-07,3.72674415973367e-07,1.40370753992436e-06,1.02404998185349e-06,7.92076946585634e-07,4.50469349784075e-07,5.04476657751267e-06,1.19260360430739e-06,8.24182608186336e-07,1.66530640564317e-06,1.66190947381492e-07
17,a17,9.22198306326059e-07,9.95927511946915e-07,1.37142861919933e-06,1.49384093843617e-06,7.49659123669176e-07,4.54680295286272e-07,3.220968788427e-07,2.53282197294786e-07,2.12043955818686e-06,4.95463605929675e-06,3.07201802805328e-06,1.0099992268013e-05,2.12550421618131e-06,1.53752846990869e-05,1.91333025694905e-06,4.6606176663777e-06,0.0,1.17403438299191e-05,1.50278144395994e-06,8.91305072851205e-07,6.74956317207647e-07,1.82365650701104e-06,1.05718666782935e-06,1.29179544598417e-06,5.92423754767048e-07,2.18127963642499e-06,7.22226646761503e-07,5.44097464803951e-07,7.59048461945022e-07,1.2957032396122e-07
18,a18,5.77367939163203e-07,6.06941533368208e-07,8.06536764720484e-07,9.08897347961612e-07,5.24981683471439e-07,3.17464645564072e-07,2.3708375858214e-07,1.92629128682328e-07,1.21792294992393e-06,1.96502232892537e-06,1.71092002701964e-06,2.95176996485171e-06,2.08540082624535e-06,1.17366890003745e-05,9.7918828857159e-07,1.98397163477209e-06,1.17403438299191e-05,0.0,3.14634547199275e-06,1.69489012828688e-06,1.14690797677537e-06,2.66940557950274e-06,1.3272761045887e-06,2.42923700652968e-06,8.75892030328649e-07,1.6667238898334e-06,6.63196557019539e-07,5.1695346666798e-07,6.12293606204239e-07,1.25082705343175e-07
19,a19,2.90091788946168e-07,3.03878701732109e-07,3.59942292353648e-07,3.85042677955891e-07,2.64673467994823e-07,1.96732951380429e-07,1.55958030182459e-07,1.31099891494383e-07,6.87243843567446e-07,7.89100884066629e-07,9.09280832622021e-07,9.60486296747244e-07,2.07008811483366e-06,2.44463659243738e-06,4.27969821909067e-07,6.22861399600292e-07,1.50278144395994e-06,3.14634547199275e-06,0.0,3.80874677342037e-06,4.79240742561566e-06,1.04399823781247e-06,6.75608891190692e-07,1.68350290089409e-06,8.10215824073853e-07,5.80616365414535e-07,3.39772629061881e-07,2.89845016282697e-07,3.02991788091126e-07,9.31944948396593e-08
20,a20,2.38585523355129e-07,2.43358319207468e-07,2.99987307068984e-07,3.36924880160943e-07,2.43492746078129e-07,1.54988660023485e-07,1.25874812044144e-07,1.08106717079238e-07,3.82238826771303e-07,4.63336872042965e-07,4.67617076732402e-07,5.54692729966667e-07,7.13976964125039e-07,1.01961549206598e-06,3.20174872387469e-07,4.91001135630582e-07,8.91305072851205e-07,1.69489012828688e-06,3.80874677342037e-06,0.0,8.44080792328731e-06,1.52990957217194e-06,1.0549128203529e-06,4.59203810932825e-06,2.34370092868788e-06,5.90020143773825e-07,4.02692357211412e-07,3.55446108083585e-07,3.19773746552459e-07,1.095836541758e-07
21,a21,1.97606942126148e-07,2.03471066167067e-07,2.39702455725677e-07,2.59986149981249e-07,1.92278265757579e-07,1.38386925551589e-07,1.13599070752167e-07,9.79608332808047e-08,3.61660833195382e-07,4.0557042260731e-07,4.41388544379447e-07,4.70763618324843e-07,7.71941879697738e-07,8.58806034668077e-07,2.65668301306124e-07,3.72674415973367e-07,6.74956317207647e-07,1.14690797677537e-06,4.79240742561566e-06,8.44080792328731e-06,0.0,7.86658869743624e-07,5.81971687717161e-07,1.54817755205465e-06,1.05099000512361e-06,3.98872155971836e-07,2.77225918574497e-07,2.47583499104257e-07,2.33691831979171e-07,8.83376329900544e-08
22,a22,4.96406402592566e-07,4.89590125308892e-07,7.17633523895433e-07,9.34124741697383e-07,6.00542552743286e-07,2.4894720733498e-07,1.94294399265996e-07,1.63659229741111e-07,4.91685445438076e-07,7.29400009505645e-07,5.83000208462858e-07,9.22856421775219e-07,5.87650225859901e-07,1.27105070575694e-06,6.55673962735126e-07,1.40370753992436e-06,1.82365650701104e-06,2.66940557950274e-06,1.04399823781247e-06,1.52990957217194e-06,7.86658869743624e-07,0.0,1.51009569366435e-05,7.67882481195969e-06,2.36722288634759e-06,3.37012664495437e-06,1.67866323496002e-06,1.25953306454863e-06,1.06964455043399e-06,1.89504777240322e-07
23,a23,4.40941650306123e-07,4.26461162624737e-07,6.21966639241931e-07,8.22777649721731e-07,5.87264372903247e-07,2.22959085425158e-07,1.77891377473e-07,1.52344627191567e-07,3.6715353758832e-07,5.22277494885768e-07,4.20106648258906e-07,6.31068770495461e-07,4.10704104334578e-07,7.72556200690397e-07,5.28575679206593e-07,1.02404998185349e-06,1.05718666782935e-06,1.3272761045887e-06,6.75608891190692e-07,1.0549128203529e-06,5.81971687717161e-07,1.51009569366435e-05,0.0,3.88257343987251e-06,2.62139490345393e-06,2.79557117671297e-06,2.52127353066678e-06,2.00140821977239e-06,1.24166300599827e-06,2.33511247008064e-07
24,a24,3.34261666552873e-07,3.35084292634781e-07,4.4754075363024e-07,5.37302628214998e-07,3.7221352354214e-07,1.91738701040809e-07,1.53088403318996e-07,1.30534768078312e-07,4.19172053148581e-07,5.66398049376283e-07,5.06042102534686e-07,7.01306222875795e-07,6.15697403619446e-07,1.15455111726849e-06,4.43160995511083e-07,7.92076946585634e-07,1.29179544598417e-06,2.42923700652968e-06,1.68350290089409e-06,4.59203810932825e-06,1.54817755205465e-06,7.67882481195969e-06,3.88257343987251e-06,0.0,5.48714296315299e-06,1.24934634422773e-06,8.06462423839268e-07,6.82159272557788e-07,5.67740784220748e-07,1.51814258983528e-07
25,a25,2.33755388617288e-07,2.3133513102613e-07,2.9889304549584e-07,3.54990493486631e-07,2.73789442680335e-07,1.4210821096945e-07,1.17418123490832e-07,1.02610224976897e-07,2.57569536403616e-07,3.27141182548908e-07,2.97786516436965e-07,3.83952724350648e-07,3.51814198962127e-07,5.42885387421686e-07,2.83274370293561e-07,4.50469349784075e-07,5.92423754767048e-07,8.75892030328649e-07,8.10215824073853e-07,2.34370092868788e-06,1.05099000512361e-06,2.36722288634759e-06,2.62139490345393e-06,5.48714296315299e-06,0.0,7.21637316243822e-07,6.62112231110873e-07,6.24363396924176e-07,4.36025631735037e-07,1.64544037570809e-07
26,a26,1.21328254225336e-06,1.14399153053766e-06,2.22712749825906e-06,3.91040917092359e-06,1.79714977102702e-06,4.31290159583325e-07,3.18022645870874e-07,2.59208932451823e-07,6.52479246050502e-07,1.10311442523447e-06,7.2588559010641e-07,1.36364313664281e-06,5.38573949435405e-07,1.17290442658038e-06,1.54346813877918e-06,5.04476657751267e-06,2.18127963642499e-06,1.6667238898334e-06,5.80616365414535e-07,5.90020143773825e-07,3.98872155971836e-07,3.37012664495437e-06,2.79557117671297e-06,1.24934634422773e-06,7.21637316243822e-07,0.0,3.91239405981167e-06,2.10348549103743e-06,3.91995469770223e-06,2.26493450283299e-07
27,a27,7.12446975393955e-07,6.45063395910909e-07,1.03429725205303e-06,1.54890968731718e-06,1.38856987965857e-06,3.04414385083519e-07,2.43661551030617e-07,2.10022650133013e-07,3.32731258029431e-07,4.77078329407596e-07,3.55594303634762e-07,5.41597316831352e-07,2.894514269539e-07,4.99116962748448e-07,6.81669511027226e-07,1.19260360430739e-06,7.22226646761503e-07,6.63196557019539e-07,3.39772629061881e-07,4.02692357211412e-07,2.77225918574497e-07,1.67866323496002e-06,2.52127353066678e-06,8.06462423839268e-07,6.62112231110873e-07,3.91239405981167e-06,0.0,2.88376800752723e-05,8.55560301686601e-06,3.87908760037366e-07
28,a28,5.5622472884721e-07,5.05385442667835e-07,7.55676164782226e-07,1.05592020296434e-06,1.04545087286379e-06,2.59572333268543e-07,2.13340285568614e-07,1.87303564660159e-07,2.71319882326177e-07,3.74555106117752e-07,2.88341047966706e-07,4.19317397709827e-07,2.4156466593424e-07,3.95314234455899e-07,5.18101544275423e-07,8.24182608186336e-07,5.44097464803951e-07,5.1695346666798e-07,2.89845016282697e-07,3.55446108083585e-07,2.47583499104257e-07,1.25953306454863e-06,2.00140821977239e-06,6.82159272557788e-07,6.24363396924176e-07,2.10348549103743e-06,2.88376800752723e-05,0.0,4.6334177916481e-06,4.84462448395712e-07
29,a29,1.27905303583493e-06,1.09421522815172e-06,1.96732690885785e-06,3.33123692033683e-06,3.78086245827417e-06,4.44215316586644e-07,3.45821487542397e-07,2.92666504490587e-07,3.94083069302129e-07,5.77616680640703e-07,4.07726291565116e-07,6.36417029932847e-07,2.99248302586617e-07,5.08894416485322e-07,1.03878008036423e-06,1.66530640564317e-06,7.59048461945022e-07,6.12293606204239e-07,3.02991788091126e-07,3.19773746552459e-07,2.33691831979171e-07,1.06964455043399e-06,1.24166300599827e-06,5.67740784220748e-07,4.36025631735037e-07,3.91995469770223e-06,8.55560301686601e-06,4.6334177916481e-06,0.0,3.54276945989343e-07
30,a30,1.68797671044487e-07,1.56778006186745e-07,1.82616392868482e-07,2.0582721243735e-07,2.47347155313588e-07,1.16277173682389e-07,1.09052963049143e-07,1.05625191312212e-07,9.3349993076043e-08,1.11457756890555e-07,9.50830895439727e-08,1.16693686288433e-07,8.34012063493931e-08,1.09612875736757e-07,1.44215054196627e-07,1.66190947381492e-07,1.2957032396122e-07,1.25082705343175e-07,9.31944948396593e-08,1.095836541758e-07,8.83376329900544e-08,1.89504777240322e-07,2.33511247008064e-07,1.51814258983528e-07,1.64544037570809e-07,2.26493450283299e-07,3.87908760037366e-07,4.84462448395712e-07,3.54276945989343e-07,0.0
