row_id,code,year,province,province_2,province_3,field_006,population,population_density
1,1,2000,北京,110000,北京市,1.64,1363.6,831.463414634146
2,2,2000,天津,120000,天津市,1.2,1001.14,834.283333333333
3,3,2000,河北,130000,河北省,18.88,6674.27,353.510063559322
4,4,2000,山西,140000,山西省,15.67,3247.0,207.21123165284
5,5,2000,内蒙古,150000,内蒙古自治区,118.3,2372.0,20.050718512257
6,6,2000,辽宁,210000,辽宁省,14.87,4184.0,281.371889710827
7,7,2000,吉林,220000,吉林省,18.74,2681.7,143.100320170758
8,8,2000,黑龙江,230000,黑龙江省,47.07,3807.0,80.8795411089866
9,9,2000,上海,310000,上海市,0.63,1608.63,2553.38095238095
10,10,2000,江苏,320000,江苏省,10.72,7327.24,683.511194029851
11,11,2000,浙江,330000,浙江省,10.56,4679.91,443.173295454545
12,12,2000,安徽,340000,安徽省,14.01,6093.0,434.903640256959
13,13,2000,福建,350000,福建省,12.4,3409.79,274.983064516129
14,14,2000,江西,360000,江西省,16.69,4149.0,248.591971240264
15,15,2000,山东,370000,山东省,15.81,8998.0,569.133459835547
16,16,2000,河南,410000,河南省,16.7,9488.0,568.14371257485
17,17,2000,湖北,420000,湖北省,18.59,5646.0,303.711672942442
18,18,2000,湖南,430000,湖南省,21.18,6562.0,309.820585457979
19,19,2000,广东,440000,广东省,17.98,8650.03,481.091768631813
20,20,2000,广西,450000,广西壮族自治区,23.76,4751.0,199.957912457912
21,21,2000,海南,460000,海南省,3.51,789.0,224.786324786325
22,22,2000,重庆,500000,重庆市,8.24,2848.82,345.730582524272
23,23,2000,四川,510000,四川省,48.61,8329.0,171.343344990743
24,24,2000,贵州,520000,贵州省,17.62,3755.72,213.150964812713
25,25,2000,云南,530000,云南省,38.32,4240.8,110.668058455115
26,26,2000,西藏,540000,西藏自治区,122.84,258.0,2.10029306414849
27,27,2000,陕西,610000,陕西省,20.56,3644.0,177.237354085603
28,28,2000,甘肃,620000,甘肃省,42.59,2515.31,59.0586992251702
29,29,2000,青海,630000,青海省,72.23,516.5,7.15076837878998
30,30,2000,宁夏,640000,宁夏回族自治区,6.64,554.0,83.433734939759
31,31,2000,新疆,650000,新疆维吾尔自治区,163.15,1849.41,11.3356420471958
32,1,2001,北京,110000,北京市,1.64,1385.1,844.573170731707
33,2,2001,天津,120000,天津市,1.2,1004.06,836.716666666667
34,3,2001,河北,130000,河北省,18.88,6699.13,354.826800847458
35,4,2001,山西,140000,山西省,15.67,3271.63,208.783024888322
36,5,2001,内蒙古,150000,内蒙古自治区,118.3,2381.45,20.1306001690617
37,6,2001,辽宁,210000,辽宁省,14.87,4194.0,282.044384667115
38,7,2001,吉林,220000,吉林省,18.74,2690.8,143.58591248666
39,8,2001,黑龙江,230000,黑龙江省,47.07,3811.0,80.96452092628
40,9,2001,上海,310000,上海市,0.63,1668.33,2648.14285714286
41,10,2001,江苏,320000,江苏省,10.72,7358.52,686.429104477612
42,11,2001,浙江,330000,浙江省,10.56,4728.8,447.80303030303
43,12,2001,安徽,340000,安徽省,14.01,6128.0,437.401855817273
44,13,2001,福建,350000,福建省,12.4,3445.38,277.853225806452
45,14,2001,江西,360000,江西省,16.69,4186.0,250.80886758538
46,15,2001,山东,370000,山东省,15.81,9041.0,571.853257432005
47,16,2001,河南,410000,河南省,16.7,9555.0,572.155688622754
48,17,2001,湖北,420000,湖北省,18.59,5658.0,304.357181280258
49,18,2001,湖南,430000,湖南省,21.18,6595.85,311.418791312559
50,19,2001,广东,440000,广东省,17.98,8733.18,485.716351501668
51,20,2001,广西,450000,广西壮族自治区,23.76,4788.0,201.515151515152
52,21,2001,海南,460000,海南省,3.51,795.55,226.652421652422
53,22,2001,重庆,500000,重庆市,8.24,2829.21,343.35072815534
54,23,2001,四川,510000,四川省,48.61,8143.0,167.516971816499
55,24,2001,贵州,520000,贵州省,17.62,3798.51,215.579455164586
56,25,2001,云南,530000,云南省,38.32,4287.4,111.884133611691
57,26,2001,西藏,540000,西藏自治区,122.84,263.55,2.14547378704005
58,27,2001,陕西,610000,陕西省,20.56,3653.14,177.681906614786
59,28,2001,甘肃,620000,甘肃省,42.59,2523.35,59.2474759333177
60,29,2001,青海,630000,青海省,72.23,523.1,7.2421431538142
61,30,2001,宁夏,640000,宁夏回族自治区,6.64,563.22,84.8222891566265
62,31,2001,新疆,650000,新疆维吾尔自治区,163.15,1876.19,11.4997854734907
63,1,2002,北京,110000,北京市,1.64,1423.2,867.804878048781
64,2,2002,天津,120000,天津市,1.2,1007.18,839.316666666667
65,3,2002,河北,130000,河北省,18.88,6735.0,356.726694915254
66,4,2002,山西,140000,山西省,15.67,3293.71,210.192086790045
67,5,2002,内蒙古,150000,内蒙古自治区,118.3,2384.05,20.1525781910397
68,6,2002,辽宁,210000,辽宁省,14.87,4203.0,282.649630127774
69,7,2002,吉林,220000,吉林省,18.74,2699.4,144.044823906083
70,8,2002,黑龙江,230000,黑龙江省,47.07,3813.0,81.0070108349267
71,9,2002,上海,310000,上海市,0.63,1712.97,2719.0
72,10,2002,江苏,320000,江苏省,10.72,7405.5,690.811567164179
73,11,2002,浙江,330000,浙江省,10.56,4776.4,452.310606060606
74,12,2002,安徽,340000,安徽省,14.01,6144.0,438.543897216274
75,13,2002,福建,350000,福建省,12.4,3476.03,280.325
76,14,2002,江西,360000,江西省,16.69,4222.0,252.965847813062
77,15,2002,山东,370000,山东省,15.81,9082.0,574.446552814674
78,16,2002,河南,410000,河南省,16.7,9613.0,575.62874251497
79,17,2002,湖北,420000,湖北省,18.59,5672.0,305.110274341044
80,18,2002,湖南,430000,湖南省,21.18,6629.0,312.983947119924
81,19,2002,广东,440000,广东省,17.98,8842.08,491.773081201335
82,20,2002,广西,450000,广西壮族自治区,23.76,4822.0,202.946127946128
83,21,2002,海南,460000,海南省,3.51,803.13,228.811965811966
84,22,2002,重庆,500000,重庆市,8.24,2814.83,341.605582524272
85,23,2002,四川,510000,四川省,48.61,8110.0,166.838099156552
86,24,2002,贵州,520000,贵州省,17.62,3837.28,217.77979568672
87,25,2002,云南,530000,云南省,38.32,4333.1,113.076722338205
88,26,2002,西藏,540000,西藏自治区,122.84,268.24,2.18365353305112
89,27,2002,陕西,610000,陕西省,20.56,3662.24,178.124513618677
90,28,2002,甘肃,620000,甘肃省,42.59,2530.76,59.4214604367222
91,29,2002,青海,630000,青海省,72.23,528.6,7.31828879966773
92,30,2002,宁夏,640000,宁夏回族自治区,6.64,571.54,86.0753012048193
93,31,2002,新疆,650000,新疆维吾尔自治区,163.15,1905.19,11.6775360098069
94,1,2003,北京,110000,北京市,1.64,1456.4,888.048780487805
95,2,2003,天津,120000,天津市,1.2,1011.3,842.75
96,3,2003,河北,130000,河北省,18.88,6769.44,358.550847457627
97,4,2003,山西,140000,山西省,15.67,3314.29,211.505424377792
98,5,2003,内蒙古,150000,内蒙古自治区,118.3,2385.78,20.1672020287405
99,6,2003,辽宁,210000,辽宁省,14.87,4210.0,283.120376597176
100,7,2003,吉林,220000,吉林省,18.74,2703.7,144.274279615795
101,8,2003,黑龙江,230000,黑龙江省,47.07,3815.0,81.0495007435734
102,9,2003,上海,310000,上海市,0.63,1765.84,2802.92063492063
103,10,2003,江苏,320000,江苏省,10.72,7457.7,695.680970149254
104,11,2003,浙江,330000,浙江省,10.56,4856.8,459.924242424242
105,12,2003,安徽,340000,安徽省,14.01,6163.0,439.900071377587
106,13,2003,福建,350000,福建省,12.4,3501.98,282.417741935484
107,14,2003,江西,360000,江西省,16.69,4254.0,254.883163571001
108,15,2003,山东,370000,山东省,15.81,9125.0,577.166350411132
109,16,2003,河南,410000,河南省,16.7,9667.0,578.862275449102
110,17,2003,湖北,420000,湖北省,18.59,5685.0,305.809575040344
111,18,2003,湖南,430000,湖南省,21.18,6662.8,314.579792256846
112,19,2003,广东,440000,广东省,17.98,8962.69,498.481090100111
113,20,2003,广西,450000,广西壮族自治区,23.76,4857.0,204.419191919192
114,21,2003,海南,460000,海南省,3.51,810.52,230.917378917379
115,22,2003,重庆,500000,重庆市,8.24,2803.19,340.192961165049
116,23,2003,四川,510000,四川省,48.61,8176.0,168.195844476445
117,24,2003,贵州,520000,贵州省,17.62,3869.66,219.617480136209
118,25,2003,云南,530000,云南省,38.32,4375.6,114.185803757829
119,26,2003,西藏,540000,西藏自治区,122.84,272.16,2.21556496255291
120,27,2003,陕西,610000,陕西省,20.56,3671.74,178.586575875486
121,28,2003,甘肃,620000,甘肃省,42.59,2537.19,59.5724348438601
122,29,2003,青海,630000,青海省,72.23,533.8,7.39028104665651
123,30,2003,宁夏,640000,宁夏回族自治区,6.64,580.19,87.3780120481928
124,31,2003,新疆,650000,新疆维吾尔自治区,163.15,1933.95,11.853815507202
125,1,2004,北京,110000,北京市,1.64,1492.7,910.182926829268
126,2,2004,天津,120000,天津市,1.2,1023.67,853.058333333333
127,3,2004,河北,130000,河北省,18.88,6808.75,360.632944915254
128,4,2004,山西,140000,山西省,15.67,3335.07,212.831525207403
129,5,2004,内蒙古,150000,内蒙古自治区,118.3,2392.66,20.2253592561285
130,6,2004,辽宁,210000,辽宁省,14.87,4217.0,283.591123066577
131,7,2004,吉林,220000,吉林省,18.74,2708.5,144.530416221985
132,8,2004,黑龙江,230000,黑龙江省,47.07,3816.8,81.0877416613554
133,9,2004,上海,310000,上海市,0.63,1834.98,2912.66666666667
134,10,2004,江苏,320000,江苏省,10.72,7522.95,701.767723880597
135,11,2004,浙江,330000,浙江省,10.56,4925.2,466.401515151515
136,12,2004,安徽,340000,安徽省,14.01,6228.0,444.539614561028
137,13,2004,福建,350000,福建省,12.4,3529.1,284.604838709677
138,14,2004,江西,360000,江西省,16.69,4284.0,256.680647094068
139,15,2004,山东,370000,山东省,15.81,9180.0,580.645161290323
140,16,2004,河南,410000,河南省,16.7,9717.0,581.85628742515
141,17,2004,湖北,420000,湖北省,18.59,5698.0,306.508875739645
142,18,2004,湖南,430000,湖南省,21.18,6698.0,316.241737488196
143,19,2004,广东,440000,广东省,17.98,9110.66,506.710789766407
144,20,2004,广西,450000,广西壮族自治区,23.76,4889.0,205.765993265993
145,21,2004,海南,460000,海南省,3.51,817.83,233.0
146,22,2004,重庆,500000,重庆市,8.24,2793.32,338.995145631068
147,23,2004,四川,510000,四川省,48.61,8090.0,166.426661180827
148,24,2004,贵州,520000,贵州省,17.62,3903.7,221.549375709421
149,25,2004,云南,530000,云南省,38.32,4415.2,115.219206680585
150,26,2004,西藏,540000,西藏自治区,122.84,276.35,2.24967437316835
151,27,2004,陕西,610000,陕西省,20.56,3681.23,179.048151750973
152,28,2004,甘肃,620000,甘肃省,42.59,2541.48,59.6731627142522
153,29,2004,青海,630000,青海省,72.23,538.6,7.45673542849232
154,30,2004,宁夏,640000,宁夏回族自治区,6.64,587.71,88.5105421686747
155,31,2004,新疆,650000,新疆维吾尔自治区,163.15,1963.11,12.0325467361324
156,1,2005,北京,110000,北京市,1.64,1538.0,937.804878048781
157,2,2005,天津,120000,天津市,1.2,1042.53,868.775
158,3,2005,河北,130000,河北省,18.88,6850.83,362.861758474576
159,4,2005,山西,140000,山西省,15.67,3355.21,214.11678366305
160,5,2005,内蒙古,150000,内蒙古自治区,118.3,2403.11,20.3136939983094
161,6,2005,辽宁,210000,辽宁省,14.87,4221.0,283.860121049092
162,7,2005,吉林,220000,吉林省,18.74,2716.0,144.930629669157
163,8,2005,黑龙江,230000,黑龙江省,47.07,3819.95,81.154663267474
164,9,2005,上海,310000,上海市,0.63,1890.26,3000.4126984127
165,10,2005,江苏,320000,江苏省,10.72,7588.24,707.858208955224
166,11,2005,浙江,330000,浙江省,10.56,4990.9,472.623106060606
167,12,2005,安徽,340000,安徽省,14.01,6120.09,436.837259100642
168,13,2005,福建,350000,福建省,12.4,3557.4,286.887096774194
169,14,2005,江西,360000,江西省,16.69,4311.24,258.312762133014
170,15,2005,山东,370000,山东省,15.81,9248.18,584.957621758381
171,16,2005,河南,410000,河南省,16.7,9380.0,561.676646706587
172,17,2005,湖北,420000,湖北省,18.59,5710.0,307.154384077461
173,18,2005,湖南,430000,湖南省,21.18,6326.0,298.677998111426
174,19,2005,广东,440000,广东省,17.98,9194.0,511.345939933259
175,20,2005,广西,450000,广西壮族自治区,23.76,4660.0,196.127946127946
176,21,2005,海南,460000,海南省,3.51,828.0,235.897435897436
177,22,2005,重庆,500000,重庆市,8.24,2798.0,339.563106796116
178,23,2005,四川,510000,四川省,48.61,8212.0,168.93643283275
179,24,2005,贵州,520000,贵州省,17.62,3730.0,211.691259931896
180,25,2005,云南,530000,云南省,38.32,4450.4,116.137787056367
181,26,2005,西藏,540000,西藏自治区,122.84,280.31,2.28191142950179
182,27,2005,陕西,610000,陕西省,20.56,3690.19,179.483949416342
183,28,2005,甘肃,620000,甘肃省,42.59,2545.1,59.7581591922987
184,29,2005,青海,630000,青海省,72.23,543.2,7.52042087775163
185,30,2005,宁夏,640000,宁夏回族自治区,6.64,596.2,89.789156626506
186,31,2005,新疆,650000,新疆维吾尔自治区,163.15,2010.35,12.3220962304628
187,1,2006,北京,110000,北京市,1.64,1601.0,976.219512195122
188,2,2006,天津,120000,天津市,1.2,1075.0,895.833333333333
189,3,2006,河北,130000,河北省,18.88,6897.86,365.352754237288
190,4,2006,山西,140000,山西省,15.67,3374.55,215.350989151244
191,5,2006,内蒙古,150000,内蒙古自治区,118.3,2415.05,20.4146238377008
192,6,2006,辽宁,210000,辽宁省,14.87,4271.0,287.222595830531
193,7,2006,吉林,220000,吉林省,18.74,2723.0,145.304162219851
194,8,2006,黑龙江,230000,黑龙江省,47.07,3823.01,81.2196728277034
195,9,2006,上海,310000,上海市,0.63,1964.11,3117.63492063492
196,10,2006,江苏,320000,江苏省,10.72,7655.66,714.147388059701
197,11,2006,浙江,330000,浙江省,10.56,5071.8,480.284090909091
198,12,2006,安徽,340000,安徽省,14.01,6110.0,436.117059243398
199,13,2006,福建,350000,福建省,12.4,3584.52,289.074193548387
200,14,2006,江西,360000,江西省,16.69,4339.13,259.983822648292
201,15,2006,山东,370000,山东省,15.81,9308.91,588.798861480076
202,16,2006,河南,410000,河南省,16.7,9392.0,562.395209580838
203,17,2006,湖北,420000,湖北省,18.59,5693.0,306.239913932222
204,18,2006,湖南,430000,湖南省,21.18,6342.0,299.43342776204
205,19,2006,广东,440000,广东省,17.98,9442.07,525.142936596218
206,20,2006,广西,450000,广西壮族自治区,23.76,4719.0,198.611111111111
207,21,2006,海南,460000,海南省,3.51,835.88,238.14245014245
208,22,2006,重庆,500000,重庆市,8.24,2808.0,340.776699029126
209,23,2006,四川,510000,四川省,48.61,8169.0,168.051841184941
210,24,2006,贵州,520000,贵州省,17.62,3690.0,209.421112372304
211,25,2006,云南,530000,云南省,38.32,4483.0,116.988517745303
212,26,2006,西藏,540000,西藏自治区,122.84,285.08,2.32074242917616
213,27,2006,陕西,610000,陕西省,20.56,3699.25,179.924610894942
214,28,2006,甘肃,620000,甘肃省,42.59,2546.79,59.7978398685137
215,29,2006,青海,630000,青海省,72.23,547.7,7.58272186072269
216,30,2006,宁夏,640000,宁夏回族自治区,6.64,603.73,90.9231927710843
217,31,2006,新疆,650000,新疆维吾尔自治区,163.15,2050.0,12.565124118909
218,1,2007,北京,110000,北京市,1.64,1676.0,1021.9512195122
219,2,2007,天津,120000,天津市,1.2,1115.0,929.166666666667
220,3,2007,河北,130000,河北省,18.88,6943.19,367.753707627119
221,4,2007,山西,140000,山西省,15.67,3392.58,216.501595405233
222,5,2007,内蒙古,150000,内蒙古自治区,118.3,2428.83,20.5311073541843
223,6,2007,辽宁,210000,辽宁省,14.87,4298.0,289.038332212508
224,7,2007,吉林,220000,吉林省,18.74,2729.82,145.668089647812
225,8,2007,黑龙江,230000,黑龙江省,47.07,3824.03,81.2413426811132
226,9,2007,上海,310000,上海市,0.63,2063.59,3275.53968253968
227,10,2007,江苏,320000,江苏省,10.72,7723.13,720.441231343284
228,11,2007,浙江,330000,浙江省,10.56,5154.9,488.153409090909
229,12,2007,安徽,340000,安徽省,14.01,6118.0,436.688079942898
230,13,2007,福建,350000,福建省,12.4,3611.64,291.261290322581
231,14,2007,江西,360000,江西省,16.69,4368.41,261.738166566806
232,15,2007,山东,370000,山东省,15.81,9366.97,592.471220746363
233,16,2007,河南,410000,河南省,16.7,9360.0,560.479041916168
234,17,2007,湖北,420000,湖北省,18.59,5699.0,306.56266810113
235,18,2007,湖南,430000,湖南省,21.18,6355.0,300.047214353163
236,19,2007,广东,440000,广东省,17.98,9659.52,537.236929922136
237,20,2007,广西,450000,广西壮族自治区,23.76,4768.0,200.673400673401
238,21,2007,海南,460000,海南省,3.51,845.03,240.749287749288
239,22,2007,重庆,500000,重庆市,8.24,2816.0,341.747572815534
240,23,2007,四川,510000,四川省,48.61,8127.0,167.187821435919
241,24,2007,贵州,520000,贵州省,17.62,3631.98,206.128263337117
242,25,2007,云南,530000,云南省,38.32,4514.0,117.797494780793
243,26,2007,西藏,540000,西藏自治区,122.84,288.83,2.35126994464344
244,27,2007,陕西,610000,陕西省,20.56,3708.37,180.368190661479
245,28,2007,甘肃,620000,甘肃省,42.59,2548.19,59.8307114346091
246,29,2007,青海,630000,青海省,72.23,551.6,7.63671604596428
247,30,2007,宁夏,640000,宁夏回族自治区,6.64,610.25,91.9051204819277
248,31,2007,新疆,650000,新疆维吾尔自治区,163.15,2095.19,12.8421084891204
249,1,2008,北京,110000,北京市,1.64,1771.0,1079.87804878049
250,2,2008,天津,120000,天津市,1.2,1176.0,980.0
251,3,2008,河北,130000,河北省,18.88,6988.82,370.170550847458
252,4,2008,山西,140000,山西省,15.67,3410.64,217.654116145501
253,5,2008,内蒙古,150000,内蒙古自治区,118.3,2444.33,20.6621301775148
254,6,2008,辽宁,210000,辽宁省,14.87,4315.0,290.181573638198
255,7,2008,吉林,220000,吉林省,18.74,2734.21,145.90234791889
256,8,2008,黑龙江,230000,黑龙江省,47.07,3825.04,81.2628000849798
257,9,2008,上海,310000,上海市,0.63,2140.64,3397.84126984127
258,10,2008,江苏,320000,江苏省,10.72,7762.48,724.111940298507
259,11,2008,浙江,330000,浙江省,10.56,5212.4,493.598484848485
260,12,2008,安徽,340000,安徽省,14.01,6135.0,437.901498929336
261,13,2008,福建,350000,福建省,12.4,3638.76,293.448387096774
262,14,2008,江西,360000,江西省,16.69,4400.1,263.63690832834
263,15,2008,山东,370000,山东省,15.81,9417.23,595.650221378874
264,16,2008,河南,410000,河南省,16.7,9429.0,564.610778443114
265,17,2008,湖北,420000,湖北省,18.59,5711.0,307.208176438946
266,18,2008,湖南,430000,湖南省,21.18,6380.0,301.227573182247
267,19,2008,广东,440000,广东省,17.98,9893.48,550.249165739711
268,20,2008,广西,450000,广西壮族自治区,23.76,4816.0,202.693602693603
269,21,2008,海南,460000,海南省,3.51,854.18,243.356125356125
270,22,2008,重庆,500000,重庆市,8.24,2839.0,344.538834951456
271,23,2008,四川,510000,四川省,48.61,8138.0,167.414112322567
272,24,2008,贵州,520000,贵州省,17.62,3595.98,204.085130533485
273,25,2008,云南,530000,云南省,38.32,4543.0,118.554279749478
274,26,2008,西藏,540000,西藏自治区,122.84,292.33,2.37976229241289
275,27,2008,陕西,610000,陕西省,20.56,3717.6,180.817120622568
276,28,2008,甘肃,620000,甘肃省,42.59,2550.88,59.8938718008922
277,29,2008,青海,630000,青海省,72.23,554.3,7.67409663574692
278,30,2008,宁夏,640000,宁夏回族自治区,6.64,617.69,93.0256024096386
279,31,2008,新疆,650000,新疆维吾尔自治区,163.15,2130.81,13.0604351823475
280,1,2009,北京,110000,北京市,1.64,1860.0,1134.14634146341
281,2,2009,天津,120000,天津市,1.2,1228.16,1023.46666666667
282,3,2009,河北,130000,河北省,18.88,7034.4,372.584745762712
283,4,2009,山西,140000,山西省,15.67,3427.36,218.721123165284
284,5,2009,内蒙古,150000,内蒙古自治区,118.3,2458.22,20.7795435333897
285,6,2009,辽宁,210000,辽宁省,14.87,4341.0,291.930060524546
286,7,2009,吉林,220000,吉林省,18.74,2739.55,146.187299893276
287,8,2009,黑龙江,230000,黑龙江省,47.07,3826.01,81.2834076906735
288,9,2009,上海,310000,上海市,0.63,2210.28,3508.38095238095
289,10,2009,江苏,320000,江苏省,10.72,7810.27,728.569962686567
290,11,2009,浙江,330000,浙江省,10.56,5275.5,499.573863636364
291,12,2009,安徽,340000,安徽省,14.01,6131.0,437.615988579586
292,13,2009,福建,350000,福建省,12.4,3665.88,295.635483870968
293,14,2009,江西,360000,江西省,16.69,4432.16,265.557819053325
294,15,2009,山东,370000,山东省,15.81,9470.31,599.007590132827
295,16,2009,河南,410000,河南省,16.7,9487.05,568.086826347305
296,17,2009,湖北,420000,湖北省,18.59,5720.0,307.692307692308
297,18,2009,湖南,430000,湖南省,21.18,6406.0,302.455146364495
298,19,2009,广东,440000,广东省,17.98,10130.19,563.414349276974
299,20,2009,广西,450000,广西壮族自治区,23.76,4856.0,204.377104377104
300,21,2009,海南,460000,海南省,3.51,864.07,246.173789173789
301,22,2009,重庆,500000,重庆市,8.24,2859.0,346.966019417476
302,23,2009,四川,510000,四川省,48.61,8185.0,168.380991565521
303,24,2009,贵州,520000,贵州省,17.62,3537.0,200.737797956867
304,25,2009,云南,530000,云南省,38.32,4571.0,119.28496868476
305,26,2009,西藏,540000,西藏自治区,122.84,295.84,2.40833604689026
306,27,2009,陕西,610000,陕西省,20.56,3726.67,181.25826848249
307,28,2009,甘肃,620000,甘肃省,42.59,2554.91,59.9884949518666
308,29,2009,青海,630000,青海省,72.23,557.3,7.7156306243943
309,30,2009,宁夏,640000,宁夏回族自治区,6.64,625.2,94.1566265060241
310,31,2009,新疆,650000,新疆维吾尔自治区,163.15,2158.63,13.2309531106344
311,1,2010,北京,110000,北京市,1.64,1961.9,1196.28048780488
312,2,2010,天津,120000,天津市,1.2,1299.29,1082.74166666667
313,3,2010,河北,130000,河北省,18.88,7193.6,381.016949152542
314,4,2010,山西,140000,山西省,15.67,3574.11,228.086151882578
315,5,2010,内蒙古,150000,内蒙古自治区,118.3,2472.18,20.8975486052409
316,6,2010,辽宁,210000,辽宁省,14.87,4378.0,294.418291862811
317,7,2010,吉林,220000,吉林省,18.74,2746.6,146.563500533618
318,8,2010,黑龙江,230000,黑龙江省,47.07,3833.35,81.4393456554068
319,9,2010,上海,310000,上海市,0.63,2302.66,3655.01587301587
320,10,2010,江苏,320000,江苏省,10.72,7869.34,734.080223880597
321,11,2010,浙江,330000,浙江省,10.56,5446.51,515.767992424242
322,12,2010,安徽,340000,安徽省,14.01,5956.71,425.175588865096
323,13,2010,福建,350000,福建省,12.4,3693.0,297.822580645161
324,14,2010,江西,360000,江西省,16.69,4462.25,267.360695026962
325,15,2010,山东,370000,山东省,15.81,9587.86,606.442757748261
326,16,2010,河南,410000,河南省,16.7,9405.47,563.201796407186
327,17,2010,湖北,420000,湖北省,18.59,5727.91,308.117805271651
328,18,2010,湖南,430000,湖南省,21.18,6570.08,310.202077431539
329,19,2010,广东,440000,广东省,17.98,10440.96,580.698553948832
330,20,2010,广西,450000,广西壮族自治区,23.76,4610.0,194.023569023569
331,21,2010,海南,460000,海南省,3.51,868.55,247.450142450142
332,22,2010,重庆,500000,重庆市,8.24,2884.62,350.075242718447
333,23,2010,四川,510000,四川省,48.61,8044.92,165.499279983542
334,24,2010,贵州,520000,贵州省,17.62,3478.94,197.44267877412
335,25,2010,云南,530000,云南省,38.32,4601.6,120.083507306889
336,26,2010,西藏,540000,西藏自治区,122.84,300.72,2.44806252035168
337,27,2010,陕西,610000,陕西省,20.56,3735.23,181.674610894942
338,28,2010,甘肃,620000,甘肃省,42.59,2559.98,60.1075369805119
339,29,2010,青海,630000,青海省,72.23,563.47,7.80105219437907
340,30,2010,宁夏,640000,宁夏回族自治区,6.64,632.96,95.3253012048193
341,31,2010,新疆,650000,新疆维吾尔自治区,163.15,2185.11,13.3932577382777
342,1,2011,北京,110000,北京市,1.64,2023.8,1234.0243902439
343,2,2011,天津,120000,天津市,1.2,1341.0,1117.5
344,3,2011,河北,130000,河北省,18.88,7231.86,383.04343220339
345,4,2011,山西,140000,山西省,15.67,3562.0,227.313337587747
346,5,2011,内蒙古,150000,内蒙古自治区,118.3,2470.0,20.8791208791209
347,6,2011,辽宁,210000,辽宁省,14.87,4379.0,294.48554135844
348,7,2011,吉林,220000,吉林省,18.74,2725.0,145.410885805763
349,8,2011,黑龙江,230000,黑龙江省,47.07,3782.0,80.3484172509029
350,9,2011,上海,310000,上海市,0.63,2356.0,3739.68253968254
351,10,2011,江苏,320000,江苏省,10.72,8023.0,748.414179104478
352,11,2011,浙江,330000,浙江省,10.56,5570.0,527.462121212121
353,12,2011,安徽,340000,安徽省,14.01,5972.0,426.266952177016
354,13,2011,福建,350000,福建省,12.4,3784.0,305.161290322581
355,14,2011,江西,360000,江西省,16.69,4474.0,268.06470940683
356,15,2011,山东,370000,山东省,15.81,9665.0,611.321948134092
357,16,2011,河南,410000,河南省,16.7,9461.0,566.526946107785
358,17,2011,湖北,420000,湖北省,18.59,5760.0,309.844002151694
359,18,2011,湖南,430000,湖南省,21.18,6581.0,310.717658168083
360,19,2011,广东,440000,广东省,17.98,10756.0,598.220244716351
361,20,2011,广西,450000,广西壮族自治区,23.76,4655.0,195.917508417508
362,21,2011,海南,460000,海南省,3.51,889.61,253.450142450142
363,22,2011,重庆,500000,重庆市,8.24,2944.43,357.333737864078
364,23,2011,四川,510000,四川省,48.61,8064.0,165.891791812384
365,24,2011,贵州,520000,贵州省,17.62,3530.0,200.340522133939
366,25,2011,云南,530000,云南省,38.32,4620.0,120.563674321503
367,26,2011,西藏,540000,西藏自治区,122.84,308.69,2.51294366655812
368,27,2011,陕西,610000,陕西省,20.56,3765.0,183.122568093385
369,28,2011,甘肃,620000,甘肃省,42.59,2552.0,59.9201690537685
370,29,2011,青海,630000,青海省,72.23,568.15,7.86584521666897
371,30,2011,宁夏,640000,宁夏回族自治区,6.64,647.95,97.5828313253012
372,31,2011,新疆,650000,新疆维吾尔自治区,163.15,2225.0,13.6377566656451
373,1,2012,北京,110000,北京市,1.64,2077.5,1266.76829268293
374,2,2012,天津,120000,天津市,1.2,1378.0,1148.33333333333
375,3,2012,河北,130000,河北省,18.88,7262.0,384.639830508475
376,4,2012,山西,140000,山西省,15.67,3548.0,226.419910657307
377,5,2012,内蒙古,150000,内蒙古自治区,118.3,2464.0,20.8284023668639
378,6,2012,辽宁,210000,辽宁省,14.87,4375.0,294.216543375925
379,7,2012,吉林,220000,吉林省,18.74,2698.0,143.970117395945
380,8,2012,黑龙江,230000,黑龙江省,47.07,3724.0,79.1162099001487
381,9,2012,上海,310000,上海市,0.63,2399.0,3807.93650793651
382,10,2012,江苏,320000,江苏省,10.72,8120.0,757.462686567164
383,11,2012,浙江,330000,浙江省,10.56,5685.0,538.352272727273
384,12,2012,安徽,340000,安徽省,14.01,5978.0,426.695217701642
385,13,2012,福建,350000,福建省,12.4,3841.0,309.758064516129
386,14,2012,江西,360000,江西省,16.69,4475.0,268.124625524266
387,15,2012,山东,370000,山东省,15.81,9708.0,614.04174573055
388,16,2012,河南,410000,河南省,16.7,9532.0,570.778443113772
389,17,2012,湖北,420000,湖北省,18.59,5781.0,310.973641742873
390,18,2012,湖南,430000,湖南省,21.18,6590.0,311.142587346553
391,19,2012,广东,440000,广东省,17.98,11041.0,614.071190211346
392,20,2012,广西,450000,广西壮族自治区,23.76,4694.0,197.558922558923
393,21,2012,海南,460000,海南省,3.51,910.43,259.381766381766
394,22,2012,重庆,500000,重庆市,8.24,2974.88,361.029126213592
395,23,2012,四川,510000,四川省,48.61,8085.0,166.323801686896
396,24,2012,贵州,520000,贵州省,17.62,3587.0,203.575482406356
397,25,2012,云南,530000,云南省,38.32,4631.0,120.850730688935
398,26,2012,西藏,540000,西藏自治区,122.84,314.55,2.56064799739499
399,27,2012,陕西,610000,陕西省,20.56,3787.0,184.192607003891
400,28,2012,甘肃,620000,甘肃省,42.59,2550.0,59.8732096736323
401,29,2012,青海,630000,青海省,72.23,570.77,7.90211823342102
402,30,2012,宁夏,640000,宁夏回族自治区,6.64,659.13,99.2665662650602
403,31,2012,新疆,650000,新疆维吾尔自治区,163.15,2253.0,13.8093778731229
404,1,2013,北京,110000,北京市,1.64,2125.4,1295.9756097561
405,2,2013,天津,120000,天津市,1.2,1410.0,1175.0
406,3,2013,河北,130000,河北省,18.88,7287.59,385.995233050848
407,4,2013,山西,140000,山西省,15.67,3535.0,225.590299936184
408,5,2013,内蒙古,150000,内蒙古自治区,118.3,2455.0,20.7523245984784
409,6,2013,辽宁,210000,辽宁省,14.87,4365.0,293.544048419637
410,7,2013,吉林,220000,吉林省,18.74,2668.0,142.369263607257
411,8,2013,黑龙江,230000,黑龙江省,47.07,3666.0,77.8840025493945
412,9,2013,上海,310000,上海市,0.63,2448.0,3885.71428571429
413,10,2013,江苏,320000,江苏省,10.72,8192.0,764.179104477612
414,11,2013,浙江,330000,浙江省,10.56,5784.0,547.727272727273
415,12,2013,安徽,340000,安徽省,14.01,5988.0,427.408993576017
416,13,2013,福建,350000,福建省,12.4,3885.0,313.306451612903
417,14,2013,江西,360000,江西省,16.69,4476.0,268.184541641702
418,15,2013,山东,370000,山东省,15.81,9746.0,616.445287792536
419,16,2013,河南,410000,河南省,16.7,9573.0,573.233532934132
420,17,2013,湖北,420000,湖北省,18.59,5798.0,311.888111888112
421,18,2013,湖南,430000,湖南省,21.18,6600.0,311.614730878187
422,19,2013,广东,440000,广东省,17.98,11270.0,626.807563959955
423,20,2013,广西,450000,广西壮族自治区,23.76,4731.0,199.116161616162
424,21,2013,海南,460000,海南省,3.51,920.21,262.168091168091
425,22,2013,重庆,500000,重庆市,8.24,3011.03,365.416262135922
426,23,2013,四川,510000,四川省,48.61,8109.0,166.817527257766
427,24,2013,贵州,520000,贵州省,17.62,3632.0,206.129398410897
428,25,2013,云南,530000,云南省,38.32,4641.0,121.111691022965
429,26,2013,西藏,540000,西藏自治区,122.84,317.43,2.58409312927385
430,27,2013,陕西,610000,陕西省,20.56,3804.0,185.019455252918
431,28,2013,甘肃,620000,甘肃省,42.59,2537.0,59.5679737027471
432,29,2013,青海,630000,青海省,72.23,571.15,7.90737920531635
433,30,2013,宁夏,640000,宁夏回族自治区,6.64,666.37,100.356927710843
434,31,2013,新疆,650000,新疆维吾尔自治区,163.15,2285.0,14.0055163959546
435,1,2014,北京,110000,北京市,1.64,2171.1,1323.84146341463
436,2,2014,天津,120000,天津市,1.2,1429.0,1190.83333333333
437,3,2014,河北,130000,河北省,18.88,7322.9,387.865466101695
438,4,2014,山西,140000,山西省,15.67,3528.0,225.143586470964
439,5,2014,内蒙古,150000,内蒙古自治区,118.3,2449.0,20.7016060862215
440,6,2014,辽宁,210000,辽宁省,14.87,4358.0,293.073301950235
441,7,2014,吉林,220000,吉林省,18.74,2642.0,140.981856990395
442,8,2014,黑龙江,230000,黑龙江省,47.07,3608.0,76.6517951986403
443,9,2014,上海,310000,上海市,0.63,2467.0,3915.87301587302
444,10,2014,江苏,320000,江苏省,10.72,8281.0,772.481343283582
445,11,2014,浙江,330000,浙江省,10.56,5890.0,557.765151515152
446,12,2014,安徽,340000,安徽省,14.01,5997.0,428.051391862955
447,13,2014,福建,350000,福建省,12.4,3945.0,318.145161290323
448,14,2014,江西,360000,江西省,16.69,4480.0,268.424206111444
449,15,2014,山东,370000,山东省,15.81,9808.0,620.366856419987
450,16,2014,河南,410000,河南省,16.7,9645.0,577.544910179641
451,17,2014,湖北,420000,湖北省,18.59,5816.0,312.856374394836
452,18,2014,湖南,430000,湖南省,21.18,6611.0,312.134088762984
453,19,2014,广东,440000,广东省,17.98,11489.0,638.987764182425
454,20,2014,广西,450000,广西壮族自治区,23.76,4770.0,200.757575757576
455,21,2014,海南,460000,海南省,3.51,935.56,266.541310541311
456,22,2014,重庆,500000,重庆市,8.24,3043.48,369.354368932039
457,23,2014,四川,510000,四川省,48.61,8139.0,167.434684221354
458,24,2014,贵州,520000,贵州省,17.62,3677.0,208.683314415437
459,25,2014,云南,530000,云南省,38.32,4653.0,121.4248434238
460,26,2014,西藏,540000,西藏自治区,122.84,324.77,2.6438456528818
461,27,2014,陕西,610000,陕西省,20.56,3827.0,186.13813229572
462,28,2014,甘肃,620000,甘肃省,42.59,2531.0,59.4270955623386
463,29,2014,青海,630000,青海省,72.23,575.83,7.97217222760626
464,30,2014,宁夏,640000,宁夏回族自治区,6.64,678.12,102.126506024096
465,31,2014,新疆,650000,新疆维吾尔自治区,163.15,2325.0,14.2506895494943
466,1,2015,北京,110000,北京市,1.64,2188.3,1334.32926829268
467,2,2015,天津,120000,天津市,1.2,1439.0,1199.16666666667
468,3,2015,河北,130000,河北省,18.88,7345.2,389.046610169492
469,4,2015,山西,140000,山西省,15.67,3519.0,224.569240587109
470,5,2015,内蒙古,150000,内蒙古自治区,118.3,2440.0,20.625528317836
471,6,2015,辽宁,210000,辽宁省,14.87,4338.0,291.72831203766
472,7,2015,吉林,220000,吉林省,18.74,2613.0,139.434364994664
473,8,2015,黑龙江,230000,黑龙江省,47.07,3529.0,74.9734438070958
474,9,2015,上海,310000,上海市,0.63,2458.0,3901.5873015873
475,10,2015,江苏,320000,江苏省,10.72,8315.0,775.652985074627
476,11,2015,浙江,330000,浙江省,10.56,5985.0,566.761363636364
477,12,2015,安徽,340000,安徽省,14.01,6011.0,429.050678087081
478,13,2015,福建,350000,福建省,12.4,3984.0,321.290322580645
479,14,2015,江西,360000,江西省,16.69,4485.0,268.723786698622
480,15,2015,山东,370000,山东省,15.81,9866.0,624.035420619861
481,16,2015,河南,410000,河南省,16.7,9701.0,580.898203592814
482,17,2015,湖北,420000,湖北省,18.59,5850.0,314.685314685315
483,18,2015,湖南,430000,湖南省,21.18,6615.0,312.322946175637
484,19,2015,广东,440000,广东省,17.98,11678.0,649.499443826474
485,20,2015,广西,450000,广西壮族自治区,23.76,4811.0,202.483164983165
486,21,2015,海南,460000,海南省,3.51,945.49,269.37037037037
487,22,2015,重庆,500000,重庆市,8.24,3070.02,372.575242718447
488,23,2015,四川,510000,四川省,48.61,8196.0,168.60728245217
489,24,2015,贵州,520000,贵州省,17.62,3708.0,210.44267877412
490,25,2015,云南,530000,云南省,38.32,4663.0,121.685803757829
491,26,2015,西藏,540000,西藏自治区,122.84,330.37,2.68943340931293
492,27,2015,陕西,610000,陕西省,20.56,3846.0,187.062256809339
493,28,2015,甘肃,620000,甘肃省,42.59,2523.0,59.2392580417938
494,29,2015,青海,630000,青海省,72.23,576.86,7.98643223037519
495,30,2015,宁夏,640000,宁夏回族自治区,6.64,683.56,102.94578313253
496,31,2015,新疆,650000,新疆维吾尔自治区,163.15,2385.0,14.6184492798039
497,1,2016,北京,110000,北京市,1.64,2195.4,1338.65853658537
498,2,2016,天津,120000,天津市,1.2,1443.0,1202.5
499,3,2016,河北,130000,河北省,18.88,7374.99,390.624470338983
500,4,2016,山西,140000,山西省,15.67,3514.0,224.250159540523
501,5,2016,内蒙古,150000,内蒙古自治区,118.3,2436.0,20.5917159763314
502,6,2016,辽宁,210000,辽宁省,14.87,4327.0,290.988567585743
503,7,2016,吉林,220000,吉林省,18.74,2567.0,136.979722518677
504,8,2016,黑龙江,230000,黑龙江省,47.07,3463.0,73.5712768217548
505,9,2016,上海,310000,上海市,0.63,2467.0,3915.87301587302
506,10,2016,江苏,320000,江苏省,10.72,8381.0,781.809701492537
507,11,2016,浙江,330000,浙江省,10.56,6072.0,575.0
508,12,2016,安徽,340000,安徽省,14.01,6033.0,430.620985010707
509,13,2016,福建,350000,福建省,12.4,4016.0,323.870967741935
510,14,2016,江西,360000,江西省,16.69,4496.0,269.382863990413
511,15,2016,山东,370000,山东省,15.81,9973.0,630.803289057558
512,16,2016,河南,410000,河南省,16.7,9778.0,585.508982035928
513,17,2016,湖北,420000,湖北省,18.59,5885.0,316.568047337278
514,18,2016,湖南,430000,湖南省,21.18,6625.0,312.795089707271
515,19,2016,广东,440000,广东省,17.98,11908.0,662.291434927697
516,20,2016,广西,450000,广西壮族自治区,23.76,4857.0,204.419191919192
517,21,2016,海南,460000,海南省,3.51,957.48,272.786324786325
518,22,2016,重庆,500000,重庆市,8.24,3109.96,377.422330097087
519,23,2016,四川,510000,四川省,48.61,8251.0,169.738736885415
520,24,2016,贵州,520000,贵州省,17.62,3758.0,213.28036322361
521,25,2016,云南,530000,云南省,38.32,4677.0,122.05114822547
522,26,2016,西藏,540000,西藏自治区,122.84,340.08,2.76847932269619
523,27,2016,陕西,610000,陕西省,20.56,3874.0,188.424124513619
524,28,2016,甘肃,620000,甘肃省,42.59,2520.0,59.1688189715896
525,29,2016,青海,630000,青海省,72.23,581.88,8.05593243804513
526,30,2016,宁夏,640000,宁夏回族自治区,6.64,694.61,104.609939759036
527,31,2016,新疆,650000,新疆维吾尔自治区,163.15,2428.0,14.882010419859
528,1,2017,北京,110000,北京市,1.64,2194.4,1338.04878048781
529,2,2017,天津,120000,天津市,1.2,1410.0,1175.0
530,3,2017,河北,130000,河北省,18.88,7409.14,392.433262711864
531,4,2017,山西,140000,山西省,15.67,3510.0,223.994894703255
532,5,2017,内蒙古,150000,内蒙古自治区,118.3,2433.0,20.5663567202029
533,6,2017,辽宁,210000,辽宁省,14.87,4312.0,289.979825151311
534,7,2017,吉林,220000,吉林省,18.74,2526.0,134.791889007471
535,8,2017,黑龙江,230000,黑龙江省,47.07,3399.0,72.2115997450606
536,9,2017,上海,310000,上海市,0.63,2466.0,3914.28571428571
537,10,2017,江苏,320000,江苏省,10.72,8423.0,785.727611940299
538,11,2017,浙江,330000,浙江省,10.56,6170.0,584.280303030303
539,12,2017,安徽,340000,安徽省,14.01,6057.0,432.334047109208
540,13,2017,福建,350000,福建省,12.4,4065.0,327.822580645161
541,14,2017,江西,360000,江西省,16.69,4511.0,270.281605751947
542,15,2017,山东,370000,山东省,15.81,10033.0,634.598355471221
543,16,2017,河南,410000,河南省,16.7,9829.0,588.562874251497
544,17,2017,湖北,420000,湖北省,18.59,5904.0,317.590102205487
545,18,2017,湖南,430000,湖南省,21.18,6633.0,313.172804532578
546,19,2017,广东,440000,广东省,17.98,12141.0,675.250278086763
547,20,2017,广西,450000,广西壮族自治区,23.76,4907.0,206.523569023569
548,21,2017,海南,460000,海南省,3.51,971.5,276.780626780627
549,22,2017,重庆,500000,重庆市,8.24,3143.51,381.493932038835
550,23,2017,四川,510000,四川省,48.61,8289.0,170.520469039292
551,24,2017,贵州,520000,贵州省,17.62,3803.0,215.83427922815
552,25,2017,云南,530000,云南省,38.32,4693.0,122.468684759916
553,26,2017,西藏,540000,西藏自治区,122.84,349.28,2.8433734939759
554,27,2017,陕西,610000,陕西省,20.56,3904.0,189.88326848249
555,28,2017,甘肃,620000,甘肃省,42.59,2522.0,59.2157783517258
556,29,2017,青海,630000,青海省,72.23,586.49,8.11975633393327
557,30,2017,宁夏,640000,宁夏回族自治区,6.64,705.08,106.186746987952
558,31,2017,新疆,650000,新疆维吾尔自治区,163.15,2480.0,15.2007355194606
559,1,2018,北京,110000,北京市,1.64,2191.7,1336.40243902439
560,2,2018,天津,120000,天津市,1.2,1383.0,1152.5
561,3,2018,河北,130000,河北省,18.88,7426.37,393.345868644068
562,4,2018,山西,140000,山西省,15.67,3502.0,223.484365028717
563,5,2018,内蒙古,150000,内蒙古自治区,118.3,2422.0,20.4733727810651
564,6,2018,辽宁,210000,辽宁省,14.87,4291.0,288.567585743107
565,7,2018,吉林,220000,吉林省,18.74,2484.0,132.550693703308
566,8,2018,黑龙江,230000,黑龙江省,47.07,3327.0,70.6819630337795
567,9,2018,上海,310000,上海市,0.63,2475.0,3928.57142857143
568,10,2018,江苏,320000,江苏省,10.72,8446.0,787.873134328358
569,11,2018,浙江,330000,浙江省,10.56,6273.0,594.034090909091
570,12,2018,安徽,340000,安徽省,14.01,6076.0,433.690221270521
571,13,2018,福建,350000,福建省,12.4,4104.0,330.967741935484
572,14,2018,江西,360000,江西省,16.69,4513.0,270.401437986818
573,15,2018,山东,370000,山东省,15.81,10077.0,637.381404174573
574,16,2018,河南,410000,河南省,16.7,9864.0,590.658682634731
575,17,2018,湖北,420000,湖北省,18.59,5917.0,318.289402904788
576,18,2018,湖南,430000,湖南省,21.18,6635.0,313.267233238905
577,19,2018,广东,440000,广东省,17.98,12348.0,686.763070077864
578,20,2018,广西,450000,广西壮族自治区,23.76,4947.0,208.207070707071
579,21,2018,海南,460000,海南省,3.51,982.48,279.908831908832
580,22,2018,重庆,500000,重庆市,8.24,3163.14,383.876213592233
581,23,2018,四川,510000,四川省,48.61,8321.0,171.178769800453
582,24,2018,贵州,520000,贵州省,17.62,3822.0,216.912599318956
583,25,2018,云南,530000,云南省,38.32,4703.0,122.729645093946
584,26,2018,西藏,540000,西藏自治区,122.84,353.83,2.8804135460762
585,27,2018,陕西,610000,陕西省,20.56,3931.0,191.196498054475
586,28,2018,甘肃,620000,甘肃省,42.59,2515.0,59.0514205212491
587,29,2018,青海,630000,青海省,72.23,587.32,8.13124740412571
588,30,2018,宁夏,640000,宁夏回族自治区,6.64,709.54,106.85843373494
589,31,2018,新疆,650000,新疆维吾尔自治区,163.15,2520.0,15.4459086730003
590,1,2019,北京,110000,北京市,1.64,2190.1,1335.42682926829
591,2,2019,天津,120000,天津市,1.2,1385.0,1154.16666666667
592,3,2019,河北,130000,河北省,18.88,7446.56,394.415254237288
593,4,2019,山西,140000,山西省,15.67,3497.0,223.165283982131
594,5,2019,内蒙古,150000,内蒙古自治区,118.3,2415.0,20.414201183432
595,6,2019,辽宁,210000,辽宁省,14.87,4277.0,287.626092804304
596,7,2019,吉林,220000,吉林省,18.74,2448.0,130.629669156884
597,8,2019,黑龙江,230000,黑龙江省,47.07,3255.0,69.1523263224984
598,9,2019,上海,310000,上海市,0.63,2481.0,3938.09523809524
599,10,2019,江苏,320000,江苏省,10.72,8469.0,790.018656716418
600,11,2019,浙江,330000,浙江省,10.56,6375.0,603.693181818182
601,12,2019,安徽,340000,安徽省,14.01,6092.0,434.832262669522
602,13,2019,福建,350000,福建省,12.4,4137.0,333.629032258065
603,14,2019,江西,360000,江西省,16.69,4516.0,270.581186339125
604,15,2019,山东,370000,山东省,15.81,10106.0,639.21568627451
605,16,2019,河南,410000,河南省,16.7,9901.0,592.874251497006
606,17,2019,湖北,420000,湖北省,18.59,5927.0,318.827326519634
607,18,2019,湖南,430000,湖南省,21.18,6640.0,313.503305004721
608,19,2019,广东,440000,广东省,17.98,12489.0,694.60511679644
609,20,2019,广西,450000,广西壮族自治区,23.76,4982.0,209.680134680135
610,21,2019,海南,460000,海南省,3.51,995.27,283.552706552707
611,22,2019,重庆,500000,重庆市,8.24,3187.84,386.873786407767
612,23,2019,四川,510000,四川省,48.61,8351.0,171.79592676404
613,24,2019,贵州,520000,贵州省,17.62,3848.0,218.38819523269
614,25,2019,云南,530000,云南省,38.32,4714.0,123.016701461378
615,26,2019,西藏,540000,西藏自治区,122.84,360.76,2.93682839465972
616,27,2019,陕西,610000,陕西省,20.56,3944.0,191.828793774319
617,28,2019,甘肃,620000,甘肃省,42.59,2509.0,58.9105423808406
618,29,2019,青海,630000,青海省,72.23,590.44,8.17444275231898
619,30,2019,宁夏,640000,宁夏回族自治区,6.64,716.93,107.971385542169
620,31,2019,新疆,650000,新疆维吾尔自治区,163.15,2559.0,15.6849524977015
621,1,2020,北京,110000,北京市,1.64,2189.31,1334.94512195122
622,2,2020,天津,120000,天津市,1.2,1386.84,1155.7
623,3,2020,河北,130000,河北省,18.88,7463.84,395.330508474576
624,4,2020,山西,140000,山西省,15.67,3490.39,222.743458838545
625,5,2020,内蒙古,150000,内蒙古自治区,118.3,2402.8,20.3110735418428
626,6,2020,辽宁,210000,辽宁省,14.87,4255.49,286.179556153329
627,7,2020,吉林,220000,吉林省,18.74,2399.23,128.027214514408
628,8,2020,黑龙江,230000,黑龙江省,47.07,3170.91,67.365838113448
629,9,2020,上海,310000,上海市,0.63,2488.22,3949.55555555556
630,10,2020,江苏,320000,江苏省,10.72,8477.26,790.789179104478
631,11,2020,浙江,330000,浙江省,10.56,6468.3,612.528409090909
632,12,2020,安徽,340000,安徽省,14.01,6104.76,435.743040685225
633,13,2020,福建,350000,福建省,12.4,4161.44,335.6
634,14,2020,江西,360000,江西省,16.69,4519.45,270.787896944278
635,15,2020,山东,370000,山东省,15.81,10164.51,642.916508538899
636,16,2020,河南,410000,河南省,16.7,9941.17,595.279640718563
637,17,2020,湖北,420000,湖北省,18.59,5744.83,309.027972027972
638,18,2020,湖南,430000,湖南省,21.18,6645.3,313.753541076487
639,19,2020,广东,440000,广东省,17.98,12623.61,702.091768631813
640,20,2020,广西,450000,广西壮族自治区,23.76,5018.72,211.225589225589
641,21,2020,海南,460000,海南省,3.51,1012.34,288.415954415954
642,22,2020,重庆,500000,重庆市,8.24,3208.91,389.430825242718
643,23,2020,四川,510000,四川省,48.61,8370.7,172.20119317013
644,24,2020,贵州,520000,贵州省,17.62,3857.86,218.947786606129
645,25,2020,云南,530000,云南省,38.32,4722.22,123.23121085595
646,26,2020,西藏,540000,西藏自治区,122.84,365.58,2.97606642787366
647,27,2020,陕西,610000,陕西省,20.56,3954.69,192.34873540856
648,28,2020,甘肃,620000,甘肃省,42.59,2500.51,58.7111998121625
649,29,2020,青海,630000,青海省,72.23,592.79,8.20697771009276
650,30,2020,宁夏,640000,宁夏回族自治区,6.64,720.93,108.573795180723
651,31,2020,新疆,650000,新疆维吾尔自治区,163.15,2590.49,15.8779650628256
652,1,2021,北京,110000,北京市,1.64,2188.6,1334.51219512195
653,2,2021,天津,120000,天津市,1.2,1373.0,1144.16666666667
654,3,2021,河北,130000,河北省,18.88,7448.0,394.491525423729
655,4,2021,山西,140000,山西省,15.67,3480.48,222.111040204212
656,5,2021,内蒙古,150000,内蒙古自治区,118.3,2400.0,20.2874049027895
657,6,2021,辽宁,210000,辽宁省,14.87,4229.4,284.425016812374
658,7,2021,吉林,220000,吉林省,18.74,2375.37,126.754002134472
659,8,2021,黑龙江,230000,黑龙江省,47.07,3125.0,66.3904822604631
660,9,2021,上海,310000,上海市,0.63,2489.43,3951.47619047619
661,10,2021,江苏,320000,江苏省,10.72,8505.4,793.414179104478
662,11,2021,浙江,330000,浙江省,10.56,6540.0,619.318181818182
663,12,2021,安徽,340000,安徽省,14.01,6113.0,436.33119200571
664,13,2021,福建,350000,福建省,12.4,4187.0,337.661290322581
665,14,2021,江西,360000,江西省,16.69,4517.4,270.665068903535
666,15,2021,山东,370000,山东省,15.81,10169.99,643.263124604681
667,16,2021,河南,410000,河南省,16.7,9883.0,591.796407185629
668,17,2021,湖北,420000,湖北省,18.59,5829.99,313.608929532006
669,18,2021,湖南,430000,湖南省,21.18,6622.0,312.653446647781
670,19,2021,广东,440000,广东省,17.98,12684.0,705.450500556174
671,20,2021,广西,450000,广西壮族自治区,23.76,5037.0,211.994949494949
672,21,2021,海南,460000,海南省,3.51,1020.46,290.729344729345
673,22,2021,重庆,500000,重庆市,8.24,3212.43,389.858009708738
674,23,2021,四川,510000,四川省,48.61,8372.0,172.227936638552
675,24,2021,贵州,520000,贵州省,17.62,3852.0,218.615209988649
676,25,2021,云南,530000,云南省,38.32,4690.0,122.390396659708
677,26,2021,西藏,540000,西藏自治区,122.84,366.0,2.97948550960599
678,27,2021,陕西,610000,陕西省,20.56,3954.0,192.315175097276
679,28,2021,甘肃,620000,甘肃省,42.59,2490.02,58.4648978633482
680,29,2021,青海,630000,青海省,72.23,594.0,8.22372975218053
681,30,2021,宁夏,640000,宁夏回族自治区,6.64,725.0,109.186746987952
682,31,2021,新疆,650000,新疆维吾尔自治区,163.15,2589.0,15.8688323628563
683,1,2022,北京,110000,北京市,1.64,2184.3,1331.89024390244
684,2,2022,天津,120000,天津市,1.2,1363.0,1135.83333333333
685,3,2022,河北,130000,河北省,18.88,7420.0,393.008474576271
686,4,2022,山西,140000,山西省,15.67,3481.35,222.166560306318
687,5,2022,内蒙古,150000,内蒙古自治区,118.3,2401.17,20.2972950126796
688,6,2022,辽宁,210000,辽宁省,14.87,4197.0,282.246133154001
689,7,2022,吉林,220000,吉林省,18.74,2347.69,125.276947705443
690,8,2022,黑龙江,230000,黑龙江省,47.07,3099.0,65.8381134480561
691,9,2022,上海,310000,上海市,0.63,2475.0,3928.57142857143
692,10,2022,江苏,320000,江苏省,10.72,8515.0,794.309701492537
693,11,2022,浙江,330000,浙江省,10.56,6577.0,622.82196969697
694,12,2022,安徽,340000,安徽省,14.01,6127.0,437.330478229836
695,13,2022,福建,350000,福建省,12.4,4188.0,337.741935483871
696,14,2022,江西,360000,江西省,16.69,4527.98,271.298981426004
697,15,2022,山东,370000,山东省,15.81,10162.79,642.807716635041
698,16,2022,河南,410000,河南省,16.7,9872.0,591.137724550898
699,17,2022,湖北,420000,湖北省,18.59,5844.0,314.362560516407
700,18,2022,湖南,430000,湖南省,21.18,6604.0,311.80358829084
701,19,2022,广东,440000,广东省,17.98,12656.8,703.937708565072
702,20,2022,广西,450000,广西壮族自治区,23.76,5047.0,212.415824915825
703,21,2022,海南,460000,海南省,3.51,1027.02,292.598290598291
704,22,2022,重庆,500000,重庆市,8.24,3213.34,389.968446601942
705,23,2022,四川,510000,四川省,48.61,8374.0,172.269080436124
706,24,2022,贵州,520000,贵州省,17.62,3856.0,218.842224744608
707,25,2022,云南,530000,云南省,38.32,4693.0,122.468684759916
708,26,2022,西藏,540000,西藏自治区,122.84,364.0,2.96320416802344
709,27,2022,陕西,610000,陕西省,20.56,3956.0,192.412451361868
710,28,2022,甘肃,620000,甘肃省,42.59,2492.0,58.511387649683
711,29,2022,青海,630000,青海省,72.23,595.0,8.23757441506299
712,30,2022,宁夏,640000,宁夏回族自治区,6.64,728.0,109.638554216867
713,31,2022,新疆,650000,新疆维吾尔自治区,163.15,2587.0,15.8565737051793
714,1,2023,北京,110000,北京市,1.64,2185.8,1332.80487804878
715,2,2023,天津,120000,天津市,1.2,1364.0,1136.66666666667
716,3,2023,河北,130000,河北省,18.88,7393.0,391.578389830509
717,4,2023,山西,140000,山西省,15.67,3465.99,221.186343331206
718,5,2023,内蒙古,150000,内蒙古自治区,118.3,2396.0,20.2535925612849
719,6,2023,辽宁,210000,辽宁省,14.87,4182.0,281.23739071957
720,7,2023,吉林,220000,吉林省,18.74,2339.41,124.835112059765
721,8,2023,黑龙江,230000,黑龙江省,47.07,3062.0,65.0520501380922
722,9,2023,上海,310000,上海市,0.63,2487.45,3948.33333333333
723,10,2023,江苏,320000,江苏省,10.72,8526.0,795.335820895522
724,11,2023,浙江,330000,浙江省,10.56,6627.0,627.556818181818
725,12,2023,安徽,340000,安徽省,14.01,6121.0,436.902212705211
726,13,2023,福建,350000,福建省,12.4,4183.0,337.338709677419
727,14,2023,江西,360000,江西省,16.69,4515.01,270.521869382864
728,15,2023,山东,370000,山东省,15.81,10122.97,640.289057558507
729,16,2023,河南,410000,河南省,16.7,9815.0,587.724550898204
730,17,2023,湖北,420000,湖北省,18.59,5838.0,314.039806347499
731,18,2023,湖南,430000,湖南省,21.18,6568.0,310.103871576959
732,19,2023,广东,440000,广东省,17.98,12706.0,706.674082313682
733,20,2023,广西,450000,广西壮族自治区,23.76,5027.0,211.574074074074
734,21,2023,海南,460000,海南省,3.51,1043.0,297.150997150997
735,22,2023,重庆,500000,重庆市,8.24,3191.43,387.309466019417
736,23,2023,四川,510000,四川省,48.61,8368.0,172.145649043407
737,24,2023,贵州,520000,贵州省,17.62,3865.0,219.353007945516
738,25,2023,云南,530000,云南省,38.32,4673.0,121.946764091858
739,26,2023,西藏,540000,西藏自治区,122.84,365.0,2.97134483881472
740,27,2023,陕西,610000,陕西省,20.56,3952.0,192.217898832685
741,28,2023,甘肃,620000,甘肃省,42.59,2465.0,57.8774360178446
742,29,2023,青海,630000,青海省,72.23,594.0,8.22372975218053
743,30,2023,宁夏,640000,宁夏回族自治区,6.64,729.0,109.789156626506
744,31,2023,新疆,650000,新疆维吾尔自治区,163.15,2598.0,15.9239963224027
