row_id,province,year,field_003,field_004,field_005,field_006,financial_development,field_008
1,上海,2000,9349.83,7254.26,16604.09,4551.15,3.64832844445909,
2,上海,2001,11247.9,8543.02,19790.92,5210.12,3.79855358417848,
3,上海,2002,14035.77,10550.94,24586.71,5741.03,4.28263046874864,
4,上海,2003,17318.38,13168.05,30486.43,6694.23,4.55413542707675,
5,上海,2004,19994.05,14972.01,34966.06,8072.83,4.33132618920502,
6,上海,2005,23320.86,16798.12,40118.98,9247.66,4.33828449575352,
7,上海,2006,26454.88,18603.92,45058.8,10572.24,4.26199178225239,
8,上海,2007,30315.53,21709.95,52025.48,12494.01,4.16403380499936,
9,上海,2008,35589.07,24166.12,59755.19,14069.86,4.2470351517357,
10,上海,2009,44620.27,29684.1,74304.37,15046.45,4.9383322976516,
11,上海,2010,52190.04,34154.17,86344.21,17165.98,5.02996100426541,
12,上海,2011,56186.48,37196.79,93383.27,19195.69,4.86480402632049,
13,上海,2012,63555.25,40982.48,104537.73,20181.72,5.17982263156956,
14,上海,2013,69256.32,44357.88,113614.2,21818.15,5.20732509401576,
15,上海,2014,73882.45,47915.81,121798.26,23567.6953,5.1680174259551,
16,上海,2015,103760.6,53387.21,157147.81,25123.45,6.25502508612472,
17,上海,2016,110510.96,59982.25,170493.21,28178.65,6.05043925099322,
18,上海,2017,112461.74,67182.01,179643.75,30632.99,5.86438836039185,
19,上海,2018,121112.33,73272.35,194384.68,32679.87,5.94814728455162,
20,上海,2019,132820.27,79843.0,212663.27,38155.32,5.57362040208286,
21,上海,2020,155865.06,84643.04,240508.1,38700.58,6.2145864480584,
22,上海,2021,175831.08,96032.13,271863.21,43214.85,6.29096734108761,
23,上海,2022,192293.06,103138.91,295431.97,44652.8,6.6162025673642,
24,上海,2023,204429.29,111766.72,316196.01,47218.66,6.6964206523438,
25,云南,2000,2465.68,1987.83,4453.51,1955.09,2.27790536497041,
26,云南,2001,2779.71,2173.45,4953.16,2138.31,2.31639004634501,
27,云南,2002,3121.28,2418.48,5539.76,2312.82,2.39524044240365,
28,云南,2003,3747.46,2955.57,6703.03,2556.02,2.62244818115664,
29,云南,2004,4404.36,3398.29,7802.65,3081.91,2.5317579033781,
30,云南,2005,5140.5,3987.58,9128.08,3461.73,2.63685498291317,
31,云南,2006,6131.25,4803.51,10934.76,3988.14,2.74181949480209,
32,云南,2007,7170.87,5671.66,12842.53,4772.52,2.6909326728856,
33,云南,2008,8418.94,6594.33,15013.27,5692.12,2.63755331932566,
34,云南,2009,11119.64,8779.63,19899.27,6169.75,3.22529600064832,
35,云南,2010,13411.49,10568.78,23980.27,7224.18,3.31944525191786,
36,云南,2011,15416.7,12114.59,27531.29,8893.12,3.09579652585369,
37,云南,2012,18008.04,13848.1,31856.14,10309.47,3.08998813712053,
38,云南,2013,20767.77,15782.46,36550.23,11832.31,3.0890189658655,
39,云南,2014,22456.26,17978.74,40435.0,12814.59,3.15538772602167,
40,云南,2015,25035.09,20842.86,45877.95,13619.17,3.36863039377583,
41,云南,2016,27726.1,23056.28,50782.38,14788.42,3.43392870908454,
42,云南,2017,13164.69,25398.93,38563.62,16376.34,2.35483752779925,
43,云南,2018,30554.0,28085.3,58639.3,17881.12,3.27939748740571,
44,云南,2019,32821.28,31201.01,64022.29,23223.75,2.75675935195651,
45,云南,2020,17675.53,34717.96,52393.49,24521.9,2.13659993719899,
46,云南,2021,36357.7,38646.5,75004.2,27100.0,2.76768265682657,
47,云南,2022,21730.61,42338.62,64069.23,28954.2,2.21277845701142,
48,云南,2023,24268.72,45632.18,69900.9,30021.0,2.32840011991606,
49,内蒙古,2000,1270.13,1340.74,2610.87,1401.01,1.86356271546955,
50,内蒙古,2001,1498.79,1470.75,2969.54,1713.81,1.73271249438386,
51,内蒙古,2002,1735.26,1649.78,3385.04,1940.94,1.74402093830824,
52,内蒙古,2003,2090.98,1924.13,4015.11,2388.38,1.68110183471642,
53,内蒙古,2004,2576.37,2239.76,4816.13,3041.07,1.58369587020358,
54,内蒙古,2005,3298.15,2588.57,5886.72,3905.03,1.50747113338438,
55,内蒙古,2006,4036.56,3205.19,7241.75,4944.25,1.46468119532791,
56,内蒙古,2007,4953.7,3767.74,8721.44,6423.18,1.3578071920762,
57,内蒙古,2008,6341.03,4527.86,10868.89,8496.2,1.27926484781432,
58,内蒙古,2009,8373.7,6292.52,14666.22,9740.25,1.50573342573343,
59,内蒙古,2010,10278.69,7919.47,18198.16,11672.0,1.55912954078136,
60,内蒙古,2011,12063.72,9727.7,21791.42,14359.88,1.51752103778026,
61,内蒙古,2012,13612.72,11284.2,24896.92,15880.5788,1.56775897865889,
62,内蒙古,2013,15205.69,12944.17,28149.86,16916.5029,1.6640472422938,
63,内蒙古,2014,16217.57,14947.07,31164.64,17770.1888,1.75375964491722,
64,内蒙古,2015,18077.6,17140.67,35218.27,17831.5088,1.97505833045379,
65,内蒙古,2016,21165.6,19361.0,40526.6,18128.1,2.2355679856135,
66,内蒙古,2017,22952.8,21456.0,44408.8,16096.21,2.75896002847875,
67,内蒙古,2018,23261.4,11966.1,35227.5,17289.22,2.03754131186948,
68,内蒙古,2019,23645.1,23085.1,46730.2,17212.53,2.7148943240767,
69,内蒙古,2020,24970.0,23249.2,48219.2,17359.82,2.77763248697279,
70,内蒙古,2021,27534.0,24965.0,52499.0,20514.2,2.55915414688362,
71,内蒙古,2022,32313.6,26919.0,59232.6,23159.0,2.55764929401097,
72,内蒙古,2023,36317.6,30064.0,66381.6,24627.0,2.69548057010598,
73,北京,2000,11526.0,6407.9,17933.9,2478.76,7.23502880472494,
74,北京,2001,14109.2,7612.2,21721.4,3710.52,5.85400429050376,
75,北京,2002,17438.4,9704.3,27142.7,4330.4,6.26794291520414,
76,北京,2003,20476.0,12057.7,32533.7,5023.77,6.47595331792658,
77,北京,2004,23781.3,13577.7,37359.0,6060.28,6.16456665368597,
78,北京,2005,28969.9,15335.5,44305.4,6969.52,6.35702315224004,
79,北京,2006,33793.3,18131.6,51924.9,8117.78,6.39644089886644,
80,北京,2007,37700.3,19861.5,57561.8,9846.81,5.84573074934928,
81,北京,2008,43980.7,23010.7,66991.4,11115.0,6.02711650922177,
82,北京,2009,56960.1,31052.9,88013.0,12153.03,7.24206226759911,
83,北京,2010,66584.6,36479.6,103064.2,14113.58,7.30248455742625,
84,北京,2011,75001.9,39660.5,114662.4,16251.93,7.0553097385972,
85,北京,2012,84837.3,43189.5,128026.8,17879.4,7.16057585825028,
86,北京,2013,91660.5,47880.9,139541.4,19800.81,7.04725715766173,
87,北京,2014,100095.5,53650.6,153746.1,21330.83,7.20769421536808,
88,北京,2015,128573.0,58559.4,187132.4,23014.59,8.13103340098607,
89,北京,2016,138408.9,63739.4,202148.3,25669.13,7.87515198216691,
90,北京,2017,144086.0,69556.2,213642.2,28014.94,7.62600955061835,
91,北京,2018,157092.2,70483.7,227575.9,30319.98,7.50580640224697,
92,北京,2019,171062.3,76875.6,247937.9,35371.28,7.00958235042667,
93,北京,2020,188081.6,84308.8,272390.4,36102.55,7.54490749268404,
94,北京,2021,199741.5,89032.9,288774.4,40269.6,7.17102727615869,
95,北京,2022,218628.8,97819.9,316448.7,41610.9,7.60494726141468,
96,北京,2023,246430.0,110835.5,357265.5,43760.7,8.1640718727077,
97,吉林,2000,2236.71,2651.19,4887.9,1821.19,2.68390448003778,
98,吉林,2001,2484.23,2828.25,5312.48,2120.35,2.50547315301719,
99,吉林,2002,2878.28,3057.7,5935.98,2348.54,2.52751922470982,
100,吉林,2003,3307.25,3288.87,6596.12,2662.08,2.47780682774372,
101,吉林,2004,3683.5,3435.03,7118.53,3122.01,2.28011121040612,
102,吉林,2005,4270.49,3332.93,7603.42,3620.27,2.10023561778541,
103,吉林,2006,4963.71,3870.33,8834.04,4275.12,2.06638410149891,
104,吉林,2007,5318.59,4306.01,9624.6,5284.69,1.82122319379188,
105,吉林,2008,6362.48,4835.89,11198.37,6426.1,1.74263861440065,
106,吉林,2009,8318.0,6234.66,14552.66,7278.75,1.99933505066117,
107,吉林,2010,9606.7,7205.94,16812.64,8667.58,1.93971558381924,
108,吉林,2011,10874.19,8126.17,19000.36,10568.83,1.7977732634549,
109,吉林,2012,12706.13,9155.6,21861.73,11939.24,1.83108221293818,
110,吉林,2013,14781.42,10696.52,25477.94,13046.4,1.95287129016434,
111,吉林,2014,16400.1,12587.26,28987.36,13803.14,2.10005549461934,
112,吉林,2015,18499.59,15203.11,33702.7,14063.13,2.39652907994166,
113,吉林,2016,21154.72,17141.06,38295.78,14776.8,2.59161523469222,
114,吉林,2017,21696.87,18010.34,39707.21,14944.53,2.65697281881732,
115,吉林,2018,22056.27,18993.33,41049.6,15074.62,2.72309351744853,
116,吉林,2019,24019.43,20884.41,44903.84,11726.82,3.82915743569015,
117,吉林,2020,27246.54,22751.1,49997.64,12311.32,4.06111123746276,
118,吉林,2021,29596.0,24610.0,54206.0,13235.52,4.09549454800416,
119,吉林,2022,32733.0,26335.0,59068.0,13070.24,4.5192743209,
120,吉林,2023,36499.29,27792.42,64291.71,13531.19,4.75137146104666,
121,四川,2000,4513.2,4053.46,8566.66,4010.25,2.1361910105355,
122,四川,2001,5256.78,4498.55,9755.33,4293.491,2.27212075208729,
123,四川,2002,6075.03,5158.76,11233.79,4725.0134,2.37751495053961,
124,四川,2003,7235.77,5910.59,13146.36,5333.09,2.46505496813292,
125,四川,2004,8462.11,7052.59,15514.7,6379.63,2.43191219553485,
126,四川,2005,9905.33,10519.2,20424.53,7385.1,2.76564027569024,
127,四川,2006,11802.14,11615.97,23418.11,8690.24,2.69475986854218,
128,四川,2007,13980.36,12620.89,26601.25,10562.39,2.51848776649982,
129,四川,2008,18661.04,16880.44,35541.48,12601.23,2.82047704866906,
130,四川,2009,24976.45,22892.53,47868.98,14151.28,3.38266079110865,
131,四川,2010,30299.67,19129.79,49429.46,17185.48,2.87623389047033,
132,四川,2011,34971.21,22514.23,57485.44,21026.68,2.73392851367881,
133,四川,2012,41576.8,26163.25,67740.05,23872.8,2.83754105090312,
134,四川,2013,48122.05,30298.85,78420.9,26392.07,2.97138117623968,
135,四川,2014,52289.84,34750.72,87040.56,28536.66,3.05013130478479,
136,四川,2015,59474.32,38703.99,98178.31,30053.1,3.26682804768892,
137,四川,2016,65638.4,42828.1,108466.5,32934.54,3.29339653749529,
138,四川,2017,71591.4,48124.4,119715.8,36980.22,3.23729280139491,
139,四川,2018,76088.7,54097.8,130186.5,40678.13,3.20040523003393,
140,四川,2019,81783.7,61089.0,142872.7,46615.82,3.06489728165245,
141,四川,2020,90350.5,69504.9,159855.4,48598.76,3.28928968558045,
142,四川,2021,98645.1,78963.9,177609.0,53850.79,3.29816888480188,
143,四川,2022,110274.8,90963.3,201238.1,56749.8,3.54605831209978,
144,四川,2023,121921.0,104692.5,226613.5,60132.9,3.76854434095146,
145,天津,2000,2281.55,1863.6,4145.15,1639.36,2.52851722623463,
146,天津,2001,2562.55,2159.86,4722.41,1919.09,2.46075483692792,
147,天津,2002,3358.89,2868.93,6227.82,2150.76,2.89563689114546,
148,天津,2003,4362.6,3791.22,8153.82,2578.03,3.16281036295156,
149,天津,2004,5139.72,4146.49,9286.21,3110.97,2.98498860484029,
150,天津,2005,6090.5,4722.38,10812.88,3905.64,2.76852961358446,
151,天津,2006,6839.2,5415.72,12254.92,4462.74,2.74605287334687,
152,天津,2007,8242.07,6543.83,14785.9,5252.76,2.8148820810393,
153,天津,2008,9954.16,7689.12,17643.28,6719.01,2.62587494288593,
154,天津,2009,13887.11,11152.19,25039.3,7521.85,3.32887521022089,
155,天津,2010,16499.25,13774.11,30273.36,9224.46,3.28185714936159,
156,天津,2011,17586.91,15924.71,33511.62,11307.28,2.96372071797992,
157,天津,2012,20293.79,18396.81,38690.6,12893.88,3.00069490331847,
158,天津,2013,23316.56,20857.8,44174.36,14442.01,3.05874043848467,
159,天津,2014,24777.75,23223.42,48001.17,15726.93,3.05216402692706,
160,天津,2015,28149.37,25994.68,54144.05,16538.19,3.27388003161168,
161,天津,2016,30067.03,28754.04,58821.07,17885.39,3.28877760004115,
162,天津,2017,30940.81,31602.54,62543.35,18549.19,3.37175639475363,
163,天津,2018,30983.17,34084.9,65068.07,18809.64,3.45929374512218,
164,天津,2019,31788.78,36141.27,67930.05,14104.28,4.81627208194959,
165,天津,2020,34145.0,38859.42,73004.42,14083.73,5.18359979920092,
166,天津,2021,35903.09,41054.17,76957.26,15695.05,4.90328224503904,
167,天津,2022,40488.25,42494.69,82982.94,16311.34,5.08743855501755,
168,天津,2023,42620.74,44552.22,87172.96,16737.3,5.20830480423963,
169,宁夏,2000,396.49,383.23,779.72,265.57,2.93602440034642,
170,宁夏,2001,468.87,441.39,910.26,337.4447,2.69750865845574,
171,宁夏,2002,578.16,524.56,1102.72,377.1552,2.92378310043186,
172,宁夏,2003,746.35,681.61,1427.96,445.36,3.20630501167595,
173,宁夏,2004,841.16,762.14,1603.3,537.16,2.98477176260332,
174,宁夏,2005,985.34,833.88,1819.22,612.61,2.96962178221054,
175,宁夏,2006,1131.22,983.37,2114.59,725.9,2.91305965008954,
176,宁夏,2007,1278.52,1184.57,2463.09,919.11,2.67986421647028,
177,宁夏,2008,1590.58,1402.56,2993.14,1203.92,2.48616187122068,
178,宁夏,2009,2058.49,1917.4,3975.89,1353.31,2.93790040714988,
179,宁夏,2010,2573.64,2398.7,4972.34,1689.65,2.94282247802799,
180,宁夏,2011,2966.86,2860.58,5827.44,2102.21,2.77205417156231,
181,宁夏,2012,3495.41,3339.58,6834.99,2341.29,2.91932652512077,
182,宁夏,2013,3868.47,3910.15,7778.62,2577.57,3.01781134944929,
183,宁夏,2014,4209.06,4578.49,8787.55,2752.1,3.19303441008684,
184,宁夏,2015,4805.15,5117.82,9922.97,2911.77,3.4078824907187,
185,宁夏,2016,5460.63,5695.96,11156.59,3168.59,3.52099514295002,
186,宁夏,2017,5867.22,6461.48,12328.7,3443.56,3.58021930792552,
187,宁夏,2018,6046.14,7038.52,13084.66,3705.18,3.53145056380527,
188,宁夏,2019,6460.42,7427.57,13887.99,3748.48,3.70496574611576,
189,宁夏,2020,7136.24,7981.87,15118.11,3920.55,3.85611967708612,
190,宁夏,2021,7484.0,8461.0,15945.0,4522.3,3.52586073458196,
191,宁夏,2022,8484.87,8969.7,17454.57,5069.57,3.44300798687068,
192,宁夏,2023,9329.49,8885.0,18214.49,5315.0,3.42699717779868,
193,安徽,2000,2485.54,2384.945,4870.485,3038.2359,1.60306347509092,
194,安徽,2001,2907.33,2605.3897,5512.7197,3246.7146,1.69793787849416,
195,安徽,2002,3449.23,2941.587,6390.817,3519.7195,1.81571770136796,
196,安徽,2003,4190.2,3374.5919,7564.7919,3923.1,1.92826894547679,
197,安徽,2004,5125.59,4006.1804,9131.7704,4759.32,1.91871326155837,
198,安徽,2005,6068.79,4399.2467,10468.0367,5350.17,1.95658020212442,
199,安徽,2006,7177.91,5205.2338,12383.1438,6112.5,2.02587219631902,
200,安徽,2007,8485.85,6127.8872,14613.7372,7360.92,1.9853139553208,
201,安徽,2008,10386.99,7030.2676,17417.2576,8851.66,1.96768262676153,
202,安徽,2009,13404.38,9438.5744,22842.9544,10062.82,2.27003507962977,
203,安徽,2010,16477.59,11736.5296,28214.1196,12359.33,2.28281950558809,
204,安徽,2011,19547.33,14146.3945,33693.7245,15300.65,2.20211066196534,
205,安徽,2012,23211.45,16795.1673,40006.6173,17212.0506,2.32433765329507,
206,安徽,2013,26938.23,19688.1847,46626.4147,19229.3371,2.42475413778044,
207,安徽,2014,30088.8,22754.661,52843.461,20848.7476,2.53461080798925,
208,安徽,2015,34826.23,26144.3579,60970.5879,22005.63,2.77068131655399,
209,安徽,2016,40856.2,30180.7,71036.9,24407.62,2.91043944473078,
210,安徽,2017,45608.9,34481.2,80090.1,27018.0,2.9643237841439,
211,安徽,2018,50677.3,38815.3,89492.6,30006.82,2.98240866576332,
212,安徽,2019,54377.9,44289.3,98667.2,37113.98,2.65849149026863,
213,安徽,2020,59897.8,51520.5,111418.3,38680.63,2.8804675621881,
214,安徽,2021,66271.9,58151.0,124422.9,42959.2,2.89630393489637,
215,安徽,2022,75196.1,67466.2,142662.3,45045.0,3.16710622710623,
216,安徽,2023,81999.0,77706.6,159705.6,47050.6,3.39433716041878,
217,山东,2000,7471.2,6209.0,13680.2,8542.44,1.60143940138883,
218,山东,2001,8501.7,7017.7,15519.4,9195.036,1.68780198359202,
219,山东,2002,10247.8,8536.6,18784.4,10275.4957,1.82807725762563,
220,山东,2003,12438.2,10467.1,22905.3,12078.15,1.89642453521442,
221,山东,2004,14514.3,11782.8,26297.1,15021.84,1.75059113930118,
222,山东,2005,17103.5,13381.7,30485.2,18366.87,1.65979287706615,
223,山东,2006,19634.0,15709.6,35343.6,21900.19,1.61384901226884,
224,山东,2007,22072.2,17545.1,39617.3,25776.91,1.5369297561267,
225,山东,2008,26930.2,20053.9,46984.1,30933.28,1.51888516187097,
226,山东,2009,34697.8,25961.3,60659.1,33896.65,1.78953082384247,
227,山东,2010,41105.0,30722.6,71827.6,39169.92,1.83374385242553,
228,山东,2011,46345.4,35179.0,81524.4,45361.85,1.79720183369946,
229,山东,2012,54301.5,40021.5,94323.0,50013.2449,1.88596041285855,
230,山东,2013,62077.9,44761.3,106839.2,55230.3249,1.93443004714245,
231,山东,2014,67498.3,50058.6,117556.9,59426.5902,1.97818686221711,
232,山东,2015,74524.2,55437.0,129961.2,63002.3325,2.06279981776865,
233,山东,2016,85683.5,65243.5,150927.0,68024.49,2.21871564196953,
234,山东,2017,91018.7,70873.9,161892.6,72634.1491,2.22887721555204,
235,山东,2018,96412.7,77810.5,174223.2,76469.67,2.27833074210991,
236,山东,2019,104738.9,86325.6,191064.5,71067.53,2.68849219889871,
237,山东,2020,118349.4,97880.6,216230.0,73129.0,2.95682971187901,
238,山东,2021,130482.1,111035.4,241517.5,83095.9,2.90649117465483,
239,山东,2022,146076.0,123994.8,270070.8,87435.0,3.08881797907017,
240,山东,2023,159927.0,138667.3,298594.3,92069.0,3.24315784900455,
241,山西,2000,2628.39,2453.15,5081.54,1643.81,3.09131833971079,
242,山西,2001,3090.73,2408.4,5499.13,2029.53,2.70955837065725,
243,山西,2002,3708.72,2903.18,6611.9,2324.8,2.84407260839642,
244,山西,2003,4681.51,3552.29,8233.8,2855.23,2.88376067777377,
245,山西,2004,5811.65,4016.12,9827.77,3571.37,2.75182072985997,
246,山西,2005,7088.7,4229.0,11317.7,4230.53,2.67524400016074,
247,山西,2006,8577.46,4788.51,13365.97,4878.61,2.73970864652022,
248,山西,2007,10041.85,5394.47,15436.32,6024.45,2.56227871423947,
249,山西,2008,12766.72,5960.33,18727.05,7315.4,2.55994887497608,
250,山西,2009,15698.47,7814.74,23513.21,7358.31,3.19546336047272,
251,山西,2010,18575.65,9634.32,28209.97,9200.86,3.06601448125501,
252,山西,2011,20920.43,11169.35,32089.78,11237.55,2.85558506969936,
253,山西,2012,24050.58,13106.21,37156.79,12112.83,3.06755646698583,
254,山西,2013,26105.35,14887.53,40992.88,12665.25,3.23664199285446,
255,山西,2014,26779.47,16432.75,43212.22,12761.49,3.38614221380105,
256,山西,2015,28346.1,18458.66,46804.76,12766.49,3.66621992419216,
257,山西,2016,30869.1,20356.5,51225.6,13050.41,3.92521001255899,
258,山西,2017,32844.9,22573.8,55418.7,15528.42,3.56885632923375,
259,山西,2018,35340.0,25256.4,60596.4,16818.11,3.60304457516332,
260,山西,2019,38381.4,28119.4,66500.8,17026.68,3.90568214120427,
261,山西,2020,42497.1,30640.9,73138.0,17651.93,4.14334296589665,
262,山西,2021,46813.9,34214.9,81028.8,22590.16,3.58690686564416,
263,山西,2022,53647.0,37620.9,91267.9,25642.59,3.55923095131966,
264,山西,2023,57863.3,41944.1,99807.4,25698.18,3.88383146199458,
265,广东,2000,19083.64,16919.98,36003.62,9662.23,3.72622262148593,
266,广东,2001,21714.85,19449.34,41164.19,12039.2536,3.41916462329525,
267,广东,2002,25409.9,22975.88,48385.78,13502.4249,3.58348817774206,
268,广东,2003,29640.83,27240.23,56881.06,15844.64,3.58992441608014,
269,广东,2004,33252.01,30869.62,64121.63,18864.62,3.39904169816302,
270,广东,2005,38119.91,35958.71,74078.62,22557.37,3.28400961636928,
271,广东,2006,43262.2,41146.58,84408.78,26587.76,3.17472325611484,
272,广东,2007,48955.03,47016.48,95971.51,31777.01,3.0201554520076,
273,广东,2008,56119.28,54309.57,110428.85,36796.71,3.00105226798809,
274,广东,2009,69691.46,67742.59,137434.05,39482.56,3.48087991254873,
275,广东,2010,82019.4,79957.97,161977.37,46013.06,3.52024772966632,
276,广东,2011,91590.15,89168.6,180758.75,53210.28,3.39706443942787,
277,广东,2012,105099.55,99934.6,205034.15,57067.9177,3.59280937983129,
278,广东,2013,119685.15,114855.02,234540.17,62474.79,3.75415699676622,
279,广东,2014,127881.47,121964.85,249846.32,67809.85,3.68451368053461,
280,广东,2015,160388.22,153551.79,313940.01,72812.55,4.31161949416687,
281,广东,2016,179829.19,110928.4,290757.59,80854.91,3.59604122990181,
282,广东,2017,194535.75,126031.95,320567.7,89705.23,3.57356756122246,
283,广东,2018,208051.16,145169.39,353220.55,97277.77,3.6310510613062,
284,广东,2019,232458.64,167994.58,400453.22,107671.07,3.71922764397159,
285,广东,2020,267638.26,195680.62,463318.88,110760.94,4.18305297878476,
286,广东,2021,293169.22,222234.29,515403.51,124369.67,4.14412541257044,
287,广东,2022,322357.66,245722.94,568080.6,129118.58,4.39968128521859,
288,广东,2023,350887.6,271561.63,622449.23,135673.16,4.58785827646382,
289,广西,2000,2269.06,1613.25,3882.31,2050.14,1.89368043158028,
290,广西,2001,2518.94,1764.05,4282.99,2279.34,1.8790483210052,
291,广西,2002,2784.14,1941.07,4725.21,2523.73,1.8723120143597,
292,广西,2003,3175.34,2320.66,5496.0,2821.11,1.94816933760116,
293,广西,2004,3673.19,2759.65,6432.84,3433.5,1.87355176933159,
294,广西,2005,4262.3,3104.6,7366.9,3984.1,1.84907507341683,
295,广西,2006,5029.47,3636.9,8666.37,4746.16,1.82597510408414,
296,广西,2007,5801.04,4331.03,10132.07,5823.41,1.73988608049236,
297,广西,2008,7075.02,5110.06,12185.08,7021.0,1.73551915681527,
298,广西,2009,9638.89,7360.43,16999.32,7759.16,2.19087117677687,
299,广西,2010,11813.9,8979.87,20793.77,9569.85,2.17284178957873,
300,广西,2011,13527.97,10646.43,24174.4,11720.87,2.06250901170306,
301,广西,2012,15966.65,12355.52,28322.17,13035.1015,2.17276175409911,
302,广西,2013,18400.48,14081.01,32481.49,14449.904,2.24786891317755,
303,广西,2014,20298.54,16070.95,36369.49,15672.8933,2.32053452440718,
304,广西,2015,22793.54,18119.3,40912.84,16803.12,2.43483591142597,
305,广西,2016,25477.8,20640.54,46118.34,18317.64,2.51770097021232,
306,广西,2017,27899.64,23226.14,51125.78,18523.26,2.76008542772708,
307,广西,2018,29789.78,26688.31,56478.09,20352.51,2.77499384596789,
308,广西,2019,31646.01,30497.39,62143.4,21237.14,2.92616614101522,
309,广西,2020,34665.55,35196.77,69862.32,22156.69,3.153102742332,
310,广西,2021,36879.44,39851.13,76730.57,24740.86,3.10137036465183,
311,广西,2022,40212.38,44689.79,84902.17,26300.87,3.22811260616094,
312,广西,2023,43886.89,49773.05,93659.94,27202.39,3.44307761193042,
313,新疆,2000,1863.48,1403.13,3266.61,1364.36,2.39424345480665,
314,新疆,2001,1972.55,1584.73,3557.28,1491.6,2.38487530168946,
315,新疆,2002,2225.31,1801.15,4026.46,1612.65,2.49679719715995,
316,新疆,2003,2661.65,2099.09,4760.74,1886.35,2.52378402735441,
317,新疆,2004,2959.78,2214.66,5174.44,2209.09,2.34234005857616,
318,新疆,2005,3427.48,2272.08,5699.56,2604.19,2.18861143004159,
319,新疆,2006,4040.78,2412.69,6453.47,3045.26,2.11918522556366,
320,新疆,2007,4614.62,2685.0,7299.62,3523.16,2.07189568455591,
321,新疆,2008,5399.34,2826.53,8225.87,4183.21,1.96640139988191,
322,新疆,2009,6845.07,3782.92,10627.99,4277.05,2.48488794846915,
323,新疆,2010,8870.72,4973.16,13843.88,5437.47,2.54601496651936,
324,新疆,2011,10387.0,6270.21,16657.21,6610.05,2.51998245096482,
325,新疆,2012,12330.89,7914.0,20244.89,7505.31,2.69740890116464,
326,新疆,2013,14088.83,9840.46,23929.29,8443.84,2.83393456057907,
327,新疆,2014,15055.39,11671.39,26726.78,9273.46,2.88207206371732,
328,新疆,2015,17123.95,13041.0,30164.95,9324.8,3.23491656657515,
329,新疆,2016,18747.64,14552.71,33300.35,9649.7,3.45092075401308,
330,新疆,2017,21257.4,16871.0,38128.4,10881.96,3.50381732702565,
331,新疆,2018,22011.49,18203.14,40214.63,12199.08,3.29652973830813,
332,新疆,2019,23293.0,19960.1,43253.1,13597.11,3.18105097333183,
333,新疆,2020,24824.7,22377.6,47202.3,13797.58,3.42105644613041,
334,新疆,2021,26662.1,25508.6,52170.7,16000.0,3.26066875,
335,新疆,2022,30848.12,27866.29,58714.41,17741.34,3.30946873235054,
336,新疆,2023,32985.51,32871.57,65857.08,19125.91,3.44334361083995,
337,江苏,2000,8400.75,5967.66,14368.41,8582.7276,1.67410765780333,
338,江苏,2001,9700.68,6671.74,16372.42,9456.84,1.73127810135309,
339,江苏,2002,11881.19,8234.58,20115.77,10606.85,1.89648858992066,
340,江苏,2003,15378.49,11299.55,26678.04,12442.87,2.14404233106992,
341,江苏,2004,18211.02,13480.98,31692.0,15003.6,2.11229304966808,
342,江苏,2005,22001.44,15396.59,37398.03,18598.69,2.01078839423637,
343,江苏,2006,25860.47,18485.02,44345.49,21742.05,2.03961861921944,
344,江苏,2007,30450.54,22092.1,52542.64,26018.48,2.01943541667307,
345,江苏,2008,37017.48,26160.72,63178.2,30981.98,2.03919181408031,
346,江苏,2009,48850.29,35296.73,84147.02,34457.3,2.44206655773958,
347,江苏,2010,58984.14,42121.04,101105.18,41425.48,2.44065198520331,
348,江苏,2011,65723.56,47868.3,113591.86,49110.27,2.31299603932131,
349,江苏,2012,75481.51,54412.3,129893.81,54058.22,2.40285029732758,
350,江苏,2013,85604.08,61836.53,147440.61,59753.37,2.46748610162071,
351,江苏,2014,93735.61,69572.67,163308.28,65088.32,2.50902588974489,
352,江苏,2015,107873.03,78866.34,186739.37,70116.38,2.66327739680799,
353,江苏,2016,121106.6,91107.6,212214.2,77388.28,2.74220075701385,
354,江苏,2017,129942.9,102113.3,232056.2,85869.76,2.70242050286387,
355,江苏,2018,139718.0,115719.0,255437.0,92595.4,2.75863595815775,
356,江苏,2019,152837.3,133329.9,286167.2,99631.52,2.87225568775825,
357,江苏,2020,172580.3,154523.3,327103.6,102718.98,3.18445140323629,
358,江苏,2021,189433.1,177970.1,367403.2,116364.2,3.15735595655709,
359,江苏,2022,212225.2,203925.5,416150.7,122875.6,3.38676433726468,
360,江苏,2023,239679.5,233995.7,473675.2,128222.2,3.69417464370444,
361,江西,2000,1966.78,1739.87,3706.65,2003.07,1.85048450628286,
362,江西,2001,2286.65,1880.94,4167.59,2175.68,1.91553445359612,
363,江西,2002,2707.3715,2130.7631,4838.1346,2450.48,1.97436200254644,
364,江西,2003,3239.5785,2545.276,5784.8545,2807.41,2.06056632269601,
365,江西,2004,3758.339,2854.0198,6612.3588,3456.7,1.912910810889,
366,江西,2005,4445.4486,3019.0027,7464.4513,4056.76,1.84000317987754,
367,江西,2006,5213.7571,3460.8033,8674.5604,4820.53,1.79950345708874,
368,江西,2007,5900.0625,4026.7439,9926.8064,5800.25,1.71144457566484,
369,江西,2008,7206.5639,4544.8353,11751.3992,6971.05,1.68574306596567,
370,江西,2009,9296.3922,6346.9937,15643.3859,7655.18,2.04350334022192,
371,江西,2010,9352.8015,6416.1974,15768.9989,9451.26,1.66845467165225,
372,江西,2011,14322.0489,9301.948,23623.9969,11702.82,2.0186584857325,
373,江西,2012,16839.0216,11080.1481,27919.1697,12948.88,2.15610691426594,
374,江西,2013,19582.7131,13111.7333,32694.4464,14410.19,2.2688421457316,
375,江西,2014,21754.9126,15696.8321,37451.7447,15714.63,2.38324062990984,
376,江西,2015,25042.9725,18561.0896,43604.0621,16723.78,2.60730899952044,
377,江西,2016,28893.1,21721.8,50614.9,18499.0,2.73608843721282,
378,江西,2017,32324.9,25712.6,58037.5,20006.31,2.90095974719976,
379,江西,2018,35069.5,30358.4,65427.9,21984.78,2.97605434305006,
380,江西,2019,38952.5,35493.8,74446.3,24757.5,3.00702009492073,
381,江西,2020,43608.2,41409.2,85017.4,25691.5,3.30916450966273,
382,江西,2021,47455.7,46920.7,94376.4,29619.7,3.18627129916913,
383,江西,2022,53162.4,52775.6,105938.0,32074.7,3.3028524039196,
384,江西,2023,58038.0,58049.0,116087.0,32200.1,3.60517513920764,
385,河北,2000,3780.74,2933.19,6713.93,5088.96,1.31931278689555,
386,河北,2001,4053.75,3098.89,7152.64,5516.76,1.29652912216591,
387,河北,2002,4543.39,3488.18,8031.57,6018.28,1.33452913457001,
388,河北,2003,5273.35,3854.72,9128.07,6921.29,1.31883940710474,
389,河北,2004,9249.94,6152.24,15402.18,8477.63,1.81680257336072,
390,河北,2005,10764.93,6415.23,17180.16,10012.11,1.71593799908311,
391,河北,2006,12551.62,7411.88,19963.5,11467.6,1.74086120897136,
392,河北,2007,14355.59,8397.82,22753.41,13607.32,1.67214484556841,
393,河北,2008,17709.02,9453.3,27162.32,16011.97,1.69637589878072,
394,河北,2009,22361.37,13123.8,35485.17,17235.48,2.05884431417054,
395,河北,2010,26099.0,15755.74,41854.74,20394.26,2.05228039654295,
396,河北,2011,29563.77,18143.99,47707.76,24515.76,1.94600371352958,
397,河北,2012,34257.16,21317.96,55575.12,26575.01,2.09125490451368,
398,河北,2013,39444.45,24423.22,63867.67,28442.95,2.24546574810278,
399,河北,2014,43764.02,28052.29,71816.31,29421.15,2.44097562467816,
400,河北,2015,48927.59,32608.47,81536.06,29806.11,2.73554851673029,
401,河北,2016,55513.3,37352.2,92865.5,32070.45,2.89567187239343,
402,河北,2017,60033.0,42891.2,102924.2,34016.32,3.02573000253996,
403,河北,2018,65910.2,47744.1,113654.3,36010.27,3.15616350557771,
404,河北,2019,72884.5,53448.1,126332.6,35104.52,3.59875594367905,
405,河北,2020,80895.2,60605.2,141500.4,36206.89,3.90810699289555,
406,河北,2021,88589.5,67610.4,156199.9,40391.3,3.86716693941517,
407,河北,2022,99818.3,76291.7,176110.0,42370.4,4.15643940109133,
408,河北,2023,112396.1,86389.3,198785.4,43944.1,4.52359702440146,
409,河南,2000,4753.41,4356.94,9110.35,5137.66,1.77324891098282,
410,河南,2001,5530.16,4885.73,10415.89,5533.01,1.88249976052818,
411,河南,2002,6451.59,5553.58,12005.17,6035.48,1.9890994585352,
412,河南,2003,7618.03,6422.66,14040.69,6867.7,2.04445301920585,
413,河南,2004,8631.79,7092.31,15724.1,8553.79,1.83826116844112,
414,河南,2005,10003.96,7434.53,17438.49,10587.42,1.64709532634013,
415,河南,2006,11492.55,8567.33,20059.88,12362.79,1.62260137072619,
416,河南,2007,12576.42,9545.48,22121.9,15012.46,1.4735692884444,
417,河南,2008,15255.42,10368.05,25623.47,18018.53,1.42206217710324,
418,河南,2009,19175.06,13437.43,32612.49,19480.46,1.67411293162482,
419,河南,2010,23148.83,15871.32,39020.15,23092.36,1.68974284135532,
420,河南,2011,26646.15,17506.24,44152.39,26931.03,1.63946161732396,
421,河南,2012,31648.5,20031.44,51679.94,29599.31,1.74598461923606,
422,河南,2013,37591.7,23511.41,61103.11,32191.2999,1.89812496512451,
423,河南,2014,41374.91,27228.27,68603.18,34938.24,1.96355569141434,
424,河南,2015,47629.91,31432.62,79062.53,37002.16,2.13670039803082,
425,河南,2016,53977.62,36501.17,90478.79,40471.79,2.23560139049941,
426,河南,2017,59068.66,41743.3,100811.96,44552.83,2.26275098573985,
427,河南,2018,63867.63,47834.76,111702.39,48055.86,2.32442807183141,
428,河南,2019,69508.66,55659.0,125167.66,54259.2,2.30684676515688,
429,河南,2020,76446.19,62866.68,139312.87,54997.07,2.53309621767123,
430,河南,2021,82430.22,69444.62,151874.84,58887.41,2.57907148573863,
431,河南,2022,93173.08,76075.61,169248.69,61345.05,2.75896245907371,
432,河南,2023,100584.89,83596.66,184181.55,59132.39,3.11473204448526,
433,浙江,2000,7299.6,5423.5,12723.1,6036.34,2.1077507231203,
434,浙江,2001,8823.1,6482.2,15305.3,6898.3388,2.2186935788077,
435,浙江,2002,11899.34,8791.38,20690.72,8003.67,2.58515406057471,
436,浙江,2003,15415.67,12418.6,27834.27,9705.02,2.86802809267781,
437,浙江,2004,17855.05,14982.54,32837.59,11648.7,2.81899181882957,
438,浙江,2005,21117.94,17122.14,38240.08,13417.68,2.84997704521199,
439,浙江,2006,25005.92,20757.83,45763.75,15718.47,2.91146339306561,
440,浙江,2007,29030.34,24939.89,53970.23,18753.73,2.87783976840874,
441,浙江,2008,35481.2,29649.22,65130.42,21462.69,3.03458792909929,
442,浙江,2009,45112.01,39223.91,84335.92,22990.35,3.66831822917007,
443,浙江,2010,54482.29,46938.54,101420.83,27722.31,3.65845522974096,
444,浙江,2011,60893.14,53239.34,114132.48,32318.85,3.53145238769325,
445,浙江,2012,66679.08,59509.12,126188.2,34665.33,3.64018458788651,
446,浙江,2013,73732.36,65338.54,139070.9,37756.58,3.68335532508506,
447,浙江,2014,79241.9,71361.0,150602.9,40173.03,3.74885588664833,
448,浙江,2015,90301.61,76466.32,166767.93,42886.49,3.88858892392453,
449,浙江,2016,99530.0,81805.0,181335.0,47251.36,3.8376673179354,
450,浙江,2017,107321.0,90233.0,197554.0,51768.26,3.81612207943632,
451,浙江,2018,116513.0,105775.0,222288.0,56197.15,3.95550308156197,
452,浙江,2019,131299.0,121751.0,253050.0,62351.74,4.05842723875869,
453,浙江,2020,152234.0,143612.0,295846.0,64613.34,4.57871393120987,
454,浙江,2021,170816.0,165756.0,336572.0,73516.0,4.57821426628217,
455,浙江,2022,196340.0,189808.0,386148.0,77715.0,4.96877050762401,
456,浙江,2023,220737.0,217223.0,437960.0,82553.0,5.30519787288166,
457,海南,2000,889.65,625.13,1514.78,518.48,2.92157846011418,
458,海南,2001,873.43,638.74,1512.17,558.4137,2.70797439246208,
459,海南,2002,891.93,780.4,1672.33,621.974,2.68874583181934,
460,海南,2003,1050.45,874.76,1925.21,693.2,2.77727928447778,
461,海南,2004,1159.31,920.55,2079.86,798.9,2.60340468143698,
462,海南,2005,1302.29,996.32,2298.61,897.99,2.55972783661288,
463,海南,2006,1560.3,1123.34,2683.64,1044.91,2.56829774813142,
464,海南,2007,1873.0,1228.04,3101.04,1254.17,2.47258346157219,
465,海南,2008,2350.86,1383.39,3734.25,1503.06,2.48443175921121,
466,海南,2009,3175.7,1940.86,5116.56,1654.21,3.09305348172239,
467,海南,2010,4217.16,2514.08,6731.24,2064.5,3.26046984742068,
468,海南,2011,4510.03,3194.96,7704.99,2522.66,3.05431171858277,
469,海南,2012,5109.7,3889.63,8999.33,2855.54,3.15153351029928,
470,海南,2013,5952.5,4630.78,10583.28,3177.56,3.33063105023981,
471,海南,2014,6427.88,5391.51,11819.39,3500.72,3.37627402362942,
472,海南,2015,7626.07,6643.54,14269.61,3702.76,3.85377664228845,
473,海南,2016,9120.17,7687.65,16807.82,4053.2,4.1468025263989,
474,海南,2017,10096.38,8459.27,18555.65,4462.54,4.15809158013149,
475,海南,2018,9610.47,8820.12,18430.59,4832.05,3.814238263263,
476,海南,2019,9737.77,9521.1,19258.87,5308.93,3.62763683077381,
477,海南,2020,10312.0,9982.0,20294.0,5532.39,3.668215725934,
478,海南,2021,11339.0,10607.0,21946.0,6475.2,3.38923894242649,
479,海南,2022,11905.95,11031.28,22937.23,6818.22,3.36410822766059,
480,海南,2023,13479.0,11916.0,25395.0,7551.18,3.36305054309393,
481,湖北,2000,3572.33,3493.91,7066.24,4276.32,1.65241141916414,
482,湖北,2001,4238.47,3787.25,8025.72,3880.53,2.06820202395034,
483,湖北,2002,5022.85,4312.79,9335.64,4212.82,2.21600733000698,
484,湖北,2003,5986.36,5000.74,10987.1,4757.45,2.30945149187064,
485,湖北,2004,7033.58,5377.43,12411.01,5633.24,2.20317437211977,
486,湖北,2005,8184.96,5649.67,13834.63,6590.19,2.09927634863335,
487,湖北,2006,9570.97,6430.44,16001.41,7617.47,2.10062002213333,
488,湖北,2007,11093.03,7496.46,18589.49,9333.4,1.99171684487968,
489,湖北,2008,13439.52,8465.64,21905.16,11328.89,1.93356630702567,
490,湖北,2009,17505.56,11659.37,29164.93,12961.1,2.25018941293563,
491,湖北,2010,21568.31,14136.58,35704.89,15967.61,2.23608229409411,
492,湖北,2011,23949.15,15662.54,39611.69,19632.26,2.01768364925892,
493,湖北,2012,28006.36,18004.54,46010.9,22250.45,2.06786379601311,
494,湖北,2013,32636.15,20796.86,53433.01,24791.83,2.15526687622495,
495,湖北,2014,36153.65,24239.96,60393.61,27379.2176,2.205819424146,
496,湖北,2015,40896.52,28338.9,69235.42,29550.1881,2.34297730240167,
497,湖北,2016,47284.95,34530.72,81815.67,32665.38,2.5046599794645,
498,湖北,2017,52352.43,39571.11,91923.54,35478.09,2.59099461104022,
499,湖北,2018,55371.19,44340.54,99711.73,39366.55,2.53290496627213,
500,湖北,2019,59747.7,50663.96,110411.66,45828.31,2.40924572605885,
501,湖北,2020,67159.32,59872.13,127031.45,43443.46,2.92406382917014,
502,湖北,2021,72476.67,67037.99,139514.66,50012.94,2.78957125895818,
503,湖北,2022,79563.66,74062.43,153626.09,53734.92,2.85896191899048,
504,湖北,2023,86546.0,80281.0,166827.0,55803.63,2.98953670218228,
505,湖南,2000,2874.75,2810.28,5685.03,3691.88,1.53987399373761,
506,湖南,2001,3342.91,2787.92,6130.83,3831.9,1.59994519689971,
507,湖南,2002,3923.17,3227.46,7150.63,4151.54,1.72240421626673,
508,湖南,2003,4774.8,3900.6,8675.4,4659.99,1.86167781475926,
509,湖南,2004,5500.47,4355.08,9855.55,5641.94,1.74683708086226,
510,湖南,2005,6498.23,4590.03,11088.26,6596.1,1.68103273146253,
511,湖南,2006,7719.43,5233.6,12953.03,7688.67,1.6846905901801,
512,湖南,2007,9083.27,6157.51,15240.78,9439.6,1.61455782024662,
513,湖南,2008,10895.49,6989.42,17884.91,11555.0,1.5478070099524,
514,湖南,2009,13948.0,9369.81,23317.81,13059.69,1.78547959407919,
515,湖南,2010,16643.27,11303.76,27947.03,16037.96,1.74255516287608,
516,湖南,2011,19444.1,13462.5,32906.6,19669.56,1.67297082395336,
517,湖南,2012,23147.15,15648.59,38795.74,22154.2275,1.75116645344551,
518,湖南,2013,26876.03,18141.13,45017.16,24621.67,1.82835526591007,
519,湖南,2014,30255.58,20783.1,51038.68,27037.3212,1.88771215988661,
520,湖南,2015,36220.61,24221.88,60442.49,28902.2139,2.09127543686195,
521,湖南,2016,41996.7,27532.3,69529.0,31551.37,2.2036761002771,
522,湖南,2017,46729.3,31850.0,78579.3,33902.96,2.31777107367616,
523,湖南,2018,48994.6,36460.5,85455.1,36425.78,2.34600604297286,
524,湖南,2019,52660.4,42415.4,95075.8,39752.12,2.39171646694566,
525,湖南,2020,57912.0,49402.8,107314.8,41781.49,2.56847709356464,
526,湖南,2021,62891.0,55845.0,118736.0,46063.09,2.57768204434396,
527,湖南,2022,70141.9,62351.5,132493.4,48670.37,2.72225997049129,
528,湖南,2023,77674.0,69396.0,147070.0,50012.85,2.94064425442661,
529,甘肃,2000,1402.93,1171.14,2574.07,983.36,2.61762731858119,
530,甘肃,2001,1615.75,1268.39,2884.14,1125.3728,2.56283073484627,
531,甘肃,2002,1806.32,1469.83,3276.15,1232.0302,2.65914747869005,
532,甘肃,2003,2129.61,1727.71,3857.32,1399.83,2.75556317552846,
533,甘肃,2004,2482.39,1907.35,4389.74,1688.49,2.59980219012254,
534,甘肃,2005,2895.86,1923.46,4819.32,1933.98,2.4919182204573,
535,甘肃,2006,3316.96,2112.08,5429.04,2276.7,2.38460930293846,
536,甘肃,2007,3747.11,2403.63,6150.74,2702.4,2.2760287152161,
537,甘肃,2008,4728.82,2731.89,7460.71,3166.82,2.35589960907156,
538,甘肃,2009,5881.82,3649.62,9531.44,3387.56,2.81365938905879,
539,甘肃,2010,7146.66,4576.68,11723.34,4120.75,2.8449529818601,
540,甘肃,2011,8460.94,5736.2,14197.14,5020.37,2.82790710644833,
541,甘肃,2012,10129.69,7196.6,17326.29,5650.204,3.06648928074101,
542,甘肃,2013,12070.64,8822.23,20892.87,6330.6923,3.30025043232633,
543,甘肃,2014,13957.98,11075.78,25033.76,6836.8208,3.66160833117053,
544,甘肃,2015,16299.5,13728.89,30028.39,6790.3169,4.42223690620389,
545,甘肃,2016,17411.68,15926.41,33338.09,7200.37,4.63005234453229,
546,甘肃,2017,17777.2,17404.6,35181.8,7459.8995,4.71612251612773,
547,甘肃,2018,18678.5,19371.7,38050.2,8246.07,4.61434356002314,
548,甘肃,2019,19768.5,20677.9,40446.4,8718.3,4.63925306539119,
549,甘肃,2020,20992.7,22159.4,43152.1,9016.7,4.78579746470438,
550,甘肃,2021,22614.6,23730.4,46345.0,10243.3,4.52442084093993,
551,甘肃,2022,24896.4,25389.8,50286.2,11201.6,4.48919797171833,
552,甘肃,2023,26544.0,27490.0,54034.0,11863.8,4.55452721724911,
553,福建,2000,3114.32,2438.82,5553.14,3920.07,1.41659205065216,
554,福建,2001,3614.26,2864.76,6479.02,4072.85,1.59078286703414,
555,福建,2002,4253.07,3110.05,7363.12,4467.55,1.64813376459133,
556,福建,2003,5178.29,3837.51,9015.8,4983.67,1.8090684174514,
557,福建,2004,5984.32,4367.05,10351.37,5763.35,1.79606825891192,
558,福建,2005,7248.4,5068.68,12317.08,6554.69,1.87912471833145,
559,福建,2006,8836.26,6447.72,15283.98,7583.85,2.01533258173619,
560,福建,2007,10040.15,8065.67,18105.82,9248.53,1.95769706104646,
561,福建,2008,11804.4,9585.92,21390.32,10823.01,1.97637440970673,
562,福建,2009,14702.34,12360.32,27062.66,12236.53,2.21162862347414,
563,福建,2010,18309.45,15231.36,33540.81,14737.12,2.27594061797692,
564,福建,2011,21055.49,18165.19,39220.68,17560.18,2.23350102333803,
565,福建,2012,24283.68,21209.82,45493.5,19701.78,2.30910608077037,
566,福建,2013,28043.82,24487.53,52531.35,21868.49,2.40214802210852,
567,福建,2014,30747.61,28417.7,59165.31,24055.76,2.45950699541399,
568,福建,2015,35576.06,32132.96,67709.02,25979.82,2.60621590141887,
569,福建,2016,40487.03,3096.09,43583.12,28810.58,1.51274705333943,
570,福建,2017,44086.83,3450.42,47537.25,32182.09,1.47713371008533,
571,福建,2018,45812.94,3865.44,49678.38,35804.04,1.38750766673258,
572,福建,2019,49836.41,4391.25,54227.66,42395.0,1.2791050831466,
573,福建,2020,56386.92,5012.75,61399.67,43903.89,1.39850181840379,
574,福建,2021,62091.51,67894.59,129986.1,48810.36,2.66308423047894,
575,福建,2022,72927.9,6437.66,79365.56,53109.85,1.49436611099448,
576,福建,2023,81021.13,82387.64,163408.77,54355.0,3.00632453316162,
577,西藏,2000,144.9755,80.6248,225.6003,117.464,1.92059098957979,
578,西藏,2001,212.9002,96.6246,309.5248,146.0352,2.11952186870015,
579,西藏,2002,282.9653,121.1279,404.0932,166.5583,2.42613667406548,
580,西藏,2003,320.8709,144.4358,465.3067,189.09,2.46076841715585,
581,西藏,2004,361.722,167.8969,529.6189,220.34,2.40364391395117,
582,西藏,2005,455.1139,178.8521,633.966,248.8,2.54809485530547,
583,西藏,2006,544.5494,203.7107,748.2601,290.76,2.57346299353419,
584,西藏,2007,642.4371,223.4699,865.907,341.43,2.53611867732771,
585,西藏,2008,827.8506,218.9754,1046.826,394.85,2.65119918956566,
586,西藏,2009,1027.2388,248.0072,1275.246,441.36,2.88935562805873,
587,西藏,2010,1295.5418,301.4941,1597.0359,507.46,3.14711681708903,
588,西藏,2011,1661.2392,408.7517,2069.9909,605.83,3.41678507171979,
589,西藏,2012,2050.5784,663.7578,2714.3362,701.03,3.87192588049014,
590,西藏,2013,2499.0839,1076.69,3575.7739,815.67,4.38384873784741,
591,西藏,2014,3082.3846,1618.7241,4701.1087,920.8326,5.10528048203332,
592,西藏,2015,3663.8524,2120.329,5784.1814,1026.3911,5.63545552957347,
593,西藏,2016,4379.66,3048.64,7428.3,1151.41,6.45148122736471,
594,西藏,2017,4952.51,4041.44,8993.95,1310.92,6.86079242059012,
595,西藏,2018,4928.4,4555.5,9483.9,1477.63,6.41831852358168,
596,西藏,2019,4973.91,4695.22,9669.13,1697.82,5.69502656347552,
597,西藏,2020,5418.09,4956.89,10374.98,1902.74,5.45265249061879,
598,西藏,2021,5591.85,5135.13,10726.98,2000.0,5.36349,
599,西藏,2022,6356.24,5416.17,11772.41,2132.64,5.52011122364769,
600,西藏,2023,6446.31,6011.54,12457.85,2392.67,5.20667288008794,5.20667288008794
601,贵州,2000,1106.64,1064.82,2171.46,993.53,2.1856008374181,
602,贵州,2001,1341.11,1212.23,2553.34,1133.27,2.25307296584221,
603,贵州,2002,1553.0,1403.92,2956.92,1243.43,2.37803495170617,
604,贵州,2003,1898.62,1714.04,3612.66,1426.34,2.53281826212544,
605,贵州,2004,2322.27,2020.04,4342.31,1677.8,2.58809750864227,
606,贵州,2005,2777.54,2303.93,5081.47,2005.42,2.53386821713157,
607,贵州,2006,3300.08,2696.11,5996.19,2338.98,2.56359182207629,
608,贵州,2007,3826.37,3128.63,6955.0,2884.11,2.41148915956742,
609,贵州,2008,4736.93,3569.27,8306.2,3561.56,2.33218028055122,
610,贵州,2009,5898.26,4656.5,10554.76,3912.68,2.6975781305908,
611,贵州,2010,7363.92,5747.53,13111.45,4602.16,2.84897743668191,
612,贵州,2011,9742.79,6841.92,16584.71,5701.84,2.90865930997713,
613,贵州,2012,10540.06,8274.78,18814.84,6852.2,2.74581010478387,
614,贵州,2013,13265.01,10104.3,23369.31,8086.86,2.88978787811338,
615,贵州,2014,15263.26,12368.3,27631.56,9266.39,2.98191204989214,
616,贵州,2015,19438.64,15051.94,34490.58,10502.56,3.28401646836581,
617,贵州,2016,23770.92,17857.82,41628.74,11776.73,3.53483012686883,
618,贵州,2017,26088.89,20860.34,46949.23,13540.8256,3.46723540992951,
619,贵州,2018,26473.34,24715.05,51188.39,14806.45,3.45716832866757,
620,贵州,2019,27170.6,28448.73,55619.33,16769.34,3.3167274323259,
621,贵州,2020,28276.31,32235.75,60512.06,17826.56,3.39448889746535,
622,贵州,2021,30048.12,35829.38,65877.5,19586.42,3.36342731341409,
623,贵州,2022,32830.7,40255.3,73086.0,20164.58,3.62447420179344,
624,贵州,2023,36066.64,45063.45,81130.09,20913.25,3.8793630832128,
625,辽宁,2000,5880.0,5195.6,11075.6,4669.06,2.37212629522859,
626,辽宁,2001,6591.4,5597.4,12188.8,5033.08,2.4217377828288,
627,辽宁,2002,7600.1,6247.4,13847.5,5458.22,2.53699924151097,
628,辽宁,2003,8942.6,7222.3,16164.9,6002.54,2.69300995911731,
629,辽宁,2004,10193.5,7744.3,17937.8,6672.0,2.68851918465228,
630,辽宁,2005,11967.0,7958.1,19925.1,8047.26,2.47601046815935,
631,辽宁,2006,13596.8,9117.2,22714.0,9304.52,2.44117912584421,
632,辽宁,2007,15117.8,10403.9,25521.7,11164.3,2.28600987074873,
633,辽宁,2008,18223.2,11794.6,30017.8,13668.58,2.19611693387316,
634,辽宁,2009,22758.6,15549.6,38308.2,15212.49,2.51820707852561,
635,辽宁,2010,27372.5,18689.8,46062.3,18457.27,2.49561825773801,
636,辽宁,2011,30832.4,22831.7,53664.1,22226.7,2.41439799880324,
637,辽宁,2012,35303.5,26306.5,61610.0,24846.43,2.47963188272923,
638,辽宁,2013,39418.0,29722.0,69140.0,27213.22,2.54067692099649,
639,辽宁,2014,42053.1,33023.5,75076.6,28626.58,2.6226185593948,
640,辽宁,2015,47758.2,36282.8,84041.0,28669.016,2.93142255039378,
641,辽宁,2016,51692.5,38685.6,90378.1,22246.9,4.0625030903182,
642,辽宁,2017,54249.0,41278.7,95527.7,23409.24,4.08076896131613,
643,辽宁,2018,59016.0,44985.0,104001.0,25315.35,4.10821892646161,
644,辽宁,2019,62697.4,49582.6,112280.0,24909.45,4.50752626011413,
645,辽宁,2020,67988.2,52209.4,120197.6,25114.96,4.7858965333809,
646,辽宁,2021,69995.5,53134.8,123130.3,27584.1,4.46381429881707,
647,辽宁,2022,75375.7,54321.0,129696.7,28975.1,4.47614330925519,
648,辽宁,2023,80296.8,54909.3,135206.1,30209.4,4.47563010188882,
649,重庆,2000,1982.21,1966.4,3948.61,1589.34,2.48443379012672,
650,重庆,2001,2377.99,1969.97,4347.96,1765.68,2.46248470844094,
651,重庆,2002,2903.42,2338.17,5241.59,1990.01,2.63395158818297,
652,重庆,2003,3512.82,2976.67,6489.49,2272.82,2.8552591054285,
653,重庆,2004,4105.09,3309.13,7414.22,2692.81,2.75333944838292,
654,重庆,2005,4784.76,3779.28,8564.04,3467.72,2.46964576148017,
655,重庆,2006,5587.5,4443.84,10031.34,3907.23,2.56737893597254,
656,重庆,2007,6662.36,5197.08,11859.44,4676.13,2.53616558992158,
657,重庆,2008,8102.0,6384.03,14486.03,5793.66,2.50032449263505,
658,重庆,2009,11084.82,8856.56,19941.38,6530.01,3.05380543061955,
659,重庆,2010,13613.97,10999.87,24613.84,7925.58,3.10562003033216,
660,重庆,2011,16128.87,13195.16,29324.03,10011.37,2.92907264440331,
661,重庆,2012,19423.9,15594.18,35018.08,11409.6,3.06917683354368,
662,重庆,2013,22789.17,18005.69,40794.86,12783.26,3.1912720229425,
663,重庆,2014,25160.11,20630.69,45790.8,14262.6,3.21055067098565,
664,重庆,2015,28778.8,22955.21,51734.01,15717.27,3.291539179514,
665,重庆,2016,32160.09,25524.17,57684.26,17740.59,3.25154123960928,
666,重庆,2017,34853.53,28417.46,63270.99,19424.73,3.25723909675965,
667,重庆,2018,36887.34,32247.75,69135.09,20363.19,3.39510116047633,
668,重庆,2019,39483.2,37105.02,76588.22,23605.77,3.24447031382581,
669,重庆,2020,42854.31,41908.91,84763.22,25002.79,3.39015045920875,
670,重庆,2021,45908.04,46927.61,92835.65,27894.02,3.32815599902775,
671,重庆,2022,49567.2,50051.89,99619.09,29129.03,3.41992472801188,
672,重庆,2023,53562.75,56730.2,110292.95,30145.79,3.65865183828322,
673,陕西,2000,2663.0,2193.12,4856.12,1660.92,2.92375310069118,
674,陕西,2001,3204.89,2537.55,5742.44,2010.62,2.8560543513941,
675,陕西,2002,3798.27,2950.84,6749.11,2253.39,2.99509183940641,
676,陕西,2003,4593.1,3549.6,8142.7,2587.72,3.14666965514043,
677,陕西,2004,5380.27,3829.57,9209.84,3175.58,2.90020720624264,
678,陕西,2005,6446.48,3983.19,10429.67,3933.72,2.65135037572578,
679,陕西,2006,7452.53,4463.21,11915.74,4743.61,2.51195608407942,
680,陕西,2007,8501.39,5121.16,13622.55,5757.29,2.36613927733361,
681,陕西,2008,10790.87,6056.82,16847.69,7314.58,2.30330244525318,
682,陕西,2009,13860.43,8276.64,22137.07,8169.8,2.70962202257093,
683,陕西,2010,16456.05,10033.12,26489.17,10123.48,2.61660713509584,
684,陕西,2011,19227.09,11865.26,31092.35,12512.3,2.48494281626879,
685,陕西,2012,22657.74,13865.61,36523.35,14453.68,2.52692393909371,
686,陕西,2013,25577.19,16219.84,41797.03,16205.45,2.57919588780318,
687,陕西,2014,28111.34,18837.2,46948.54,17689.94,2.65396830062736,
688,陕西,2015,32415.24,21760.61,54175.85,18021.8609,3.00611853019019,
689,陕西,2016,35707.36,24224.37,59931.73,19399.59,3.08932972294775,
690,陕西,2017,38153.27,26924.48,65077.75,21898.81,2.97174823654801,
691,陕西,2018,40927.56,30742.73,71670.29,24438.32,2.93270118404211,
692,陕西,2019,44536.65,34337.11,78873.76,25793.17,3.05793200292946,
693,陕西,2020,49448.62,39185.75,88634.37,26181.86,3.38533511370086,
694,陕西,2021,54625.07,44379.32,99004.39,29800.98,3.32218571335573,
695,陕西,2022,61956.81,48860.45,110817.26,32772.68,3.38139145166035,
696,陕西,2023,66562.82,53719.9,120282.72,33786.07,3.56012759104566,
697,青海,2000,280.17,348.57,628.74,263.59,2.38529534504344,
698,青海,2001,347.01,394.68,741.69,300.13,2.47122913404192,
699,青海,2002,419.41,443.24,862.65,340.65,2.53236459709379,
700,青海,2003,480.51,514.29,994.8,390.2,2.54946181445413,
701,青海,2004,601.75,619.85,1221.6,466.1,2.6208968032611,
702,青海,2005,733.05,638.59,1371.64,543.32,2.52455274976073,
703,青海,2006,896.78,723.18,1619.96,648.5,2.49801079414032,
704,青海,2007,1092.65,873.15,1965.8,797.35,2.46541669279488,
705,青海,2008,1383.68,1025.63,2409.31,1018.62,2.36526869686439,
706,青海,2009,1785.78,1399.02,3184.8,1081.27,2.94542528693111,
707,青海,2010,2319.64,1822.65,4142.29,1350.43,3.06738594373644,
708,青海,2011,2825.83,2231.52,5057.35,1670.44,3.0275556140897,
709,青海,2012,3528.41,2791.68,6320.09,1893.54,3.33771137657509,
710,青海,2013,4102.54,3398.17,7500.71,2122.06,3.53463615543387,
711,青海,2014,4529.87,4171.73,8701.6,2303.32,3.77785110188771,
712,青海,2015,5212.8,4988.01,10200.81,2417.05,4.22035539190335,
713,青海,2016,5570.17,5579.76,11149.93,2572.49,4.33429478831793,
714,青海,2017,5826.63,6222.49,12049.12,2624.83,4.59043823790493,
715,青海,2018,5754.66,6582.44,12337.1,2865.23,4.3057974403451,
716,青海,2019,5846.62,6639.76,12486.38,2965.95,4.20990913535292,
717,青海,2020,6302.79,6578.23,12881.02,3005.92,4.28521717144834,
718,青海,2021,6728.79,6818.43,13547.22,3346.63,4.04801845438546,
719,青海,2022,7613.49,7044.75,14658.24,3610.1,4.06034181878618,
720,青海,2023,7886.92,7550.24,15437.16,3799.1,4.06337290410887,
721,黑龙江,2000,3333.4,3145.1,6478.5,3253.0,1.99154626498617,
722,黑龙江,2001,3742.1,3358.6,7100.7,3390.13,2.09452144902998,
723,黑龙江,2002,4236.7,3624.0,7860.7,3637.2,2.16119542505224,
724,黑龙江,2003,4810.0,3981.3,8791.3,4057.4,2.16673239020062,
725,黑龙江,2004,5313.9,4038.9,9352.8,4750.6,1.96876184060961,
726,黑龙江,2005,6135.1,3658.5,9793.6,5513.7,1.7762301177068,
727,黑龙江,2006,6923.4,3971.9,10895.3,6211.8,1.75396825396825,
728,黑龙江,2007,7559.7,4256.4,11816.1,7104.0,1.66330236486486,
729,黑龙江,2008,8993.8,4532.7,13526.5,8314.37,1.62688213298181,
730,黑龙江,2009,11022.8,5988.3,17011.1,8587.0,1.98102946314196,
731,黑龙江,2010,12835.7,7230.5,20066.2,10368.6,1.93528538086145,
732,黑龙江,2011,14328.4,8548.7,22877.1,12582.0,1.81824034334764,
733,黑龙江,2012,16326.6,9906.7,26233.3,13691.58,1.91601699730783,
734,黑龙江,2013,18131.8,11359.4,29491.2,14454.9056,2.04022086453474,
735,黑龙江,2014,19254.8,13391.7,32646.5,15039.3764,2.17073495148376,
736,黑龙江,2015,21218.9,16214.9,37433.8,15083.67,2.48174350141577,
737,黑龙江,2016,22179.0,17725.0,39904.0,15386.09,2.59351141193117,
738,黑龙江,2017,23615.1,19208.4,42823.5,15902.6817,2.6928477100815,
739,黑龙江,2018,25321.9,20156.3,45478.2,16361.62,2.77956583761266,
740,黑龙江,2019,27716.7,21370.0,49086.7,13612.68,3.60595415450888,
741,黑龙江,2020,31610.6,22585.9,54196.5,13698.5,3.95638208562981,
742,黑龙江,2021,34319.9,24409.5,58729.4,14879.2,3.94708048819829,
743,黑龙江,2022,38782.5,25358.0,64140.5,15901.0,4.03374001635117,
744,黑龙江,2023,43274.1,26871.4,70145.5,15883.9,4.41613835393071,
