row_id,province,year,field_003
1,安徽省,2010年,2587.61
2,安徽省,2011年,3302.99
3,安徽省,2012年,3961.01
4,安徽省,2013年,4349.69
5,安徽省,2014年,4664.1
6,安徽省,2015年,5239.01
7,安徽省,2016年,5522.95
8,安徽省,2017年,6203.81
9,安徽省,2018年,6572.15
10,安徽省,2019年,7392.22
11,安徽省,2020年,7473.59
12,安徽省,2021年,7591.05
13,安徽省,2022年,8379.78
14,安徽省,2023年,8643.57
15,北京市,2010年,2717.32
16,北京市,2011年,3245.23
17,北京市,2012年,3685.31
18,北京市,2013年,4173.66
19,北京市,2014年,4524.67
20,北京市,2015年,5737.7
21,北京市,2016年,6406.77
22,北京市,2017年,6824.53
23,北京市,2018年,7471.43
24,北京市,2019年,7408.19
25,北京市,2020年,7116.18
26,北京市,2021年,7205.12
27,北京市,2022年,7469.15
28,北京市,2023年,7971.25
29,福建省,2010年,1695.09
30,福建省,2011年,2198.18
31,福建省,2012年,2607.5
32,福建省,2013年,3068.8
33,福建省,2014年,3306.7
34,福建省,2015年,4001.58
35,福建省,2016年,4275.4
36,福建省,2017年,4684.15
37,福建省,2018年,4832.69
38,福建省,2019年,5077.93
39,福建省,2020年,5216.1
40,福建省,2021年,5204.72
41,福建省,2022年,5691.22
42,福建省,2023年,5859.39
43,甘肃省,2010年,1468.58
44,甘肃省,2011年,1791.24
45,甘肃省,2012年,2059.56
46,甘肃省,2013年,2309.62
47,甘肃省,2014年,2541.49
48,甘肃省,2015年,2958.31
49,甘肃省,2016年,3150.03
50,甘肃省,2017年,3304.44
51,甘肃省,2018年,3772.23
52,甘肃省,2019年,3951.6
53,甘肃省,2020年,4163.4
54,甘肃省,2021年,4032.56
55,甘肃省,2022年,4257.16
56,甘肃省,2023年,4521.82
57,广东省,2010年,5421.54
58,广东省,2011年,6712.4
59,广东省,2012年,7387.86
60,广东省,2013年,8411.0
61,广东省,2014年,9152.64
62,广东省,2015年,12827.8
63,广东省,2016年,13446.09
64,广东省,2017年,15037.48
65,广东省,2018年,15729.26
66,广东省,2019年,17297.85
67,广东省,2020年,17430.79
68,广东省,2021年,18247.01
69,广东省,2022年,18533.08
70,广东省,2023年,18527.03
71,广西壮族自治区,2010年,2007.59
72,广西壮族自治区,2011年,2545.28
73,广西壮族自治区,2012年,2985.23
74,广西壮族自治区,2013年,3208.67
75,广西壮族自治区,2014年,3479.79
76,广西壮族自治区,2015年,4065.51
77,广西壮族自治区,2016年,4441.7
78,广西壮族自治区,2017年,4908.55
79,广西壮族自治区,2018年,5310.74
80,广西壮族自治区,2019年,5850.96
81,广西壮族自治区,2020年,6179.47
82,广西壮族自治区,2021年,5806.54
83,广西壮族自治区,2022年,5893.32
84,广西壮族自治区,2023年,6101.37
85,贵州省,2010年,1631.48
86,贵州省,2011年,2249.4
87,贵州省,2012年,2755.68
88,贵州省,2013年,3082.66
89,贵州省,2014年,3542.8
90,贵州省,2015年,3939.5
91,贵州省,2016年,4262.36
92,贵州省,2017年,4612.52
93,贵州省,2018年,5029.68
94,贵州省,2019年,5948.74
95,贵州省,2020年,5739.5
96,贵州省,2021年,5590.01
97,贵州省,2022年,5851.36
98,贵州省,2023年,6203.7
99,海南省,2010年,581.34
100,海南省,2011年,778.8
101,海南省,2012年,911.67
102,海南省,2013年,1011.17
103,海南省,2014年,1099.74
104,海南省,2015年,1239.43
105,海南省,2016年,1376.48
106,海南省,2017年,1443.97
107,海南省,2018年,1691.3
108,海南省,2019年,1858.6
109,海南省,2020年,1972.46
110,海南省,2021年,1971.37
111,海南省,2022年,2097.37
112,海南省,2023年,2248.96
113,河北省,2010年,2820.24
114,河北省,2011年,3537.39
115,河北省,2012年,4079.44
116,河北省,2013年,4409.58
117,河北省,2014年,4677.3
118,河北省,2015年,5632.19
119,河北省,2016年,6049.53
120,河北省,2017年,6639.18
121,河北省,2018年,7726.21
122,河北省,2019年,8309.04
123,河北省,2020年,9022.79
124,河北省,2021年,8848.21
125,河北省,2022年,9305.64
126,河北省,2023年,9606.21
127,河南省,2010年,3416.14
128,河南省,2011年,4248.82
129,河南省,2012年,5006.4
130,河南省,2013年,5582.31
131,河南省,2014年,6028.69
132,河南省,2015年,6799.35
133,河南省,2016年,7453.74
134,河南省,2017年,8215.52
135,河南省,2018年,9217.73
136,河南省,2019年,10163.93
137,河南省,2020年,10372.67
138,河南省,2021年,9784.29
139,河南省,2022年,10646.75
140,河南省,2023年,11052.54
141,黑龙江省,2010年,2253.27
142,黑龙江省,2011年,2794.08
143,黑龙江省,2012年,3171.52
144,黑龙江省,2013年,3369.18
145,黑龙江省,2014年,3434.22
146,黑龙江省,2015年,4020.66
147,黑龙江省,2016年,4227.34
148,黑龙江省,2017年,4641.08
149,黑龙江省,2018年,4676.75
150,黑龙江省,2019年,5011.56
151,黑龙江省,2020年,5449.41
152,黑龙江省,2021年,5104.81
153,黑龙江省,2022年,5451.99
154,黑龙江省,2023年,5776.44
155,湖北省,2010年,2501.4
156,湖北省,2011年,3214.74
157,湖北省,2012年,3759.79
158,湖北省,2013年,4371.65
159,湖北省,2014年,4934.15
160,湖北省,2015年,6132.84
161,湖北省,2016年,6422.98
162,湖北省,2017年,6801.26
163,湖北省,2018年,7258.27
164,湖北省,2019年,7970.21
165,湖北省,2020年,8442.88
166,湖北省,2021年,7933.67
167,湖北省,2022年,8623.87
168,湖北省,2023年,9299.07
169,湖南省,2010年,2702.48
170,湖南省,2011年,3520.76
171,湖南省,2012年,4119.0
172,湖南省,2013年,4690.89
173,湖南省,2014年,5017.38
174,湖南省,2015年,5728.72
175,湖南省,2016年,6339.16
176,湖南省,2017年,6869.39
177,湖南省,2018年,7479.61
178,湖南省,2019年,8034.42
179,湖南省,2020年,8403.13
180,湖南省,2021年,8325.5
181,湖南省,2022年,8991.61
182,湖南省,2023年,9581.12
183,吉林省,2010年,1787.25
184,吉林省,2011年,2201.74
185,吉林省,2012年,2471.2
186,吉林省,2013年,2744.81
187,吉林省,2014年,2913.25
188,吉林省,2015年,3217.1
189,吉林省,2016年,3586.09
190,吉林省,2017年,3725.72
191,吉林省,2018年,3789.59
192,吉林省,2019年,3933.42
193,吉林省,2020年,4127.17
194,吉林省,2021年,3696.84
195,吉林省,2022年,4044.01
196,吉林省,2023年,4406.85
197,江苏省,2010年,4914.06
198,江苏省,2011年,6221.72
199,江苏省,2012年,7027.67
200,江苏省,2013年,7798.47
201,江苏省,2014年,8472.45
202,江苏省,2015年,9687.58
203,江苏省,2016年,9981.96
204,江苏省,2017年,10621.03
205,江苏省,2018年,11657.35
206,江苏省,2019年,12573.55
207,江苏省,2020年,13681.55
208,江苏省,2021年,14585.26
209,江苏省,2022年,14901.37
210,江苏省,2023年,15242.28
211,江西省,2010年,1923.26
212,江西省,2011年,2534.6
213,江西省,2012年,3019.22
214,江西省,2013年,3470.3
215,江西省,2014年,3882.7
216,江西省,2015年,4412.55
217,江西省,2016年,4617.4
218,江西省,2017年,5111.47
219,江西省,2018年,5667.52
220,江西省,2019年,6386.8
221,江西省,2020年,6674.08
222,江西省,2021年,6778.87
223,江西省,2022年,7289.07
224,江西省,2023年,7492.88
225,辽宁省,2010年,3195.82
226,辽宁省,2011年,3905.85
227,辽宁省,2012年,4558.59
228,辽宁省,2013年,5197.42
229,辽宁省,2014年,5080.49
230,辽宁省,2015年,4481.61
231,辽宁省,2016年,4577.47
232,辽宁省,2017年,4879.42
233,辽宁省,2018年,5337.72
234,辽宁省,2019年,5745.09
235,辽宁省,2020年,6014.17
236,辽宁省,2021年,5879.21
237,辽宁省,2022年,6261.43
238,辽宁省,2023年,6574.78
239,内蒙古自治区,2010年,2273.5
240,内蒙古自治区,2011年,2989.21
241,内蒙古自治区,2012年,3425.99
242,内蒙古自治区,2013年,3686.52
243,内蒙古自治区,2014年,3879.98
244,内蒙古自治区,2015年,4252.96
245,内蒙古自治区,2016年,4512.71
246,内蒙古自治区,2017年,4529.93
247,内蒙古自治区,2018年,4831.46
248,内蒙古自治区,2019年,5100.91
249,内蒙古自治区,2020年,5270.16
250,内蒙古自治区,2021年,5239.57
251,内蒙古自治区,2022年,5887.7
252,内蒙古自治区,2023年,6836.24
253,宁夏回族自治区,2010年,557.53
254,宁夏回族自治区,2011年,705.91
255,宁夏回族自治区,2012年,864.36
256,宁夏回族自治区,2013年,922.48
257,宁夏回族自治区,2014年,1000.45
258,宁夏回族自治区,2015年,1138.49
259,宁夏回族自治区,2016年,1254.54
260,宁夏回族自治区,2017年,1372.78
261,宁夏回族自治区,2018年,1419.06
262,宁夏回族自治区,2019年,1438.29
263,宁夏回族自治区,2020年,1480.36
264,宁夏回族自治区,2021年,1427.89
265,宁夏回族自治区,2022年,1587.85
266,宁夏回族自治区,2023年,1751.38
267,青海省,2010年,743.4
268,青海省,2011年,967.47
269,青海省,2012年,1159.05
270,青海省,2013年,1228.05
271,青海省,2014年,1347.43
272,青海省,2015年,1515.16
273,青海省,2016年,1524.8
274,青海省,2017年,1530.44
275,青海省,2018年,1647.43
276,青海省,2019年,1863.67
277,青海省,2020年,1932.84
278,青海省,2021年,1854.52
279,青海省,2022年,1975.1
280,青海省,2023年,2188.72
281,山东省,2010年,4145.03
282,山东省,2011年,5002.07
283,山东省,2012年,5904.52
284,山东省,2013年,6688.8
285,山东省,2014年,7177.31
286,山东省,2015年,8250.01
287,山东省,2016年,8755.21
288,山东省,2017年,9258.4
289,山东省,2018年,10100.96
290,山东省,2019年,10739.76
291,山东省,2020年,11233.52
292,山东省,2021年,11713.16
293,山东省,2022年,12128.63
294,山东省,2023年,12581.74
295,山西省,2010年,1931.36
296,山西省,2011年,2363.85
297,山西省,2012年,2759.46
298,山西省,2013年,3030.13
299,山西省,2014年,3085.28
300,山西省,2015年,3422.97
301,山西省,2016年,3428.86
302,山西省,2017年,3756.42
303,山西省,2018年,4283.91
304,山西省,2019年,4710.76
305,山西省,2020年,5110.87
306,山西省,2021年,5046.62
307,山西省,2022年,5876.5
308,山西省,2023年,6345.61
309,陕西省,2010年,2218.83
310,陕西省,2011年,2930.81
311,陕西省,2012年,3323.8
312,陕西省,2013年,3665.07
313,陕西省,2014年,3962.5
314,陕西省,2015年,4376.06
315,陕西省,2016年,4389.37
316,陕西省,2017年,4833.19
317,陕西省,2018年,5302.44
318,陕西省,2019年,5718.52
319,陕西省,2020年,5930.32
320,陕西省,2021年,6069.22
321,陕西省,2022年,6760.98
322,陕西省,2023年,7175.08
323,上海市,2010年,3302.89
324,上海市,2011年,3914.88
325,上海市,2012年,4184.02
326,上海市,2013年,4528.61
327,上海市,2014年,4923.44
328,上海市,2015年,6191.56
329,上海市,2016年,6918.94
330,上海市,2017年,7547.62
331,上海市,2018年,8351.54
332,上海市,2019年,8179.28
333,上海市,2020年,8102.11
334,上海市,2021年,8430.86
335,上海市,2022年,9393.0
336,上海市,2023年,9638.51
337,四川省,2010年,4257.98
338,四川省,2011年,4674.92
339,四川省,2012年,5450.99
340,四川省,2013年,6220.91
341,四川省,2014年,6796.61
342,四川省,2015年,7497.51
343,四川省,2016年,8008.89
344,四川省,2017年,8694.76
345,四川省,2018年,9707.5
346,四川省,2019年,10348.17
347,四川省,2020年,11198.54
348,四川省,2021年,11215.69
349,四川省,2022年,11914.66
350,四川省,2023年,12732.79
351,天津市,2010年,1376.84
352,天津市,2011年,1796.33
353,天津市,2012年,2143.21
354,天津市,2013年,2549.21
355,天津市,2014年,2884.7
356,天津市,2015年,3232.35
357,天津市,2016年,3699.43
358,天津市,2017年,3282.54
359,天津市,2018年,3103.16
360,天津市,2019年,3555.71
361,天津市,2020年,3151.35
362,天津市,2021年,3152.55
363,天津市,2022年,2729.83
364,天津市,2023年,3280.42
365,西藏自治区,2010年,551.04
366,西藏自治区,2011年,758.11
367,西藏自治区,2012年,905.34
368,西藏自治区,2013年,1014.31
369,西藏自治区,2014年,1185.51
370,西藏自治区,2015年,1381.46
371,西藏自治区,2016年,1587.98
372,西藏自治区,2017年,1681.94
373,西藏自治区,2018年,1970.68
374,西藏自治区,2019年,2187.75
375,西藏自治区,2020年,2210.92
376,西藏自治区,2021年,2027.01
377,西藏自治区,2022年,2592.98
378,西藏自治区,2023年,2809.02
379,新疆维吾尔自治区,2010年,1698.91
380,新疆维吾尔自治区,2011年,2284.49
381,新疆维吾尔自治区,2012年,2720.07
382,新疆维吾尔自治区,2013年,3067.12
383,新疆维吾尔自治区,2014年,3317.79
384,新疆维吾尔自治区,2015年,3804.87
385,新疆维吾尔自治区,2016年,4138.25
386,新疆维吾尔自治区,2017年,4637.24
387,新疆维吾尔自治区,2018年,5012.45
388,新疆维吾尔自治区,2019年,5315.49
389,新疆维吾尔自治区,2020年,5533.16
390,新疆维吾尔自治区,2021年,5376.91
391,新疆维吾尔自治区,2022年,6835.4
392,新疆维吾尔自治区,2023年,7566.98
393,云南省,2010年,2285.72
394,云南省,2011年,2929.6
395,云南省,2012年,3572.66
396,云南省,2013年,4096.51
397,云南省,2014年,4437.98
398,云南省,2015年,4712.83
399,云南省,2016年,5018.86
400,云南省,2017年,5712.97
401,云南省,2018年,6075.03
402,云南省,2019年,6770.09
403,云南省,2020年,6974.02
404,云南省,2021年,6634.36
405,云南省,2022年,6699.79
406,云南省,2023年,6730.08
407,浙江省,2010年,3207.88
408,浙江省,2011年,3842.59
409,浙江省,2012年,4161.88
410,浙江省,2013年,4730.47
411,浙江省,2014年,5159.57
412,浙江省,2015年,6645.98
413,浙江省,2016年,6974.26
414,浙江省,2017年,7530.32
415,浙江省,2018年,8629.53
416,浙江省,2019年,10053.03
417,浙江省,2020年,10082.01
418,浙江省,2021年,11014.59
419,浙江省,2022年,12017.78
420,浙江省,2023年,12353.09
421,重庆市,2010年,1709.04
422,重庆市,2011年,2570.24
423,重庆市,2012年,3046.36
424,重庆市,2013年,3062.28
425,重庆市,2014年,3304.39
426,重庆市,2015年,3792.0
427,重庆市,2016年,4001.81
428,重庆市,2017年,4336.28
429,重庆市,2018年,4540.95
430,重庆市,2019年,4847.68
431,重庆市,2020年,4893.95
432,重庆市,2021年,4835.06
433,重庆市,2022年,4892.77
434,重庆市,2023年,5304.56
