row_id,id,province,year,field_004,field_005,field_006,field_007,field_008,firm,firm_2,field_011,firm_3,income,index,index_2,field_016,digital_economy_index
1,1,北 京,2011,65.5,8459.2624,966.8,154.27,9.4695238,371,57,5090.4302,2.5266667,30704457.0,97.53,72.23,32.59,0.2466762164269124
2,1,北 京,2012,125.6,8464.9992,1076.8,156.9,11.437771,420,58,8527.0898,6.32,36765627.0,155.56,159.42,118.47,0.3059069122523387
3,1,北 京,2013,185.7,8472.4024,1186.8,159.53,13.406018,410,59,12345.3,7.5,42106311.0,193.86,247.5,229.57,0.3601746521471172
4,1,北 京,2014,265.5,8525.4576,1159.9,189.46,14.722246,397,60,16576.301,12.6,47965752.0,243.92,219.89,235.22,0.4076682341202463
5,1,北 京,2015,485.7,8564.4256,1580.5,181.73,16.787991,402,63,20064.6,17.1,54228650.0,268.39,234.17,379.48,0.4818099018454977
6,1,北 京,2016,645.7,8614.8592,1784.0,178.06,18.689208,390,64,21367.301,18.0,64160228.0,285.64877,263.73841,329.89713,0.5061005549924756
7,1,北 京,2017,537.5,8633.5816,1818.0,172.85,9.5548349,374,65,29441.5,19.0,78366516.0,316.11839,357.2373,326.01867,0.5214902713517083
8,1,北 京,2018,443.5,8639.1864,2059.9,186.11,22.97304,360,64,28884.801,20.7,97289178.0,353.86707,366.78169,420.18898,0.5611467083732027
9,1,北 京,2019,505.0,8643.48,2060.1,186.66,23.880994,373,58,36656.398,22.2,119800000.0,384.65586,402.06976,440.82605,0.60006867255025
10,1,北 京,2020,373.2,8683.6376,2084.1,178.43,26.81813,394,58,41128.199,22.8,157400000.0,397.00187,445.83295,436.02171,0.6163143935765445
11,1,北 京,2021,566.0,8765.5192,2030.8,181.49,28.755909,405,57,48096.0,23.5,203800000.0,432.92659,474.2983,434.34999,0.6783807791788242
12,1,北 京,2022,738.9,8847.4008,2114.5,179.8,30.002486,416,54,55063.801,24.2,250300000.0,468.85131,502.76365,432.67828,0.7355448972063063
13,2,天 津,2011,11.9,363.48393,569.5,105.72,7.3288235,360,51,1591.3,5.3466667,4059928.2,69.37,53.33,44.72,0.1035895568098453
14,2,天 津,2012,11.7,347.06165,461.7,97.8,9.1088,406,52,2283.1899,6.21,5542195.3,110.61,135.77,140.44,0.1366459274763385
15,2,天 津,2013,11.5,346.8235,353.9,89.88,10.888777,425,53,1984.5,5.4,7113918.4,146.54,197.52,229.67,0.160227324283985
16,2,天 津,2014,15.4,351.90753,397.7,89.12,12.434766,400,54,3347.1001,7.1,9068842.1,193.86,180.28,257.11,0.1784863368562361
17,2,天 津,2015,34.9,353.34568,470.2,88.54,13.704984,412,54,5217.0,9.1,10078453.0,211.89,195.46,398.62,0.2177629643958487
18,2,天 津,2016,35.4,355.00793,724.3,96.01,15.367966,413,53,4469.7998,8.4,11858459.0,225.41186,231.61467,339.14709,0.2166770759743333
19,2,天 津,2017,26.5,355.63988,795.3,101.49,17.106159,375,52,4395.7998,6.6,13519355.0,257.90373,310.1329,322.90548,0.2251564433897449
20,2,天 津,2018,26.7,355.87078,897.4,105.7,19.897296,325,47,5012.2998,6.6,16405911.0,295.34759,317.93839,386.10428,0.2442165645814262
21,2,天 津,2019,33.4,356.04765,1092.6,109.15,30.259601,310,43,5572.7002,7.3,20261151.0,323.8566,349.01278,402.11102,0.2657849640494892
22,2,天 津,2020,33.7,357.70183,1254.6,123.4,31.496392,320,40,6746.0,6.8,23749314.0,340.2899,373.90688,408.73769,0.2794024627111025
23,2,天 津,2021,30.3,361.07475,1352.5,127.1,27.167623,354,39,7840.8999,7.3,26583571.0,381.74545,404.55713,425.92056,0.2939144699394751
24,2,天 津,2022,21.8,364.44768,1420.4,132.8,28.99682,388,32,8935.7998,7.8,29417828.0,423.20101,435.20739,443.10342,0.3082614718756868
25,3,河 北,2011,29.3,958.2758,1462.7,70.29,2.5783898,172,38,1059.85,0.74,1021628.3,18.46,44.19,57.15,0.07045966463604532
26,3,河 北,2012,27.3,955.2459,1756.0,76.1,3.4295551,206,44,1633.73,2.08,1272830.7,65.46,108.15,133.9,0.1105213011533073
27,3,河 北,2013,25.3,954.5904,2049.3,81.91,4.2807203,238,50,1975.3,2.7,1342256.2,105.66,162.85,242.35,0.1519120280568985
28,3,河 北,2014,36.0,956.1261,2204.7,84.36,4.6525424,257,56,2748.1001,4.4,1499060.4,149.97,131.34,249.86,0.1692159532916655
29,3,河 北,2015,60.4,959.0811,2948.5,82.63,5.4639831,293,57,2303.5,6.6,1844661.0,172.78,151.45,375.2,0.2091015392724956
30,3,河 北,2016,74.9,963.5929,3841.1,95.33,6.25,332,57,3461.6001,8.4,2101821.9,191.54962,196.87416,321.45995,0.2269219119913382
31,3,河 北,2017,63.8,965.3082,4126.9,100.83,9.0810381,353,57,5283.7002,6.9,2378556.8,232.89192,273.45063,313.86534,0.2439803555317943
32,3,河 北,2018,86.8,965.935,4192.4,108.46,11.226165,366,56,4527.5,6.7,2641618.6,264.06173,267.9248,371.55034,0.2628381400000296
33,3,河 北,2019,138.4,966.415,4345.8,109.53,11.568856,336,55,4652.2998,7.1,3266655.9,284.38708,297.33108,387.38317,0.2788575235234793
34,3,河 北,2020,100.2,970.905,4598.2,111.73,11.81197,345,51,6119.8999,7.7,1704046.0,304.09539,318.41535,391.91855,0.2834583285768019
35,3,河 北,2021,81.3,980.06,5012.5,116.05,12.184322,389,50,6056.2998,7.5,4429647.1,335.68914,352.95139,406.84325,0.2974536940903873
36,3,河 北,2022,55.6,989.215,5321.7,117.7,13.254401,433,43,5992.6997,7.3,7155248.2,367.28288,387.48743,421.76795,0.3050328288495715
37,4,山 西,2011,6.0,429.5719,593.1,68.25,3.8257817,37,35,396.95999,1.1,317467.05,28.94,21.61,69.57,0.05322840902935361
38,4,山 西,2012,7.1,429.6954,737.4,76.9,3.8270581,43,39,523.17999,1.1,299441.5,75.2,86.48,163.5,0.09041917410568985
39,4,山 西,2013,8.2,429.4005,881.7,85.55,3.8283344,52,43,611.20001,1.8,277591.7,115.4,139.08,248.75,0.1255778079795541
40,4,山 西,2014,13.2,428.2648,996.8,91.35,4.32291,43,47,899.90002,3.7,227373.6,163.16,124.78,260.43,0.1443903668819429
41,4,山 西,2015,21.5,430.7452,1345.9,88.46,4.8864071,40,46,1057.1,6.1,241540.6,186.14,141.52,390.57,0.1791292416431899
42,4,山 西,2016,23.9,432.77155,1582.9,91.42,5.7740906,48,45,1301.7,8.1,239171.7,205.50537,189.37744,352.95835,0.1886659510224758
43,4,山 西,2017,24.4,433.54195,1840.1,98.53,6.8270581,55,42,1597.3,6.5,298861.6,243.02262,254.97938,324.92193,0.1960875120576414
44,4,山 西,2018,107.6,433.8234,1989.2,106.55,7.6247607,62,39,3372.3,6.3,286991.7,277.02884,249.7299,367.19445,0.220535133123869
45,4,山 西,2019,82.1,434.03905,2148.2,106.92,8.1608168,70,34,3479.6001,6.0,489207.1,305.61027,277.89084,375.06518,0.2238324043889164
46,4,山 西,2020,82.8,436.05555,2322.3,115.22,8.4192725,82,32,3251.0,6.5,692994.1,327.28716,291.36529,383.03569,0.2340010847683107
47,4,山 西,2021,34.9,440.1673,2478.7,118.55,9.4192725,107,30,5039.7998,6.6,709445.2,363.63076,331.72699,397.58149,0.2456900737860105
48,4,山 西,2022,30.8,444.27905,2760.2,118.95,10.137409,132,25,6828.5996,6.7,725896.3,399.97436,372.0887,412.12728,0.2590996168278368
49,5,内蒙古,2011,3.2,264.35195,420.2,97.67,0.24649197,28,38,119.6,1.04,242297.55,24.65,30.27,40.35,0.0559209416718442
50,5,内蒙古,2012,3.9,261.12258,548.7,102.7,0.27235841,32,42,119.6,1.04,253582.0,75.03,95.44,139.78,0.09288106937190342
51,5,内蒙古,2013,4.6,260.9434,677.2,107.73,0.29822485,35,46,298.89999,2.0,278410.7,116.37,138.84,260.45,0.132372329786779
52,5,内蒙古,2014,6.3,262.2707,739.9,105.18,0.33795435,29,50,606.59998,3.4,294602.2,165.46,114.88,300.84,0.1498569454651179
53,5,内蒙古,2015,8.7,262.48535,916.0,94.66,0.39391378,29,49,2250.8,5.5,300979.6,185.34,136.04,453.66,0.1847518976644251
54,5,内蒙古,2016,10.8,263.72018,1200.7,98.04,0.49551987,34,50,2614.5,7.6,279597.5,201.99718,184.89006,403.99722,0.1937151242595301
55,5,内蒙古,2017,9.9,264.18963,1294.1,112.36,0.83313609,38,51,2800.3999,6.5,157280.5,238.92021,249.19804,340.09566,0.1998172322875674
56,5,内蒙古,2018,12.2,264.36115,1358.4,120.14,0.74074387,36,44,3206.8999,6.1,116699.4,269.4915,232.31321,349.76481,0.2020134056662561
57,5,内蒙古,2019,27.9,261.1016,1372.7,118.59,1.1072697,48,38,4199.3999,6.0,62636.9,291.44902,260.31336,362.97731,0.2084817662229488
58,5,内蒙古,2020,19.5,262.31468,1441.3,123.17,1.3005917,44,38,4813.6001,6.9,144399.0,310.3995,275.65716,367.40031,0.2180976767544167
59,5,内蒙古,2021,12.4,264.78815,1750.1,125.71,1.3337278,46,37,5990.7998,7.5,2778377.4,346.88924,318.60341,385.27643,0.2368235311478617
60,5,内蒙古,2022,16.4,267.26163,1739.0,125.49,1.4403221,48,31,7167.9995,8.1,5412355.8,383.37898,361.54966,403.15256,0.2498088132077811
61,6,辽 宁,2011,23.5,1123.4958,903.6,91.39,2.4432432,353,28,1322.48,0.85333333,20083404.0,44.96,44.64,35.33,0.08001861528504196
62,6,辽 宁,2012,22.9,1120.5134,1267.5,97.9,2.9878378,333,35,1776.37,1.59,21356992.0,89.01,120.36,120.91,0.1221524433407952
63,6,辽 宁,2013,22.3,1119.7444,1631.4,104.41,3.5324324,332,42,2176.1001,2.0,27795023.0,126.67,181.54,231.33,0.1677129095650165
64,6,辽 宁,2014,30.3,1122.1202,2083.5,103.29,4.2878378,313,49,2697.1001,2.9,30613714.0,175.49,162.89,272.53,0.1926190804701515
65,6,辽 宁,2015,48.2,1127.3409,2710.8,97.89,5.2074324,303,51,3648.6001,5.0,30342199.0,194.17,178.41,420.06,0.2341119012341071
66,6,辽 宁,2016,59.3,1129.2633,3239.5,101.13,6.9952703,236,54,3183.3999,5.8,18903341.0,207.73741,220.06242,330.21495,0.2300936993659431
67,6,辽 宁,2017,47.5,1131.2735,3118.8,108.85,7.9351351,207,54,3736.5,4.7,19901517.0,239.87227,291.26529,313.57423,0.2395176925897787
68,6,辽 宁,2018,64.7,1128.6187,3240.3,111.96,9.1533784,211,50,5902.6001,5.0,15095710.0,271.81311,279.47555,375.01204,0.2564531142715766
69,6,辽 宁,2019,96.2,1129.1797,3270.7,112.22,10.133784,222,48,6682.2998,5.5,17599753.0,292.44408,302.52138,387.77,0.2702331260660436
70,6,辽 宁,2020,79.5,1134.4258,3305.2,114.43,11.114189,242,45,6972.8999,5.8,19218201.0,307.11236,328.11833,386.33345,0.2747776649377107
71,6,辽 宁,2021,42.5,1145.1227,3274.0,117.63,11.780405,241,44,7656.2998,5.9,18389340.0,340.10019,363.89797,401.7251,0.2838545493789851
72,6,辽 宁,2022,37.7,1155.8196,3444.3,121.54,12.129716,240,37,8339.6997,6.0,17560478.0,373.08801,399.67761,417.11676,0.2931638120724057
73,7,吉 林,2011,5.8,396.52793,576.2,77.98,1.1819637,55,37,183.06,0.52666667,2014757.0,23.75,24.04,27.86,0.04794561582270408
74,7,吉 林,2012,6.7,406.55795,635.6,82.1,1.298826,60,41,424.48001,1.07,2619433.0,69.43,93.83,133.99,0.08719673685704535
75,7,吉 林,2013,7.6,409.58205,695.0,86.22,1.4156884,59,45,260.0,1.7,3195737.2,106.85,147.95,224.97,0.1204928796827551
76,7,吉 林,2014,10.7,408.34553,806.0,94.91,1.6579509,50,49,795.29999,2.2,3812815.8,154.91,136.01,254.75,0.1407585126572442
77,7,吉 林,2015,14.7,410.554,987.2,91.22,2.1029883,47,47,779.0,4.2,4405089.2,175.49,154.68,413.47,0.1766008040037033
78,7,吉 林,2016,20.5,409.10438,1560.7,97.14,2.1947705,50,41,740.79999,5.1,5110866.6,191.93941,204.13779,323.5897,0.1737381273685203
79,7,吉 林,2017,24.6,409.83263,1761.1,105.57,2.2934899,60,43,793.20001,4.3,5837083.3,227.44608,273.62359,310.71757,0.1893163538551806
80,7,吉 林,2018,37.1,410.0987,1526.7,110.98,4.6563501,57,42,841.5,4.9,6671132.0,256.54619,255.22637,378.46398,0.2075076141988768
81,7,吉 林,2019,62.7,410.30253,1686.6,107.69,4.2209178,50,41,885.70001,5.1,3966438.4,275.74767,275.92908,379.61996,0.2132453609052821
82,7,吉 林,2020,55.8,412.20878,1651.2,119.22,4.8511206,45,41,872.5,5.5,4413392.5,290.78061,297.63218,385.28643,0.2238116406884434
83,7,吉 林,2021,21.6,416.09565,1743.1,124.88,4.5192102,50,39,936.09998,5.6,5056161.3,325.38157,334.22325,395.19753,0.2326932637250833
84,7,吉 林,2022,17.5,419.98253,1830.9,128.12,4.5692903,55,33,999.69995,5.7,5698930.1,359.98252,370.81431,405.10864,0.2409550980449129
85,8,黑龙江,2011,0.0,396.52793,678.2,60.24,0.76786469,30,22,704.45001,0.20666667,907670.45,21.12,36.28,69.83,0.03693139830688755
86,8,黑龙江,2012,7.3,406.55795,771.7,69.5,0.84291755,35,30,646.82001,1.23,1069933.5,66.48,100.46,135.89,0.0750826144431998
87,8,黑龙江,2013,85.7,406.27895,865.2,78.76,0.9179704,34,38,977.0,1.5,1182164.4,104.49,152.58,242.97,0.1236644617572866
88,8,黑龙江,2014,79.1,405.02563,1044.0,90.21,1.0534884,38,46,854.79999,2.9,1333084.9,152.48,142.48,264.41,0.1472822420066644
89,8,黑龙江,2015,72.1,407.18883,1308.8,87.36,1.1642706,37,47,636.59998,4.3,1506690.5,174.68,164.06,409.72,0.1812852015775154
90,8,黑龙江,2016,23.7,409.10438,1964.9,90.69,1.3016913,39,46,538.20001,5.6,1679760.8,191.24127,206.54222,350.96835,0.1813740113688172
91,8,黑龙江,2017,20.1,409.83263,1937.2,96.53,2.2906977,38,46,1091.0,4.3,1895875.7,225.99626,275.86062,323.77001,0.1893724340846347
92,8,黑龙江,2018,28.1,410.0987,2113.2,101.6,2.2490486,33,44,904.09998,4.7,482541.1,256.12347,254.88232,372.2806,0.2020839267781855
93,8,黑龙江,2019,56.0,410.30253,2181.1,104.74,2.6936575,30,39,914.0,4.8,558999.2,275.78899,274.64106,382.40908,0.2101007745009975
94,8,黑龙江,2020,53.6,412.20878,2127.5,120.7,3.1706131,23,38,1055.0,5.5,462001.9,290.47855,293.69489,380.09133,0.2208733954841097
95,8,黑龙江,2021,25.1,416.09565,2260.4,120.3,2.4651163,31,37,1412.1,6.0,554032.3,327.59386,335.19596,396.68576,0.231867013083626
96,8,黑龙江,2022,23.1,419.98253,2198.6,123.54,2.7400994,39,31,1769.2,6.5,646062.7,364.70918,376.69702,413.28019,0.2426651985600924
97,9,上 海,2011,90.5,1486.9797,1608.4,123.88,33.814368,701,69,4691.5098,4.0466667,16650596.0,98.85,86.24,7.58,0.1822696413753108
98,9,上 海,2012,84.4,1477.4911,1491.5,128.2,41.984071,728,70,7746.1802,6.21,20862404.0,149.35,174.72,111.94,0.2347595219338141
99,9,上 海,2013,78.3,1479.7803,1374.6,132.52,50.153773,724,71,6762.3999,5.7,25389882.0,187.31,280.93,230.3,0.2777797342508431
100,9,上 海,2014,102.3,1490.6271,1404.5,135.74,64.300923,675,72,19070.0,9.2,28993538.0,237.02,242.78,241.88,0.3236455658313103
101,9,上 海,2015,204.8,1500.8778,1464.8,129.69,74.915228,692,73,18999.199,13.1,33813497.0,258.98,259.81,374.54,0.3791634788888423
102,9,上 海,2016,263.2,1521.4625,1595.7,130.44,83.999685,692,74,24213.5,12.5,38158600.0,274.24543,281.47509,309.94443,0.3947918733357184
103,9,上 海,2017,240.6,1527.5579,1810.2,136.4,91.932813,672,72,24156.5,10.8,43414756.0,305.88819,396.04929,330.31123,0.4186299285376933
104,9,上 海,2018,147.4,1528.5497,1871.8,153.57,97.405567,656,67,27076.4,10.7,48368600.0,346.33239,400.39722,440.2605,0.4471106586838847
105,9,上 海,2019,138.9,1529.3094,2028.6,165.06,106.0011,674,62,31829.9,11.0,59119033.0,378.25086,439.91181,462.22783,0.4788291522730716
106,9,上 海,2020,140.7,1539.8212,2322.0,171.99,110.08596,697,57,37722.102,11.2,65713228.0,395.20409,488.68336,450.08004,0.5003759135402353
107,9,上 海,2021,148.4,1554.3408,2340.4,176.7,112.48324,743,57,48406.801,11.3,80379116.0,433.42333,510.69446,449.36359,0.53476275189955
108,9,上 海,2022,130.3,1568.8604,2536.8,179.04,119.08887,789,54,59091.5,11.4,95045003.0,471.64258,532.70556,448.64715,0.5674247265833804
109,10,江苏,2011,39.5,1586.1117,2721.6,89.17,13.058769,3155,93,8205.21,5.0133333,32244697.0,66.7,79.22,15.71,0.211461387212609
110,10,江苏,2012,52.2,1589.8729,2892.4,94.6,14.625,3501,83,8623.0098,6.71,41670224.0,106.69,156.55,109.94,0.2521636362757153
111,10,江苏,2013,64.9,1588.7819,3063.2,100.03,16.191231,3869,73,10631.9,5.6,51772720.0,144.68,223.09,224.3,0.2909040204563361
112,10,江苏,2014,83.6,1593.5435,3503.3,101.39,19.412313,3916,63,10912.3,8.7,61725909.0,193.18,201.09,246.02,0.3119166825290418
113,10,江苏,2015,130.3,1601.8337,4697.3,100.21,23.428172,4013,64,9508.7998,11.0,70623775.0,215.94,218.62,382.84,0.3645497476046031
114,10,江苏,2016,173.2,1609.3693,5676.8,102.5,27.420709,4016,64,9758.2002,9.6,81656015.0,233.21901,253.07703,322.79959,0.3770949281779503
115,10,江苏,2017,161.6,1612.2341,6531.7,109.69,30.302239,4238,64,11803.8,8.4,89364545.0,272.32254,328.9296,324.69271,0.4062508804009641
116,10,江苏,2018,188.3,1613.2808,7131.5,121.65,32.759328,4053,61,15194.7,8.6,88331851.0,311.95099,333.0854,408.61877,0.4402594097808257
117,10,江苏,2019,242.5,1614.0826,7249.0,125.97,34.320896,3996,60,17291.801,9.4,97793124.0,341.49871,365.49563,422.91761,0.4671395964011362
118,10,江苏,2020,206.7,1621.5817,7224.9,116.78,37.221082,4232,55,20902.1,10.4,108200000.0,362.10902,395.00553,421.69919,0.4784712263542715
119,10,江苏,2021,172.5,1636.8722,7464.3,119.68,38.795709,4924,53,20620.301,10.4,113900000.0,398.65631,428.99839,430.83463,0.4972755742059357
120,10,江苏,2022,150.0,1652.1627,7705.0,124.1,39.718479,5616,45,20338.502,10.4,119500000.0,435.20359,462.99125,439.97007,0.5129391427050204
121,11,浙 江,2011,616.9,1751.3316,2053.4,107.18,8.6365422,1739,71,3559.99,10.86,7860585.0,85.53,93.52,21.22,0.2423471439942884
122,11,浙 江,2012,343.0,1755.1404,2250.4,117.9,9.9980354,1824,68,4472.3599,11.27,13553435.0,128.5,200.42,107.07,0.256606727203211
123,11,浙 江,2013,69.1,1753.936,2447.4,128.62,11.359528,1925,65,5925.2002,11.5,18988428.0,167.96,265.48,222.12,0.2711358531495962
124,11,浙 江,2014,91.2,1792.7364,2632.6,133.82,16.277014,2034,62,6534.5,12.0,24376170.0,217.48,233.67,230.71,0.2888570670256022
125,11,浙 江,2015,208.8,2173.9172,4768.9,131.5,20.355599,2168,59,7332.7998,13.2,30374129.0,239.33,251.29,373.77,0.3565237785977881
126,11,浙 江,2016,336.2,2184.144,4720.6,129.27,22.47446,2259,58,9108.4004,14.9,36000230.0,254.4424,270.62428,308.65625,0.3722399674032863
127,11,浙 江,2017,207.6,2191.419,5455.1,134.18,27.277996,2355,56,9360.0,12.7,43404222.0,290.05539,366.39869,322.66206,0.3850588742663136
128,11,浙 江,2018,149.2,2192.8418,5971.0,144.83,29.6778,2331,53,11495.4,11.9,52006148.0,330.16888,372.00777,421.07038,0.4138378017272802
129,11,浙 江,2019,184.0,2193.9316,6284.4,149.34,32.075639,2560,48,15487.2,11.7,61098865.0,362.40394,404.64764,439.15565,0.4418874221952611
130,11,浙 江,2020,167.5,2204.1246,6031.5,132.96,34.360511,2846,48,16501.6,12.2,70376518.0,382.07224,439.25345,429.97946,0.4484323352110131
131,11,浙 江,2021,130.8,2224.9082,6237.8,135.47,36.490177,3266,47,19896.0,11.9,76362433.0,415.93075,468.56488,434.61002,0.4678426965156376
132,11,浙 江,2022,128.3,2245.6918,6458.7,137.2,39.880275,3686,44,23290.4,11.6,82348348.0,449.78926,497.87632,439.24058,0.4899065574438566
133,12,安 徽,2011,2.6,561.7479,1003.0,55.35,3.5938615,354,64,1259.02,2.0333333,222274.25,20.2,55.58,34.66,0.07661910995376837
134,12,安 徽,2012,11.9,555.29865,1063.8,60.5,4.3333333,412,64,1512.55,4.8,752331.8,66.06,138.06,122.31,0.1184518550836783
135,12,安 徽,2013,21.2,554.9176,1124.6,65.65,5.0728051,529,64,2406.1001,4.7,995708.8,106.51,190.86,224.45,0.1534602560550679
136,12,安 徽,2014,35.6,557.7402,1175.7,69.31,5.8329764,559,64,3485.5,8.9,1453246.7,156.56,173.84,272.22,0.1825587516268113
137,12,安 徽,2015,48.9,558.62265,2211.5,68.17,6.9443255,673,65,4366.1001,12.3,2055823.9,171.65,189.78,381.23,0.2249647594679223
138,12,安 徽,2016,74.5,557.8696,2527.3,70.1,9.7080657,787,67,4862.3999,12.7,2600306.0,194.89492,229.95423,338.53799,0.2372385391602312
139,12,安 徽,2017,72.2,558.86265,2872.2,78.09,12.845111,936,67,5250.7002,11.5,3411237.9,234.70174,309.54702,324.47577,0.2560651393247957
140,12,安 徽,2018,90.5,559.2255,3374.0,87.54,15.42541,949,62,6967.6001,11.8,4560507.2,273.40668,309.62053,393.78539,0.2840596981304226
141,12,安 徽,2019,151.4,559.50345,3481.3,91.8,16.077802,1020,60,7800.8999,14.4,6697673.4,301.14702,341.53291,406.10952,0.3100840389425216
142,12,安 徽,2020,154.8,562.1029,3543.7,98.74,16.925767,1077,57,9015.5,13.3,7844816.4,323.74512,366.14547,408.38344,0.3184089620270569
143,12,安 徽,2021,133.4,567.40315,3889.0,101.3,18.028551,1306,55,11109.1,12.5,8725342.2,364.42756,399.87704,423.61655,0.3346675349034153
144,12,安 徽,2022,98.4,572.7034,4242.2,104.12,19.271727,1535,45,13202.699,11.7,9605868.0,405.10999,433.60861,438.84966,0.3438581105100247
145,13,福 建,2011,97.1,660.87985,1440.2,103.58,3.9983526,505,63,1513.14,3.4,5992099.5,63.28,68.51,44.5,0.1257636389276607
146,13,福 建,2012,81.6,647.84845,1439.8,108.8,4.6943987,514,60,1967.6899,4.95,10057925.0,112.74,140.25,126.79,0.1592625070719494
147,13,福 建,2013,66.1,647.40385,1439.4,114.02,5.3904448,582,57,2420.3,5.8,10140097.0,157.43,194.12,247.85,0.1940841170706909
148,13,福 建,2014,90.2,650.6969,1618.7,112.37,6.0790774,598,54,2867.8,7.7,15154824.0,204.22,164.85,265.76,0.2093685739952717
149,13,福 建,2015,200.6,652.8482,2335.3,108.2,6.8525535,654,52,3145.5,10.2,18271747.0,226.6,198.23,392.01,0.2593009400022184
150,13,福 建,2016,509.6,655.9194,2482.3,107.36,8.4481054,693,49,3277.2,12.2,21578985.0,240.46559,245.12451,306.70088,0.2896459515995831
151,13,福 建,2017,882.5,657.087,2861.8,109.82,10.466227,724,47,3916.1001,10.9,24965223.0,275.40142,334.32949,314.46884,0.3465891270613995
152,13,福 建,2018,736.4,657.5136,3245.0,115.54,12.749588,778,44,4479.1001,10.8,28900454.0,312.31336,334.29599,407.75843,0.35978219168364
153,13,福 建,2019,695.1,657.8404,3232.1,118.81,12.823723,851,40,6203.0,11.2,29718718.0,340.65226,363.72825,420.24756,0.3676501518287693
154,13,福 建,2020,324.9,664.3034,3370.0,114.09,12.758649,924,40,6849.3999,11.9,22749004.0,359.21184,401.80337,409.81767,0.3341967833499316
155,13,福 建,2021,433.1,670.56735,3546.6,115.22,13.866557,934,39,8689.5996,11.8,24805576.0,394.01076,436.06007,417.37853,0.3601837392734896
156,13,福 建,2022,405.0,676.8313,3726.2,116.87,14.40299,944,34,10529.799,11.7,26862147.0,428.80968,470.31678,424.9394,0.369150386313942
157,14,江 西,2011,5.8,594.7919,570.0,52.53,2.795686,281,50,241.48,1.9066667,440004.65,13.97,54.82,36.21,0.05933274693763584
158,14,江 西,2012,7.7,585.0468,719.3,57.3,2.8316357,349,54,548.59998,3.23,546686.5,59.82,132.68,123.92,0.09938693021366073
159,14,江 西,2013,9.6,584.64535,868.6,62.07,2.8675854,401,58,1177.4,3.2,650214.7,99.81,183.73,230.78,0.1361655845286041
160,14,江 西,2014,18.0,584.29925,975.1,64.69,3.4991013,461,62,1407.9,5.2,761232.5,148.73,167.19,280.18,0.1613999490282917
161,14,江 西,2015,35.6,585.54425,1693.2,66.37,3.5536249,546,60,2565.2,9.4,863578.4,170.86,182.48,379.14,0.2012661336473344
162,14,江 西,2016,38.5,584.9178,2055.6,68.39,4.0952666,623,53,2945.7,7.3,870066.7,188.78821,222.7358,341.08334,0.1967292292035299
163,14,江 西,2017,33.2,585.95905,1985.9,74.62,9.2318754,778,53,3811.7,7.7,1066180.0,228.52017,305.91837,324.38193,0.2173349724067816
164,14,江 西,2018,77.1,586.33945,2032.7,87.0,10.622528,865,51,3866.8,8.3,1529390.9,266.46324,296.51788,394.00023,0.2452620553831368
165,14,江 西,2019,156.7,586.6309,2369.5,89.09,11.261234,1017,49,4337.6001,9.1,1819566.2,294.32199,319.18302,400.96866,0.2672269112413243
166,14,江 西,2020,130.7,589.35635,2532.9,94.04,12.862193,1160,49,4879.3999,10.2,2157844.8,316.135,353.23218,398.51598,0.2800885078435004
167,14,江 西,2021,57.3,592.13498,2642.3,99.54,14.012582,1399,48,5667.7998,10.6,2184199.4,353.62483,384.47462,411.09172,0.2909517328288336
168,14,江 西,2022,48.2,594.9136,2705.3,103.68,14.377531,1638,39,6456.1997,11.0,2210554.0,391.11466,415.71705,423.66745,0.3010507996151317
169,15,山 东,2011,0.0,1619.1557,1752.8,71.78,3.0937302,917,41,4292.5098,2.08,10059870.0,33.67,47.16,39.01,0.09927286461441859
170,15,山 东,2012,46.9,1629.5371,2144.9,78.7,4.1165294,1003,45,5993.6499,3.11,17339359.0,80.15,127.53,117.68,0.1507443326310552
171,15,山 东,2013,432.4,1631.722,2537.0,85.62,5.1393287,1118,49,7639.1001,4.6,22640508.0,122.01,189.07,228.32,0.2397974063819052
172,15,山 东,2014,304.2,1646.6616,2949.1,88.5,6.3293224,1134,53,8689.7002,5.4,30886774.0,169.89,161.19,259.08,0.2507401986816082
173,15,山 东,2015,199.3,1652.3116,4003.4,92.3,8.6871438,1206,54,9702.4004,6.6,37199486.0,192.11,178.15,392.16,0.286382444682708
174,15,山 东,2016,172.1,1656.7036,4680.0,96.46,11.188094,1259,54,16239.3,9.9,42610828.0,209.7965,217.81073,334.57746,0.3083851815208449
175,15,山 东,2017,119.6,1656.2657,5596.9,99.38,13.278024,1237,53,22185.1,9.0,42331438.0,247.18803,290.92458,319.9176,0.3274660806953653
176,15,山 东,2018,151.7,1657.341,6312.3,105.2,14.819506,1161,53,26026.5,13.5,49493473.0,281.99038,287.85202,388.4758,0.3734718932348247
177,15,山 东,2019,177.3,1658.1647,6915.2,107.1,15.289424,882,52,20842.199,12.5,54943384.0,309.97144,318.53834,400.83573,0.3797021060143264
178,15,山 东,2020,182.0,1665.8686,6756.8,107.43,16.659278,816,50,21449.6,12.6,59118829.0,331.65569,343.48735,409.00203,0.3882023476131231
179,15,山 东,2021,193.4,1681.5766,7037.0,110.6,17.410386,951,47,26261.1,14.8,77675723.0,367.59003,381.02082,423.32786,0.4241026533810829
180,15,山 东,2022,173.1,1697.2846,7438.5,115.13,18.581868,1086,44,31072.6,17.0,96232618.0,403.52438,418.55429,437.65369,0.4584029368594857
181,16,河 南,2011,8.8,892.1878,1124.4,46.71,2.5724551,264,47,985.76001,1.12,1145502.5,13.54,38.11,59.81,0.06362884814243637
182,16,河 南,2012,22.8,882.5282,1435.7,61.6,3.7982036,322,48,2054.8601,2.14,1571969.5,61.93,98.07,129.37,0.1042963111375766
183,16,河 南,2013,36.8,881.9226,1747.0,76.49,5.0239521,356,49,2693.3999,2.8,1932503.3,105.06,155.23,240.42,0.1493465248774232
184,16,河 南,2014,63.3,886.4086,2016.4,81.74,6.1502994,420,50,4187.5,4.0,2339218.1,157.52,132.24,259.31,0.1713785836193749
185,16,河 南,2015,103.2,888.412,3241.9,79.51,7.3742515,503,49,5199.0,5.5,2785437.3,181.5,151.05,382.73,0.2152476769964836
186,16,河 南,2016,117.7,889.2103,4345.8,82.76,10.410778,552,45,5731.7002,6.8,2963542.7,200.64554,199.21636,340.79645,0.2296479835591789
187,16,河 南,2017,123.2,890.7932,4475.8,89.48,10.485629,596,47,6160.1001,6.3,3066830.9,241.44923,279.56038,328.09234,0.2474825491086559
188,16,河 南,2018,207.5,891.3716,4780.8,97.39,10.591018,546,48,7404.1001,6.8,3364308.6,278.45583,275.74456,389.26534,0.2797758439622806
189,16,河 南,2019,313.5,891.8146,4752.8,102.09,10.545509,518,45,6722.3999,7.0,3521291.8,309.34333,301.85216,401.16197,0.2984955480969158
190,16,河 南,2020,273.0,895.9579,4934.5,101.16,10.567665,502,43,6926.2998,7.5,4045999.0,331.16452,321.20961,408.31617,0.3017114460964296
191,16,河 南,2021,130.1,904.4063,5631.0,104.75,12.032934,549,40,8611.9004,7.1,4524669.9,366.97194,362.19913,420.96478,0.3058205315832893
192,16,河 南,2022,94.2,912.8547,6228.6,107.81,14.228623,596,36,10297.501,6.7,5003340.8,402.77935,403.18865,433.61339,0.3197239821129558
193,17,湖 北,2011,10.4,793.05585,893.8,82.04,2.232383,257,46,1295.58,0.8,2151951.3,35.17,53.56,30.18,0.07378134395793655
194,17,湖 北,2012,15.7,799.8945,1023.5,79.1,2.8918774,326,50,1981.04,2.5,3680894.7,82.06,125.84,121.0,0.1137688683912961
195,17,湖 北,2013,21.0,802.64865,1153.2,76.16,3.5513717,408,54,2789.1001,3.4,7094477.7,123.74,197.04,241.51,0.1571592293508655
196,17,湖 北,2014,35.5,803.4115,1266.1,79.21,4.0736955,439,58,3620.8999,5.5,8511963.4,176.61,175.7,261.07,0.1794854620947729
197,17,湖 北,2015,133.2,807.64725,2061.1,77.42,5.0043034,501,59,3527.3999,8.8,10152365.0,199.53,189.08,385.07,0.2302503432512814
198,17,湖 北,2016,102.0,808.06565,2594.7,79.59,6.5825713,579,60,4196.2002,11.3,13305111.0,215.55038,233.4124,331.83273,0.2403610999613603
199,17,湖 北,2017,79.0,809.5041,2605.5,84.62,7.6460463,613,62,6166.8999,9.0,15311988.0,253.62883,317.58061,331.09507,0.2552140158526047
200,17,湖 北,2018,106.2,813.4189,2961.3,94.13,8.5675094,654,60,5877.2998,9.1,17914892.0,292.55797,322.4434,402.99147,0.2829580258011319
201,17,湖 北,2019,206.3,813.8232,3062.3,95.97,9.5798817,709,59,7808.8999,9.7,20652300.0,320.7884,348.53286,414.8915,0.3092456600787712
202,17,湖 北,2020,180.4,817.6042,3221.4,98.37,10.654653,765,59,8025.6001,11.1,19277593.0,336.54082,369.57965,411.72862,0.3169353384407837
203,17,湖 北,2021,85.9,825.3137,3667.8,100.7,11.749866,822,58,9622.5,10.8,21326164.0,374.32109,408.73658,419.3837,0.325186801979741
204,17,湖 北,2022,67.0,833.0232,4066.2,103.63,12.515896,879,51,11219.4,10.5,23374736.0,412.10136,447.8935,427.03878,0.3363832965465903
205,18,湖 南,2011,10.6,793.05585,920.8,60.9,2.2318225,353,42,1307.2,1.4533333,1895700.2,15.33,60.73,39.02,0.06460508997208017
206,18,湖 南,2012,14.3,796.58915,1070.2,64.6,2.9877243,452,47,1836.38,3.19,2363509.3,63.39,132.38,123.56,0.1066869717072783
207,18,湖 南,2013,18.0,796.0425,1219.6,68.3,3.7436261,510,52,2057.6001,4.0,2556575.6,103.46,175.0,244.25,0.1474302731614801
208,18,湖 南,2014,32.5,796.77175,1498.3,70.15,4.4159585,510,57,2954.8,6.2,3017374.9,150.42,153.46,247.99,0.1672600993849323
209,18,湖 南,2015,58.6,797.55165,1931.8,69.17,5.0816808,563,58,3120.0,8.1,3492193.8,170.07,174.47,384.24,0.20731098050335
210,18,湖 南,2016,137.2,801.3036,2395.3,73.2,6.0684608,625,57,3194.2,10.9,3960107.4,186.13273,219.802,318.07384,0.2234600940579523
211,18,湖 南,2017,112.4,779.02065,2436.0,82.85,8.9612842,711,54,3844.8999,9.1,4548845.4,223.47261,297.69872,318.96355,0.2361603249212633
212,18,湖 南,2018,122.3,799.8619,2821.1,91.36,9.4504249,836,51,5708.7998,10.3,4925764.0,258.06869,286.55153,382.19319,0.2627811424493211
213,18,湖 南,2019,250.1,800.25945,2997.9,96.09,9.5873466,936,47,5753.1001,10.0,6106519.5,282.27961,311.81156,403.46324,0.2866642115133283
214,18,湖 南,2020,184.8,803.97745,3242.4,101.13,10.118036,1099,47,7006.0,10.9,9418727.5,302.28083,347.44362,402.30223,0.2975630846155921
215,18,湖 南,2021,99.4,811.55845,3513.0,104.84,11.106232,1220,49,8550.7002,11.0,11207962.0,338.7869,377.36246,412.98757,0.3090320215256969
216,18,湖 南,2022,74.8,819.13945,3728.0,108.73,13.302328,1341,46,10095.4,11.1,12997197.0,375.29297,407.28131,423.6729,0.3235158384043991
217,19,广 东,2011,207.8,3172.2234,2991.0,99.24,5.0556483,4363,59,4954.8198,7.1266667,30534879.0,63.41,80.97,68.66,0.2435095599860677
218,19,广 东,2012,281.6,3176.4406,3158.1,118.7,5.86867,4719,59,10388.88,7.87,41528727.0,111.37,149.38,138.31,0.3043843771447373
219,19,广 东,2013,355.4,3177.5638,3325.2,138.16,6.6816917,4949,59,17969.9,7.7,49063790.0,153.33,208.44,245.61,0.367743392185058
220,19,广 东,2014,390.5,3187.087,3597.7,139.35,7.4869226,5434,63,21615.9,8.9,60186904.0,199.63,175.04,255.98,0.3998765641808606
221,19,广 东,2015,497.1,3200.3022,4765.5,133.47,9.1580412,5593,67,23891.6,11.5,71051485.0,225.52,195.87,373.79,0.4621979054538027
222,19,广 东,2016,556.6,3222.1196,6515.6,130.46,11.695604,5827,67,30449.801,11.6,82233915.0,240.07306,236.49918,295.06519,0.4905744516829156
223,19,广 东,2017,397.9,3227.8552,6482.3,132.48,13.402337,6279,66,37095.898,9.7,96812075.0,275.9134,328.16611,304.92047,0.5081259538040339
224,19,广 东,2018,449.0,3229.951,8149.1,148.27,14.406789,7199,64,44934.5,9.8,106900000.0,312.44172,329.92984,399.85891,0.576648383708584
225,19,广 东,2019,611.8,3234.9472,8538.0,143.5,16.245409,8220,60,52070.699,10.8,118700000.0,339.98361,364.49815,421.66133,0.6318867535074905
226,19,广 东,2020,534.7,3249.9766,8653.2,123.3,17.937674,9056,59,52413.102,11.3,136300000.0,356.94132,404.35315,409.06217,0.6402372176023101
227,19,广 东,2021,496.7,3280.622,9333.7,128.25,19.385086,10030,57,58634.301,11.3,157400000.0,386.37133,438.12735,415.7068,0.6799192987022913
228,19,广 东,2022,543.8,3311.2674,9892.2,131.56,20.866249,11004,55,64855.5,11.3,178400000.0,415.80134,471.90156,422.35142,0.7267935242868178
229,20,广 西,2011,4.8,462.6159,717.2,62.0,1.5850168,110,52,605.89001,1.2066667,596082.4,19.98,44.06,61.33,0.0641234551201047
230,20,广 西,2012,7.0,466.05425,848.0,62.1,1.8564815,126,49,731.64001,3.18,592223.9,66.47,104.58,137.25,0.09427061028990216
231,20,广 西,2013,9.2,465.7344,978.8,62.2,2.1279461,137,46,794.90002,3.7,754923.9,106.97,153.84,232.82,0.1221525950112497
232,20,广 西,2014,26.4,464.7835,1126.2,74.75,2.3367003,129,41,1094.8,6.4,756625.6,154.29,139.98,252.66,0.1415270939486936
233,20,广 西,2015,37.6,467.76235,1530.9,74.96,2.7478956,141,16,1561.7,8.4,747206.9,176.33,153.46,406.94,0.1635068667477678
234,20,广 西,2016,52.2,466.58185,2094.9,78.01,3.743266,159,15,1608.7,11.0,729215.1,193.51431,202.20666,360.14633,0.1759968385003609
235,20,广 西,2017,52.9,467.4124,2216.4,89.77,4.6022727,167,21,1626.7,8.9,813490.0,232.73412,279.51585,326.44316,0.1899088607059702
236,20,广 西,2018,52.7,467.71585,2760.1,102.42,5.6409933,178,24,1984.0,8.9,1524849.5,270.40576,272.49418,381.92865,0.2163519176256535
237,20,广 西,2019,125.3,467.94835,3023.0,103.38,7.4010943,211,25,2941.8,9.5,4073776.3,295.25635,292.47776,390.01068,0.2391002970422585
238,20,广 西,2020,112.1,470.1224,3356.2,106.39,9.2853535,257,27,3339.5,10.1,5463848.1,311.98498,313.24149,390.40675,0.2517009891202185
239,20,广 西,2021,66.3,474.55535,3579.2,109.42,10.229377,310,28,3946.6001,9.8,6957219.0,342.81041,351.83907,401.7132,0.2629552990810542
240,20,广 西,2022,54.1,478.9883,3836.1,115.02,10.962706,363,26,4553.7002,9.5,8450589.9,373.63584,390.43665,413.01965,0.2765023092966686
241,21,海 南,2011,0.0,165.21996,139.2,80.93,1.8587571,5,62,141.02,0.58666667,26906.0,30.96,57.74,71.63,0.0726578122179692
242,21,海 南,2012,4.3,158.65676,168.9,88.4,2.4152542,7,66,294.69,4.84,161838.4,79.51,120.72,147.98,0.1164914197790451
243,21,海 南,2013,13.6,158.54789,198.6,95.87,2.9717514,9,70,247.3,4.8,157957.7,121.75,173.37,251.39,0.1530195043118544
244,21,海 南,2014,19.6,159.35435,223.9,100.44,3.3870056,6,74,562.79999,11.2,170294.0,170.99,153.8,255.03,0.1798518340002183
245,21,海 南,2015,26.7,161.52945,398.4,98.16,4.3135593,6,70,839.90002,15.8,427822.5,192.26,184.91,438.59,0.2274647806323053
246,21,海 南,2016,14.7,158.90831,522.9,102.75,5.6553672,5,69,789.29999,18.4,767042.4,210.0909,220.34755,322.83464,0.2219064771257621
247,21,海 南,2017,38.6,159.19118,571.6,108.83,6.5932203,4,69,823.90002,14.8,1036893.8,253.39078,297.53471,309.33501,0.2315222783143612
248,21,海 南,2018,28.4,159.29454,726.1,116.16,7.2118644,3,60,974.0,13.0,2532700.9,294.40335,300.23339,377.54138,0.2424403626571305
249,21,海 南,2019,64.2,159.3737,794.1,120.21,8.0564972,3,52,1125.6,12.9,2860219.3,319.41358,314.45692,385.58468,0.2493396934000386
250,21,海 南,2020,41.8,160.11415,852.3,112.61,9.1242938,3,45,1263.3,13.9,1193306.0,335.86572,337.24332,383.4585,0.2462316597847337
251,21,海 南,2021,17.5,161.62393,1096.0,113.56,10.20904,4,42,1610.5,13.8,1042951.5,368.4758,377.11911,394.88059,0.2553321251515314
252,21,海 南,2022,14.6,163.1337,1044.7,114.19,11.017345,5,35,1957.7,13.7,892597.0,401.08588,416.9949,406.30268,0.2613710908033491
253,22,重 庆,2011,7.8,561.7479,518.8,61.64,3.7245146,99,43,792.37,1.96,2692027.9,40.38,47.46,36.77,0.06086258815253555
254,22,重 庆,2012,10.9,565.2147,648.8,70.9,4.5182039,135,45,1002.93,1.96,4224058.4,85.39,116.14,119.05,0.0968781075861099
255,22,重 庆,2013,14.0,564.82685,778.8,80.16,5.3118932,187,47,1213.5,3.5,5469408.2,125.27,178.2,240.74,0.1417852087656077
256,22,重 庆,2014,22.8,564.38,963.4,86.58,6.5364078,234,49,2786.5,5.8,7062363.4,175.57,157.88,263.63,0.1663843614184233
257,22,重 庆,2015,33.5,565.35305,1349.4,90.76,7.9417476,312,47,3402.7,8.5,8533469.2,197.46,171.58,393.65,0.2065605843792934
258,22,重 庆,2016,52.8,568.0127,1643.6,94.48,9.9150485,452,49,4439.1001,11.6,10249597.0,214.02793,211.53556,340.09861,0.2233668664652635
259,22,重 庆,2017,43.8,569.0238,1935.2,106.49,11.294903,540,49,4773.7998,10.7,12129036.0,249.5037,301.206,319.5743,0.2413885962027169
260,22,重 庆,2018,46.7,569.39325,2245.7,117.7,12.856796,523,49,5811.5,11.6,13929501.0,285.10858,285.59569,384.73928,0.2678569062300922
261,22,重 庆,2019,81.2,569.67625,2318.2,117.75,14.584951,535,47,6482.7002,12.4,17145664.0,311.03136,310.36435,400.62172,0.2849975219628181
262,22,重 庆,2020,86.6,572.32295,2368.8,113.56,15.678398,561,47,7958.7002,13.7,20110616.0,329.38573,343.90583,397.12492,0.2973562453984622
263,22,重 庆,2021,54.5,577.7196,2612.1,116.77,17.175971,600,47,9574.7002,13.6,24814166.0,362.23481,373.5705,408.89899,0.3124238898234951
264,22,重 庆,2022,38.0,583.11625,2668.9,123.3,18.186978,639,44,11190.7,13.5,29517716.0,395.08389,403.23517,420.67305,0.3265929150962276
265,23,四 川,2011,18.2,925.2318,856.9,59.1,1.2308642,352,49,246.23,2.16,10536802.0,29.02,58.56,43.5,0.07680207242809561
266,23,四 川,2012,26.1,928.8031,1316.3,68.3,1.7199588,399,52,920.28998,2.16,13164807.0,74.36,126.5,137.31,0.1191822619658689
267,23,四 川,2013,34.0,931.4688,1775.7,77.5,2.2090535,416,55,1646.9,3.8,16003086.0,114.03,176.71,238.82,0.1638709019502915
268,23,四 川,2014,67.1,932.8869,2200.4,81.18,2.7635802,401,58,2683.5,6.3,18955652.0,162.58,159.82,236.39,0.1872651987999229
269,23,四 川,2015,104.4,935.5247,3117.9,82.87,3.3271605,450,58,2810.3999,10.2,21259096.0,182.08,176.54,396.51,0.2409519357644079
270,23,四 川,2016,138.1,936.5447,3709.6,88.29,3.9034979,517,59,3610.0,13.9,24230870.0,196.99883,216.54434,335.3756,0.259519557068649
271,23,四 川,2017,118.4,938.2119,4702.8,92.67,5.1565844,624,58,5711.7002,11.7,27822349.0,231.86744,301.53543,325.14289,0.2787969724134093
272,23,四 川,2018,144.6,938.821,5400.5,108.72,5.7117284,711,54,6683.1001,11.5,31726385.0,266.14787,295.8344,384.51377,0.307700559120959
273,23,四 川,2019,217.0,939.2876,5864.0,112.76,6.8489712,811,58,9056.7998,11.8,36914223.0,291.21647,319.5331,398.22859,0.3393103604896197
274,23,四 川,2020,219.0,943.6515,6284.7,109.05,7.2746914,866,49,10306.6,12.6,42481632.0,310.76282,344.86248,396.04577,0.3463290024789279
275,23,四 川,2021,126.2,952.5496,6708.5,111.55,7.7119342,981,48,12839.1,12.6,43411283.0,342.96436,375.60046,410.001,0.3557308706592921
276,23,四 川,2022,140.2,961.4477,6434.0,114.92,9.0382901,1096,43,15371.6,12.6,44340934.0,375.16591,406.33844,423.95624,0.3693603013468272
277,24,贵 州,2011,2.3,132.17598,439.4,57.77,1.0510783,24,33,582.79999,1.23,410733.95,3.06,27.51,52.92,0.03542127496350703
278,24,贵 州,2012,3.3,145.43536,466.8,66.9,1.9409762,24,38,825.63,1.23,608302.0,49.87,89.92,136.21,0.07171891656434995
279,24,贵 州,2013,4.3,145.33556,494.2,76.03,2.830874,34,43,989.90002,3.0,707286.0,89.59,125.46,217.93,0.1078193153889843
280,24,贵 州,2014,8.6,146.07483,580.6,82.25,2.6180477,35,48,1297.3,4.9,885739.2,139.9,114.08,276.9,0.1357621890180933
281,24,贵 州,2015,13.6,148.06866,875.8,83.34,3.7287174,60,42,1504.2,8.9,1102422.1,160.98,132.74,410.01,0.1727126610372661
282,24,贵 州,2016,18.8,148.76523,1113.9,86.71,4.4960272,131,45,2363.7,12.4,1278329.0,180.70381,182.69588,353.02865,0.1876972781152993
283,24,贵 州,2017,25.5,149.03004,1325.6,97.36,4.9160045,236,45,1950.5,10.4,1297262.1,227.77143,258.44167,316.99019,0.1987887387490264
284,24,贵 州,2018,39.8,149.1268,1535.4,109.46,6.0,280,44,2228.3999,9.7,1767338.7,267.38878,241.33466,373.01006,0.2190857274121125
285,24,贵 州,2019,119.9,149.20091,1759.9,111.78,6.5317821,277,42,2027.6,9.4,2123360.3,292.65602,245.66169,383.30444,0.233458928233158
286,24,贵 州,2020,110.1,149.8941,1744.5,106.15,6.9835414,234,41,2400.3999,10.6,2678304.9,313.24493,258.19959,380.80804,0.2367036853315641
287,24,贵 州,2021,230.3,151.30751,2045.1,110.85,7.6396141,204,41,2640.3999,10.7,4080426.4,345.73416,302.40186,394.28857,0.2658038123399136
288,24,贵 州,2022,181.2,152.72093,2386.4,115.35,9.7863224,174,31,2880.3999,10.8,5482547.9,378.2234,346.60414,407.7691,0.2714494414811405
289,25,云 南,2011,3.8,330.43993,590.5,52.54,1.1053032,14,44,1762.34,1.29,602090.0,7.47,48.39,39.81,0.04747504562539066
290,25,云 南,2012,6.1,327.22958,663.7,62.5,1.235727,18,46,2396.8501,1.29,546873.0,52.78,111.96,138.91,0.08467375086598106
291,25,云 南,2013,8.4,327.00503,736.9,72.46,1.3661507,22,48,1685.7,3.1,552840.7,95.59,153.55,249.15,0.1234987413582723
292,25,云 南,2014,11.2,328.66835,741.3,79.52,1.496067,18,50,2863.3,5.5,469826.0,147.22,144.3,255.54,0.1428006832079243
293,25,云 南,2015,17.0,329.78928,1151.1,78.87,2.0180157,22,51,3259.8,9.3,442406.7,167.96,158.79,403.67,0.1862044819920619
294,25,云 南,2016,27.5,331.34073,1674.4,82.65,2.3197158,32,48,1866.7,13.2,502951.2,185.37427,203.16698,348.64506,0.195542114541817
295,25,云 南,2017,23.3,331.93055,1661.8,88.08,2.7619893,49,48,2150.6001,11.2,776748.8,223.53584,282.85476,316.08469,0.2019176827091882
296,25,云 南,2018,46.6,332.14605,1962.6,96.47,3.8667851,70,43,2310.3999,10.4,911126.1,262.28533,278.83613,376.05959,0.2204949343473178
297,25,云 南,2019,99.0,332.31113,2091.1,100.1,5.0822126,78,40,2895.8,10.5,1023819.1,284.42975,291.12068,388.74441,0.2345257440559808
298,25,云 南,2020,89.9,333.85505,2218.0,104.92,5.6384166,91,38,3682.5,11.6,1075530.6,302.46052,309.45295,387.78484,0.2434770417100593
299,25,云 南,2021,42.6,333.56428,2431.9,107.58,6.0170008,107,37,3921.1001,11.5,879149.6,335.34324,342.00177,394.17077,0.2500648007030559
300,25,云 南,2022,34.1,333.2735,2655.4,109.36,6.61915,123,31,4159.7002,11.4,682768.6,368.22596,374.55059,400.55669,0.2567672811513083
301,26,陕 西,2011,9.4,561.7479,666.3,81.08,1.114786,127,46,290.35001,0.87,2650824.5,37.81,29.74,71.74,0.07077557453399434
302,26,陕 西,2012,11.3,548.68795,803.6,87.2,1.8127432,155,51,629.67999,0.87,4907957.9,83.62,98.61,145.88,0.106611814077968
303,26,陕 西,2013,13.2,548.31145,940.9,93.32,2.5107004,159,56,845.79999,2.7,6883101.7,123.6,145.94,234.55,0.1456912549824826
304,26,陕 西,2014,20.2,547.78055,1070.4,95.55,2.8720817,147,61,1297.3,5.3,8864383.3,173.25,139.0,269.0,0.171739976295037
305,26,陕 西,2015,32.5,548.5271,1539.3,94.04,3.4450389,177,59,1417.0,8.4,11397369.0,194.92,157.95,391.85,0.2093536206213772
306,26,陕 西,2016,43.1,551.10755,2083.1,100.02,4.3574903,191,56,1745.9,12.2,13001964.0,211.17383,202.87342,337.59596,0.2230573113822719
307,26,陕 西,2017,39.6,552.08855,1993.2,110.04,5.2855058,226,55,2028.1,11.0,15935959.0,246.482,276.00044,317.46734,0.2346577107591918
308,26,陕 西,2018,53.0,552.447,2239.6,121.33,5.911965,238,52,2635.0,10.9,19948948.0,281.05187,277.14882,379.31095,0.2583617012626839
309,26,陕 西,2019,107.4,552.7216,2322.7,119.72,7.4518482,277,48,3015.5,11.0,28693155.0,308.21106,309.14431,396.36416,0.2771731353377307
310,26,陕 西,2020,98.7,555.2895,2576.5,116.11,8.2456226,321,47,3137.7,11.6,28322895.0,329.53202,331.7302,402.1099,0.2846934930876958
311,26,陕 西,2021,59.3,560.52555,2943.8,120.83,8.7339494,360,48,4862.2002,11.9,31487603.0,364.11747,371.21794,412.67183,0.301996986058382
312,26,陕 西,2022,42.7,565.7616,3007.8,122.2,9.3113521,399,43,6586.7004,12.2,34652311.0,398.70292,410.70568,423.23375,0.3138986611502159
313,27,甘 肃,2011,1.9,165.21996,401.3,61.07,0.49072552,13,38,199.84,1.3066667,148560.6,4.99,12.76,75.61,0.04209499347766446
314,27,甘 肃,2012,2.4,158.65676,430.8,68.8,0.70274712,14,43,373.32999,2.73,204434.2,54.72,68.98,160.79,0.08038275050135352
315,27,甘 肃,2013,2.9,158.54789,460.3,76.53,0.91476872,23,48,352.60001,3.0,245034.4,96.77,114.2,258.6,0.115702278795678
316,27,甘 肃,2014,4.8,159.35435,473.2,79.46,1.0108007,23,53,730.59998,5.0,272311.4,148.1,107.29,293.6,0.1386366757760865
317,27,甘 肃,2015,13.7,161.52945,820.5,80.99,1.1312515,25,54,874.90002,8.0,356781.6,169.67,125.25,434.64,0.179612466496188
318,27,甘 肃,2016,11.1,162.28934,946.0,84.44,1.4045551,23,55,701.29999,10.5,414210.4,189.28459,172.65633,310.23806,0.1748924972890792
319,27,甘 肃,2017,11.7,159.19118,1099.9,96.22,1.7043907,23,52,1190.4,6.8,457531.4,227.38429,240.38536,304.10031,0.1821814246029492
320,27,甘 肃,2018,25.4,159.29454,1128.0,103.74,1.9417704,23,49,1291.2,7.5,522834.9,261.28963,227.51507,356.53897,0.1988027380988909
321,27,甘 肃,2019,34.3,159.3737,1405.7,103.92,2.0845269,22,43,1341.9,7.9,609110.3,287.31136,251.74195,363.15688,0.2057352172145435
322,27,甘 肃,2020,42.7,160.11415,1460.6,106.87,2.2042733,26,43,1359.6,8.8,640317.4,308.86961,265.34604,367.35591,0.2156444595360519
323,27,甘 肃,2021,14.6,161.62393,1622.6,110.23,2.4479925,29,45,1647.5,9.3,462383.1,344.35953,308.63606,389.70698,0.231874542098943
324,27,甘 肃,2022,10.3,163.1337,1754.3,111.73,2.6092604,32,37,1935.4,9.8,284448.8,379.84944,351.92608,412.05804,0.2421216860472148
325,28,青 海,2011,1.3,66.087988,93.4,95.32,0.11449536,4,40,248.46001,0.76,1085.75,1.96,6.76,93.42,0.05411358064892878
326,28,青 海,2012,1.2,59.496281,105.6,94.6,0.13290876,7,45,241.06,0.76,2680.7,47.12,51.85,126.3,0.074404473862659
327,28,青 海,2013,1.1,59.455456,117.8,93.88,0.15132217,10,50,59.099998,2.3,8952.2,88.18,113.42,224.82,0.1105288758359487
328,28,青 海,2014,1.6,59.757881,134.2,93.24,0.17555033,13,55,109.8,4.0,12387.1,139.24,108.4,236.23,0.1268926883351836
329,28,青 海,2015,2.6,60.573544,208.1,87.88,0.20240897,14,57,734.70001,8.2,12142.1,159.59,136.5,419.14,0.1746899297092563
330,28,青 海,2016,4.6,60.8585,262.2,90.95,0.24878859,19,58,891.09998,10.8,11541.0,177.73138,182.26476,308.10551,0.1722845379427022
331,28,青 海,2017,2.0,60.966838,310.5,102.09,0.29129171,20,56,286.60001,9.1,8744.0,215.67457,251.09327,301.42247,0.1820894571669506
332,28,青 海,2018,3.0,61.006419,355.4,113.79,0.39969542,24,51,337.10001,9.0,14105.7,251.68949,235.31285,351.43303,0.1952301335901179
333,28,青 海,2019,3.9,61.036738,382.3,110.73,0.4498131,26,44,429.79999,9.3,21542.9,272.8973,252.74556,369.18717,0.1978959745803629
334,28,青 海,2020,4.5,61.320313,412.8,111.31,0.5195902,20,43,399.0,10.3,47592.8,292.06279,264.66681,379.5815,0.2057275528282747
335,28,青 海,2021,2.3,61.898525,438.3,114.56,0.51225253,16,43,941.0,12.7,24852.3,325.51649,300.32632,398.06957,0.2250498525525662
336,28,青 海,2022,2.3,62.476738,460.0,118.38,0.58136093,12,37,1483.0,15.1,2111.8,358.9702,335.98584,416.55764,0.2403980743107892
337,29,宁 夏,2011,1.4,66.087988,93.9,89.13,0.89759036,7,53,83.470001,1.8466667,46876.65,32.27,23.16,42.96,0.06172782508240665
338,29,宁 夏,2012,1.5,79.328381,122.1,92.5,1.0060241,12,54,110.41,3.86,64244.6,76.78,90.34,115.46,0.09494925723725892
339,29,宁 夏,2013,1.6,79.273944,150.3,95.87,1.1144578,12,55,118.4,3.7,79315.2,115.08,129.02,222.32,0.1246842088180188
340,29,宁 夏,2014,2.3,79.677175,180.3,104.04,1.3388554,8,56,211.8,6.8,94388.0,167.18,114.28,251.55,0.147228244982973
341,29,宁 夏,2015,3.8,80.764725,200.8,95.32,1.7424699,12,55,191.0,9.9,114051.1,190.35,134.87,440.18,0.1885331239065369
342,29,宁 夏,2016,4.3,94.668781,307.1,106.15,2.4307229,11,53,286.89999,11.2,132037.0,205.91726,179.61918,293.1151,0.1779489258772104
343,29,宁 夏,2017,3.3,94.8373,415.0,116.16,2.9909639,14,52,434.70001,8.4,155507.6,242.41591,252.20762,305.23971,0.1908473112259313
344,29,宁 夏,2018,7.2,94.898875,498.2,128.04,3.3599398,16,50,484.70001,8.5,185752.3,274.25171,225.27478,355.13928,0.2056603213456288
345,29,宁 夏,2019,8.2,94.946038,520.0,119.24,3.6174699,22,44,415.29999,8.6,239325.5,299.04352,241.54768,362.3495,0.2048754657081822
346,29,宁 夏,2020,7.7,95.387156,550.0,116.51,4.0572289,23,45,429.29999,8.9,275981.4,320.45104,262.72249,361.51641,0.2109200062775121
347,29,宁 夏,2021,4.7,96.2866,596.6,119.46,4.4246988,28,45,553.29999,9.3,396551.9,355.27699,305.28978,382.40246,0.2266413892159497
348,29,宁 夏,2022,4.4,97.186044,663.7,122.38,4.7318072,33,39,677.29999,9.7,517122.4,390.10295,347.85708,403.28851,0.2382708503407622
349,30,新 疆,2011,2.3,198.26396,467.6,87.76,0.1854766,4,43,149.69,1.36,373557.25,12.92,23.6,38.92,0.05310618337364165
350,30,新 疆,2012,3.2,204.93165,548.1,91.0,0.22265602,5,42,308.59,2.57,352603.8,60.88,85.14,148.76,0.0895482362698271
351,30,新 疆,2013,4.1,204.79103,628.6,94.24,0.25983543,1,41,238.2,2.4,496519.9,101.44,146.39,276.48,0.1243140711713186
352,30,新 疆,2014,5.7,205.8327,734.3,90.38,0.31671572,5,40,761.79999,4.3,497827.2,151.28,134.87,256.91,0.1306955185212695
353,30,新 疆,2015,8.7,205.277,1023.8,85.96,0.37918193,10,37,1273.4,6.0,454613.0,172.01,148.6,419.4,0.1657882934096677
354,30,新 疆,2016,13.4,202.86168,1323.9,88.91,0.46327107,17,34,598.79999,6.2,733526.8,190.32377,190.11057,303.30625,0.1542935311444339
355,30,新 疆,2017,8.2,203.22279,1407.4,92.13,0.53174365,19,31,897.09998,5.2,545279.8,228.81909,249.09897,313.56165,0.1649589034371608
356,30,新 疆,2018,8.0,203.35473,1678.6,108.73,0.83272269,21,31,1431.8,5.1,764310.4,267.35117,232.93691,357.36997,0.185263711185515
357,30,新 疆,2019,15.9,203.4558,1819.0,108.79,0.71740044,20,26,1483.7,5.7,762993.9,293.48322,256.30881,366.30078,0.1924516000753456
358,30,新 疆,2020,13.2,204.40105,1943.8,110.11,0.84233287,22,24,1454.0,6.2,623685.1,310.21763,273.85391,364.88245,0.1972559771806853
359,30,新 疆,2021,11.7,206.32843,2251.6,114.54,0.92522073,38,26,1789.2,6.0,730761.2,345.92393,313.19149,379.9932,0.2145298670670722
360,30,新 疆,2022,8.4,208.2558,2350.9,111.04,0.949627,54,21,2124.3999,5.8,837837.3,381.63023,352.52906,395.10395,0.2218767738166187
